Time,Duration,SrcDevice,DstDevice,Protocol,SrcPort,DstPort,SrcPackets,DstPackets,SrcBytes,DstBytes
1720001344,10540,Comp679356,Comp654763,6,Port62917,443,4636,9480,3782976,6948840
1720001472,13711,Comp860515,Comp364557,6,Port4526,22,3276,10249,4258800,14338351
1720002766,8949,Comp827253,Comp852902,17,Port57236,123,9818,9732,14383370,10014228
1720003196,17464,Comp324834,Comp424132,6,Port44731,445,2735,7504,3374990,2161152
1720003233,4868,Comp679356,Comp499855,6,Port49322,443,10188,4709,7610436,3333972
1720003978,10043,Comp246872,Comp547568,6,Port19224,443,202,4034,32926,2315516
1720004008,118,Comp606940,Comp723487,6,Port62253,443,4835,4362,5835845,6220212
1720004304,14992,Comp131751,Comp852902,6,Port17371,443,3220,7288,4153800,3862640
1720004306,10224,Comp966362,Comp130485,6,Port33499,80,5373,9641,3916917,7211468
1720005984,3167,Comp584383,Comp852902,6,Port3397,445,9252,4405,7845696,4612035
1720007829,14717,Comp847313,Comp207492,6,Port58294,80,11482,6956,14708442,10044464
1720007977,17806,Comp314473,Comp387691,6,Port46475,143,8735,4966,2026520,4156542
1720008161,1234,Comp127895,Comp385395,6,Port11527,110,6037,7292,7401362,9311884
1720008164,15223,Comp405733,Comp362609,6,Port43737,587,6149,9825,4845412,2063250
1720008413,13256,Comp293600,Comp328683,6,Port12817,995,11916,4943,12404556,6623620
1720010387,6380,Comp293600,Comp516294,6,Port29693,445,11898,4762,3783564,1628604
1720011160,11422,Comp562571,Comp912181,6,Port34076,25,9153,2419,8585514,2791526
1720011350,14137,Comp846125,Comp731825,6,Port61102,587,1972,5983,849932,4900077
1720011664,8628,Comp385395,Comp336148,6,Port22474,80,3171,5483,2524116,5055326
1720011971,11996,Comp721407,WebServer,6,Port1850,22,3269,1921,2634814,336175
1720012214,871,Comp439536,Comp329842,6,Port28926,53,2749,11635,3947564,9505795
1720012274,16655,Comp490789,Comp654038,6,Port60797,3389,11611,10315,11819998,1712290
1720012289,16624,Comp606940,Comp946215,17,Port52517,1900,1909,3490,1628377,2949050
1720012590,3785,Comp663497,Comp846141,6,Port4834,53,10234,11332,6406484,7173156
1720012676,8594,Comp130485,Comp147986,17,Port4469,53,9673,3264,5146036,1090176
1720013755,4297,Comp826274,Comp246872,6,Port49848,445,6342,5026,6291264,3804682
1720013855,7193,Comp567603,Comp293600,6,Port47527,993,3683,1569,4891024,553857
1720014074,4955,Comp955337,Comp663497,6,Port36970,110,3190,7344,2791250,1175040
1720014186,12505,Comp100000,Comp827253,6,Port19091,110,8054,3208,4171972,1725904
1720014186,15506,Comp782474,Comp627014,6,Port6715,25,8109,5774,8133327,513886
1720015197,15220,Comp329842,FileServer,6,Port55697,445,6482,3462,5535628,3905136
1720016585,14272,Comp943258,Comp100000,17,Port10020,138,6821,11223,5961554,9887463
1720016744,13090,Comp721407,Comp567603,6,Port14048,80,9912,8245,10258920,1830390
1720016876,3000,Comp923139,Comp588967,17,Port30195,500,9053,1835,4535553,1260645
1720018340,14928,Comp437739,Comp834256,6,Port48436,143,9010,1621,4946490,1441069
1720018959,14095,Comp144583,Comp892394,6,Port54456,53,3364,840,1897296,320040
1720019083,2238,Comp834256,Comp795264,6,Port39207,53,765,2967,500310,715047
1720019458,1580,Comp573916,Comp721407,6,Port32795,25,5503,8857,2564398,3569371
1720019658,13696,Comp802471,Comp679356,17,Port25901,123,4061,742,1319825,101654
1720020356,7023,Comp329480,Comp860515,17,Port3843,68,4019,2991,3094630,1175463
1720020633,5905,Comp127895,Comp952578,17,Port18283,138,6241,497,8038408,407043
1720020666,7138,Comp127895,Comp364557,17,Port14877,67,11104,7794,954944,9430740
1720021059,15615,Comp130485,Comp892394,6,Port4730,53,9643,9769,9749073,12836466
1720021725,6547,Comp235883,Comp606940,6,Port49090,53,8100,6349,9979200,6488678
1720022153,6664,Comp439536,Comp606940,17,Port23821,67,8568,10870,10650024,6076330
1720022243,7187,Comp584383,Comp150536,6,Port33899,445,4965,8261,6375060,11590183
1720022335,978,Comp846125,Comp954988,17,Port13960,68,6593,9166,3316279,12667412
1720022862,675,Comp962233,Comp946215,6,Port39165,445,5205,3764,973335,2115368
1720024001,7459,Comp595110,Comp723487,6,Port9791,443,9700,10381,14482100,570955
1720024475,303,Comp846125,Comp293600,6,Port44745,25,11884,7573,12608924,5096629
1720025702,13622,Comp130485,Comp198162,6,Port48665,587,5219,1039,2927859,747041
1720026186,7639,Comp860515,Comp920919,6,Port21114,25,8651,991,11099233,1018748
1720026417,9017,Comp198162,Comp490789,6,Port14733,53,668,10777,371408,2737358
1720027806,6049,Comp654763,Comp131751,6,Port51353,587,4821,3302,5467014,2757170
1720028342,13745,Comp304009,Comp675254,6,Port15420,143,10446,5592,15063132,2801592
1720028555,7695,Comp803281,Comp922028,6,Port12521,53,8237,9124,9563157,6961612
1720031238,635,Comp257122,Comp207492,6,Port22989,22,6319,9223,6293724,682502
1720031341,8790,Comp664505,Comp131751,6,Port63379,445,2565,324,818235,262764
1720031748,3189,Comp231236,Comp675254,17,Port30870,138,9701,7389,13600802,672399
1720031888,10710,Comp318192,Comp846125,6,Port17969,53,11646,10957,7698006,14079745
1720032321,10145,Comp384614,Comp588967,6,Port34164,110,4705,4198,4465045,4533840
1720035710,8542,Comp439536,Comp147986,6,Port23499,110,9714,6512,9063162,9012608
1720036047,6936,Comp846141,Comp972911,6,Port43895,995,7063,3177,2818137,3161115
1720036122,10728,Comp314473,Comp638936,6,Port29334,993,4769,8654,4387480,12712726
1720036611,12243,Comp721407,WebServer,6,Port38990,80,3973,1417,2423530,487448
1720037413,15814,Comp912181,Comp663497,6,Port29172,443,6036,6233,3319800,299184
1720037772,17326,Comp393198,Comp396858,6,Port32098,3389,4915,4951,6360010,6708605
1720038057,1497,Comp952578,Comp246872,6,Port29870,110,7405,7693,8101070,7716079
1720038864,11877,Comp384614,Comp993209,6,Port26437,25,1769,5929,1333826,6189876
1720040822,1524,Comp362609,Comp562571,6,Port63199,80,5725,11780,383575,5454140
1720040967,7513,Comp827253,Comp627014,6,Port18170,445,8899,11797,9566425,6252410
1720042069,13343,Comp131751,Comp257122,6,Port52983,3389,10140,3409,11326380,3514679
1720042974,9763,Comp144583,Comp593922,6,Port46823,80,3364,447,952012,283845
1720043628,14540,Comp393198,Comp198162,6,Port35084,22,7203,5912,8247435,892712
1720044850,16430,Comp255630,Comp567603,6,Port21506,53,3621,7081,2255883,3306827
1720044901,17529,Comp405733,Comp437739,6,Port32236,110,716118,9020,686041480,18619421
1720045797,12114,Comp114833,Comp424132,6,Port55832,25,4250,6299,5376250,7886348
1720046232,12121,Comp993209,Comp431255,6,Port12761,22,8081,7036,8582022,3813512
1720046295,14457,Comp235883,Comp490789,17,Port38838,53,5186,274,7327818,208514
1720046555,4195,Comp246872,Comp654038,6,Port50366,993,3206,9151,484106,8354863
1720047072,5428,Comp654038,WebServer,6,Port41921,53,6914,3956,3546882,937572
1720047790,6143,Comp995267,DNS,6,Port10323,443,7487,4612,943362,4100068
1720048266,13398,Comp147986,Comp922028,17,Port33847,68,8193,5075,2384163,1695050
1720048870,6322,Comp393198,Comp556450,6,Port12830,587,9495,859,5554575,1135598
1720049336,2510,Comp827253,Comp100000,6,Port60927,3389,8108,5931,599992,2805363
1720050606,14375,Comp393198,Comp328683,17,Port23715,67,10216,4574,6313488,2213816
1720051234,13496,Comp405733,Comp966362,6,Port28221,80,5084,2801,1143900,1759028
1720053208,10695,Comp834256,Comp943258,6,Port56343,3389,6104,2950,1251320,1669700
1720053296,15868,Comp846141,Comp187068,6,Port28568,22,5783,409,7286580,370145
1720054181,14253,Comp593707,Comp396858,6,Port13535,3389,6938,10652,7812188,11663940
1720054815,16204,Comp405733,Comp424132,6,Port58634,25,1684,3526,1187220,5102122
1720054836,4676,Comp675254,Comp235883,6,Port42827,25,10250,10494,8897000,14019984
1720056018,2099,Comp579118,Comp100000,6,Port40047,25,6258,10036,2909970,4235192
1720056307,6148,Comp795264,Comp802471,6,Port5900,25,6641,5489,4974109,5055369
1720056586,14938,Comp207492,Comp654038,6,Port29999,143,10524,9694,12334128,5031186
1720056863,16644,Comp384614,Comp954988,17,Port30655,123,5578,2535,4467978,3082560
1720057319,1979,Comp477748,Comp595110,6,Port17935,587,5525,2169,6618950,160506
1720057628,15399,Comp584383,Comp328683,6,Port37438,22,6782,10788,5066154,16095696
1720057720,8611,Comp579118,Comp304009,6,Port16832,80,11256,7755,6393408,4521165
1720058869,14723,Comp431255,Comp293600,6,Port31405,25,3042,8270,4094532,9320290
1720059107,12285,Comp678020,Comp385395,6,Port52726,25,1870,11083,2533850,11360075
1720059979,1081,Comp437739,Comp952578,6,Port48458,587,1295,167,483035,96025
1720060205,8716,Comp584383,Comp920919,6,Port19052,445,8843,2065,6331588,2985990
1720060483,1602,Comp547568,Comp714275,6,Port14412,53,129,11540,150543,4962200
1720061195,6119,Comp846125,Comp477748,17,Port1394,53,8496,1544,3576816,1729280
1720061348,13636,Comp393198,Comp920919,6,Port23316,3389,10612,5382,12023396,7507890
1720061395,12309,Comp663497,Comp556450,6,Port2279,443,8178,265,11064834,56180
1720061576,12683,Comp431255,Comp387691,6,Port9296,53,2047,3909,786048,5386602
1720061605,11896,Comp654038,Comp118871,6,Port64142,3389,7954,2068,2091902,2769052
1720062121,265,Comp852902,Comp846141,6,Port56224,443,5314,3069,7540566,1822986
1720062131,10492,Comp246872,Comp131751,6,Port37140,80,268,9767,400392,12345488
1720063376,8730,Comp922028,Comp588967,17,Port50991,137,2372,3309,3066996,162141
1720064341,9512,Comp309437,Comp714633,6,Port32571,443,548169,9767,480744764,15862145
1720064435,3830,Comp431255,Comp898521,17,Port39815,500,6732,10738,1104048,12219844
1720064827,12703,Comp794320,Comp955337,17,Port60238,161,5996,6485,8250496,9104940
1720065062,10936,Comp573916,Comp257122,6,Port6095,53,9315,6462,3073950,1441026
1720065157,7255,Comp782474,Comp349447,17,Port23712,1900,6290,4002,1893290,4330164
1720065331,1019,Comp952578,Comp336148,6,Port8703,110,11619,8000,12629853,1520000
1720066217,1238,Comp562571,FileServer,6,Port52310,993,611,9681,371488,11442942
1720068293,6462,Comp198162,Comp517345,6,Port54090,995,3436,10358,4487416,13962584
1720068435,9674,Comp714275,Comp923139,6,Port47589,993,2261,2340,2970954,1661400
1720068772,17944,Comp675254,Comp147986,6,Port40307,3389,4966,8234,6033690,1539758
1720068875,13022,Comp852902,Comp584383,17,Port31802,138,10932,1678,13796184,557096
1720068889,8737,Comp744581,Comp224037,6,Port2540,22,4912,5882,4111344,4587960
1720069940,5385,Comp723487,Comp437739,6,Port50997,443,3787,1070,4968544,1290420
1720070456,3035,Comp972911,Comp257122,6,Port58697,143,1015,6600,1396640,5266800
1720072629,2534,Comp638936,Comp714633,6,Port63328,587,4727,10215,2122423,7528455
1720075166,1294,Comp852902,Comp558739,6,Port23077,53,2746,9804,1812360,8980464
1720075810,16413,Comp664505,Comp679356,6,Port13965,587,2271,8578,2137011,12455256
1720076742,286,Comp846125,Comp588967,17,Port43214,138,1606,6930,2078164,8260560
1720077271,15547,Comp794320,Comp328683,6,Port2153,587,7586,7495,4612288,1971185
1720077331,10503,Comp477748,Comp966362,6,Port4911,143,8506,1197,3564014,390222
1720077901,11132,Comp458510,Comp293600,6,Port54017,110,8888,8729,4515104,4870782
1720078035,17255,Comp721407,Comp349447,6,Port62751,53,643,8178,776101,3557430
1720078153,14159,Comp952578,Comp235883,17,Port27060,161,11055,1721,8832945,1915473
1720078178,2649,Comp385395,Comp517345,6,Port33783,22,6085,7588,2507020,11290944
1720079879,17438,Comp231236,Comp431255,6,Port36144,53,6745,4617,7304835,4039875
1720080074,3170,Comp714633,Comp131751,6,Port9958,143,10529,6111,10560587,8182629
1720080489,10247,Comp593707,Comp150536,17,Port15375,500,3308,9769,2636476,6564768
1720080532,11532,Comp884824,Comp278057,6,Port20276,3389,6040,3865,5701760,4035060
1720081086,4396,Comp122535,Comp954988,6,Port55329,110,852,11001,320352,11705064
1720081587,11345,Comp668118,Comp187068,6,Port29288,443,5908,5002,1807848,2340936
1720082359,11498,Comp579118,Comp144583,6,Port47550,80,3194,6157,3890292,6834270
1720082713,17637,Comp802471,Comp127895,6,Port13568,53,2189,346,2259048,284066
1720083056,16462,Comp562571,Comp118871,6,Port62527,445,7420,1464,10885140,1291248
1720083330,7195,Comp860515,Comp328683,6,Port58016,143,1561,3380,2201010,1379040
1720083770,12422,Comp721407,Comp231236,17,Port31683,68,11689,11742,6651041,5929710
1720083925,14777,Comp228954,Comp558739,6,Port15576,995,2790,3118,1994850,4028456
1720084479,473,Comp663497,Comp309437,17,Port64024,138,951,4740,1216329,4469820
1720085043,12327,Comp920919,Comp304009,6,Port53157,110,5360,10248,235840,2357040
1720086398,16508,Comp846141,Comp499855,6,Port33980,443,4661,3827,6063961,3199372
1720088593,2165,Comp122535,FileServer,6,Port18284,445,7894,9755,2241896,9198965
1720089924,13566,Comp675254,Comp782474,6,Port41113,25,8007,1439,3362940,1732556
1720090301,1087,Comp573916,Comp923139,6,Port24917,993,7106,1598,5279758,2053430
1720091022,7233,Comp567603,Comp141961,6,Port44513,80,6895,151,7370755,150094
1720091101,14750,Comp493273,Comp458510,6,Port54727,22,9325,1498,5184700,86884
1720091160,17774,Comp668118,Comp954988,6,Port32620,443,7820,7244,11026200,5541660
1720091176,13100,Comp393198,Comp794320,6,Port4131,995,1674,1089,1978668,371349
1720091448,12990,Comp111156,Comp516294,17,Port37330,161,5559,7349,6226080,492383
1720092880,4665,Comp920919,Comp405733,6,Port56417,80,8253,7189,9631251,9978332
1720092904,14858,Comp744581,BackupServer,6,Port15429,110,3205,2810,266015,795230
1720093049,11860,Comp147986,Comp723487,6,Port62916,445,10364,446,12861724,177508
1720093467,16977,Comp385395,Comp918279,6,Port24400,53,5793,1943,5341146,1031733
1720093733,10852,Comp336148,Comp846141,6,Port45157,993,3856,1717,1199216,1234523
1720094084,713,Comp349447,Comp920919,6,Port46310,80,4579,6336,5384904,5816448
1720094427,9197,Comp579118,Comp846141,6,Port12770,53,7430,11171,1441420,5507303
1720094728,13939,Comp654763,Comp654038,6,Port3539,25,8511,5224,8017362,6247904
1720095828,14183,Comp912181,Comp356695,6,Port62231,587,3069,7604,2673099,2053080
1720096122,6954,Comp405733,Comp579118,6,Port46209,22,2060,3643,166860,5249563
1720096266,3079,Comp127895,Comp846141,17,Port41750,1900,1100,1101,645700,1419189
1720096555,15643,Comp349447,Comp385395,6,Port20621,3389,366061,2618,402667598,5828299
1720096583,14817,Comp431255,Comp349447,6,Port7997,25,11126,5750,15821172,638250
1720096973,15820,Comp922028,WebServer,6,Port18560,25,11508,10311,13924680,11383344
1720097843,12071,Comp795264,Comp588967,6,Port36358,3389,6717,2982,10035198,3184776
1720099900,14915,Comp654038,Comp293600,6,Port45762,25,6381,11805,4798512,11179335
1720100166,7250,Comp246872,Comp946215,6,Port21606,110,6040,7665,3134760,3441585
1720100443,14025,Comp679356,Comp122535,6,Port14890,995,2847,4266,4093986,2849688
1720101034,8789,Comp231236,Comp490789,6,Port17120,25,4991,7468,2430617,4824328
1720101527,14297,Comp405733,Comp118871,6,Port63064,445,11230,8377,7243350,7790610
1720102445,2634,Comp364557,Comp490789,17,Port41700,1900,7393,8231,1737355,4304813
1720102540,5338,Comp675254,Comp111156,6,Port64934,143,2930,10386,3630270,6480864
1720103926,3859,Comp946215,Comp431255,6,Port1428,3389,1052,7943,225128,10842195
1720104072,7318,Comp384614,Comp966362,6,Port30576,445,9014,323,820274,226746
1720104337,14661,Comp834256,Comp714633,6,Port30531,80,10835,4527,13608760,4105989
1720104714,2071,Comp678020,Comp847313,6,Port26920,3389,1315,10896,1666105,14927520
1720105352,13149,Comp834256,Mail,17,Port26285,161,4504,2485,5792144,3526215
1720105485,14950,Comp130485,Comp803281,6,Port6122,25,10225,5989,13231150,5168507
1720106134,12080,Comp549343,Comp668118,6,Port3099,110,3039,6002,747594,2562854
1720106477,11628,Comp493273,Comp150536,6,Port51228,53,2167,6680,1230856,1242480
1720106862,2492,Comp962233,Comp314473,6,Port29442,445,4730,10427,5472610,13502965
1720107863,11029,Comp324834,Comp207492,6,Port11521,995,4730,6478,2322430,5208312
1720107996,4076,Comp246872,Comp431255,17,Port23444,1900,5777,6,6793752,5196
1720108751,4430,Comp150536,Comp714633,6,Port61216,993,11587,2915,15851016,4171365
1720109761,15506,Comp922028,Comp579118,6,Port31195,995,11669,7572,16838367,4406904
1720109772,11071,Comp336148,Comp187068,6,Port64929,3389,6953,9386,8169775,1745796
1720110051,17881,Comp228954,Comp892394,6,Port11442,445,904,7760,1087512,7938480
1720110294,8182,Comp224037,Comp293600,6,Port8920,80,3168,8788,2892384,12804116
1720111877,6440,Comp574773,Comp678020,6,Port37396,25,2169,2889,331857,832032
1720111910,17914,Comp314473,Comp384614,6,Port45086,3389,8,1149,5416,1701669
1720112023,11205,Comp517345,Comp328683,6,Port64329,110,4593,11381,6572583,9434849
1720112620,15535,Comp100000,Comp884824,6,Port31086,110,82,6753,112422,5794074
1720112687,801,Comp884824,Comp993209,17,Port13937,53,6892,8861,2674096,12768701
1720113539,9468,Comp304009,Comp458510,6,Port35934,587,192078,11484,251430573,15238242
1720113887,14705,Comp675254,Comp606940,6,Port20826,993,8697,2190,4244136,2470320
1720114491,14552,Comp714633,Comp827253,6,Port12608,995,6322,10453,4096656,543556
1720114501,12870,Comp679356,Comp993209,6,Port6727,995,11409,4395,11260683,4482900
1720115730,2961,Comp385395,Comp362609,6,Port47699,53,5819,7510,4451535,465620
1720116082,9843,Comp255630,Comp993209,6,Port42490,53,1879,4640,1732438,213440
1720116287,1826,Comp943258,Comp547568,6,Port11772,53,11062,2384,2024346,1444704
1720116329,14435,Comp231236,Comp922028,6,Port37078,445,3707,10553,1753411,6162952
1720116408,11352,Comp714633,Comp130485,6,Port58136,443,9169,4166,11213687,4928378
1720116415,3489,Comp477748,Comp923139,6,Port53800,995,9393,297,8866992,398277
1720116937,13082,Comp318192,Comp946215,17,Port30310,1900,11096,1804,14069728,2552660
1720117088,12948,Comp794320,Comp847313,6,Port4719,993,7682,11537,11131218,10960150
1720118289,955,Comp678020,Comp588967,6,Port41980,22,6141,9863,3432819,2613695
1720118828,1606,Comp549343,Comp257122,6,Port34325,587,4619,7974,1963075,8125506
1720118862,3618,Comp122535,Comp627014,6,Port60490,443,5360,9344,2637120,7026688
1720119136,1262,Comp393198,Comp898521,6,Port36720,3389,9364,7783,8193500,6319796
1720120052,9671,Comp100000,Comp885616,6,Port48629,110,6793,10924,2771544,8433328
1720121211,15838,Comp795264,Comp834256,17,Port35114,68,590,1195,359310,1588155
1720122472,1131,Comp795264,FileServer,6,Port35915,110,4466,760,1308538,452200
1720122789,11061,Comp257122,Comp995267,6,Port21502,25,10969,8338,6614307,12065086
1720122793,7633,Comp558739,Comp349447,6,Port27001,110,2530,11576,3600190,9584928
1720123155,15053,Comp658094,Comp731825,6,Port20115,80,5667,6975,3728886,7281900
1720125131,8677,Comp329480,Comp144583,6,Port30837,995,10040,11597,11525920,16119830
1720125891,12036,Comp517345,Comp314473,6,Port62408,53,3485,4811,2327980,5912719
1720126226,16592,Comp892394,Comp198162,6,Port23066,25,8166,8092,5487552,5502560
1720126913,2451,Comp198162,Comp314473,6,Port30909,443,9421,6108,9430421,2064504
1720127199,5682,Comp517345,Comp803281,6,Port62064,443,3908,10580,781600,2549780
1720127312,4855,Comp723487,Comp952578,6,Port10779,443,10748,7766,5997384,4434386
1720127666,3036,Comp278057,Comp943990,6,Port17336,25,5355,5261,1301265,5318871
1720128198,11662,Comp923139,Comp714275,6,Port32839,143,3553,2936,1172490,3537880
1720128827,136,Comp803281,Comp692997,6,Port27431,3389,2706,3760,2911656,319600
1720129876,6948,Comp846141,Comp329480,6,Port23031,25,3200,897,940800,640458
1720129978,2189,Comp588967,Comp255630,6,Port51228,993,6754,1852,2269344,2615024
1720130584,11074,Comp336148,Comp499855,6,Port33207,25,2704,6106,2368704,7571440
1720130947,13515,Comp714633,Comp477748,6,Port24528,53,4300,378,2352100,533736
1720130989,8403,Comp558739,Comp362609,6,Port31923,995,8530,5655,1868070,8126235
1720131760,8009,Comp885616,Comp664505,6,Port58221,80,611703,503,835586732,16220191
1720131833,8096,Comp852902,Comp606940,17,Port64500,68,8147,1943,11299889,2009062
1720131882,3577,Comp228954,Comp846125,17,Port16705,67,6340,8298,5629920,7003512
1720132047,6760,Comp885616,Comp847313,6,Port3616,445,8354,346,6733324,254656
1720132089,16794,Comp678020,FileServer,6,Port3046,110,4941,4038,6028020,4861752
1720132836,741,Comp318192,Comp678020,6,Port29757,143,3251,2284,4749711,3206736
1720133278,14175,Comp114833,Comp499855,6,Port41585,993,8995,648,1718045,465264
1720133360,2966,Comp231236,Comp424132,6,Port4333,443,1621,2498,295022,2465526
1720133897,2059,Comp144583,Comp111156,6,Port33812,443,10861,1346,5669442,994694
1720134062,5141,Comp235883,Comp723487,6,Port26805,993,5143,966,2489212,935088
1720134135,4841,Comp962233,DNS,6,Port61217,143,9809,7983,13212723,11623248
1720134556,5692,Comp458510,Comp356695,6,Port39961,993,1186,1499,927452,1834776
1720134678,15290,Comp431255,Comp795264,6,Port28321,587,5939,11264,7263397,4235264
1720134685,16283,Comp954988,Comp396858,6,Port38869,995,5063,5839,5133882,7619895
1720136276,12464,Comp846141,Comp387691,17,Port9771,67,4277,4895,4687592,3955160
1720136876,2632,Comp898521,Comp336148,6,Port31668,443,6143,10509,8821348,9384537
1720137443,17019,Comp118871,Comp593922,6,Port22296,25,7945,9331,7126665,1931517
1720138365,15254,Comp329842,Comp144583,6,Port12699,25,11303,5045,13258419,3476005
1720140218,1373,Comp118871,Comp584383,6,Port26390,25,9802,11682,4234464,5619042
1720141264,6972,Comp663497,Comp993209,6,Port42246,445,2779,6368,1164401,1069824
1720142391,13957,Comp228954,Comp654763,6,Port38642,80,11743,8499,10498242,10895718
1720142699,1605,Comp493273,Comp744581,17,Port63210,1900,5980,11635,8108880,2652780
1720143104,1376,Comp668118,Comp885616,6,Port18732,445,5487,8676,625518,9422136
1720143260,10908,Comp246872,Comp663497,6,Port46161,110,133,7090,102543,7990430
1720143584,6060,Comp892394,Comp396858,6,Port36525,25,8019,7390,2686365,6894870
1720144032,7949,Comp918279,Comp562571,17,Port57396,1900,10642,7848,14164502,9935568
1720144081,13512,Comp336148,Comp224037,6,Port59603,443,3517,11732,2799532,2416792
1720144387,9807,Comp995267,Comp723487,17,Port46667,123,10408,8413,1051208,530019
1720145015,12798,Comp499855,Comp892394,6,Port28359,80,1050,3597,44100,4611354
1720145900,2269,Comp490789,Comp995267,6,Port35434,53,11602,263,11288746,80741
1720146007,39,Comp584383,Comp923139,17,Port43058,53,3037,9395,1151023,4462625
1720147003,4530,Comp860515,Comp954988,6,Port53014,53,5775,5857,577500,6132279
1720147864,3635,Comp224037,Comp437739,6,Port15790,22,174,4980,45588,4088580
1720147998,5833,Comp803281,Comp827253,17,Port57342,1900,10779,11221,2856435,3736593
1720148345,14014,Comp966362,BackupServer,6,Port52719,143,6113,1865,3325472,708700
1720150194,2736,Comp920919,Comp955337,6,Port6711,993,11648,450,12673024,567000
1720150585,2271,Comp884824,Comp627014,17,Port18420,500,4478,8872,5790054,7097600
1720150617,3614,Comp782474,Comp593922,17,Port16236,68,718,11090,586606,15370740
1720150690,5875,Comp336148,Comp962233,17,Port38428,67,8139,9952,11581797,8558720
1720151037,3551,Comp385395,Comp547568,17,Port14483,67,1957,10452,2338615,10535616
1720151120,3310,Comp584383,Comp114833,6,Port20393,22,7384,10363,2067520,5564931
1720152198,10433,Comp336148,Comp898521,17,Port13228,161,419,8226,466347,682758
1720152535,2007,Comp593922,DNS,6,Port5372,143,2015,11062,759655,8606236
1720153029,2772,Comp714275,Comp396858,6,Port30658,445,7654,4095,11067684,4529070
1720153265,15059,Comp692997,Comp293600,6,Port21646,993,8086,8938,10317736,5648816
1720153458,328,Comp304009,Comp437739,6,Port33571,443,1829,1105,243257,1430975
1720153971,1105,Comp437739,Comp314473,6,Port14702,25,2249,6331,656708,6698198
1720154189,1251,Comp993209,Comp122535,17,Port19498,500,10302,3487,7046568,2716373
1720155064,9649,Comp606940,Comp827253,6,Port58612,587,72,11264,80784,9394176
1720156110,12506,Comp654038,Comp304009,6,Port52957,445,2761,5233,2335806,1941443
1720156272,12468,Comp493273,Comp920919,6,Port18194,445,11642,2514,1909288,3320994
1720156377,12421,Comp384614,Comp579118,6,Port11460,443,6570,6832,6287490,860832
1720156626,1037,Comp606940,Comp723487,6,Port63885,443,324,927,319464,103824
1720156889,6202,Comp668118,Comp588967,6,Port44948,3389,10710,1521,14961870,1800864
1720157145,11402,Comp922028,Comp235883,6,Port32786,445,4101,5179,1751127,403962
1720157154,12277,Comp547568,Comp198162,6,Port46142,445,8583,7570,815385,5927310
1720158445,6013,Comp638936,Comp131751,6,Port15285,110,7650,6986,8675100,2200590
1720158457,15241,Comp396858,Comp966362,6,Port28643,143,4404,664,4690260,686576
1720158493,15003,Comp588967,Comp549343,6,Port26270,587,4445,8159,3547110,1737867
1720158829,13781,Comp995267,Comp731825,6,Port47528,995,6602,691,6932100,294366
1720158944,14358,Comp912181,Comp847313,6,Port12857,993,4575,9785,1377075,7896495
1720159347,17552,Comp228954,Comp884824,6,Port32576,445,2088,469,465624,277179
1720160867,14290,Comp846125,Comp663497,6,Port54806,993,8673,321,5437971,106572
1720161551,10538,Comp122535,Comp439536,6,Port13689,22,8091,6211,10882395,807430
1720163599,7176,Comp658094,Comp147986,6,Port8763,80,7226,9624,5708540,606312
1720164147,6517,Comp803281,Comp827253,6,Port54002,53,8899,9180,8658727,2937600
1720165414,14806,Comp516294,Comp943990,6,Port57377,445,6221,7201,9294174,3254852
1720166220,5326,Comp826274,Comp962233,6,Port28800,993,11140,2142,5358340,460530
1720168342,11340,Comp972911,Comp826274,6,Port3986,25,10635,11435,7880535,8953605
1720168367,9049,Comp387691,Comp795264,17,Port35905,137,11773,246,12255693,327918
1720168899,6816,Comp516294,Comp943258,6,Port20352,143,1298,4174,337480,4516268
1720169854,8114,Comp692997,Comp393198,6,Port38920,3389,1224,9049,766224,4415912
1720171231,1452,Comp207492,DNS,17,Port10048,137,312503,7403,263440871,7612204
1720171277,12770,Comp679356,Comp794320,6,Port52966,995,8310,9485,4013730,11031055
1720172104,1203,Comp714275,Comp731825,6,Port45231,53,2869,9198,1035709,13291110
1720172473,1329,Comp364557,Comp207492,17,Port42648,161,1382,11275,938378,9527375
1720172520,4525,Comp517345,Comp946215,6,Port34074,445,442,6196,585208,2050876
1720172900,9564,Comp884824,Comp952578,17,Port15230,137,6657,9851,4307079,12865406
1720173212,5393,Comp993209,Comp118871,6,Port61622,995,11748,1870,14767236,1477300
1720173607,15844,Comp595110,Comp329842,6,Port18169,22,5575,2088,5725525,173304
1720174067,16695,Comp336148,Comp606940,6,Port24647,22,8808,597,1999416,244173
1720174096,7079,Comp549343,Comp235883,6,Port60779,143,622,2454,854628,2004918
1720174634,17998,Comp356695,Comp803281,17,Port3652,53,2595,1336,2332905,1625912
1720175007,1603,Comp309437,Comp439536,6,Port9094,80,8164,9890,7102680,12698760
1720175030,2586,Comp794320,Comp198162,6,Port50160,445,4829,5938,5099424,1864532
1720175330,6253,Comp993209,Comp654038,6,Port24761,80,318,5330,31800,5836350
1720175432,16969,Comp885616,FileServer,6,Port38408,3389,2713,7675,1104191,11075025
1720176048,9065,Comp187068,DNS,6,Port38475,53,9518,4314,11421600,5202684
1720176266,12718,Comp516294,Comp329842,6,Port54403,445,8218,6846,7839972,7434756
1720176428,11748,Comp679356,Comp393198,6,Port41039,443,9713,42,5905504,50484
1720176839,8975,Comp654038,Comp228954,17,Port28515,500,4206,8554,3007290,7296562
1720177865,16770,Comp144583,Comp898521,6,Port36457,445,11146,10458,10521824,9673650
1720178047,17184,Comp235883,Comp912181,6,Port48645,25,11038,467,8201234,381539
1720178594,8067,Comp782474,Comp309437,6,Port25481,443,568455,966,586077844,14546506
1720179206,12846,Comp721407,Comp329842,6,Port12059,445,503391,1636,298007788,13250909
1720179210,11231,Comp147986,Comp573916,6,Port32396,22,11541,7296,5193450,8565504
1720179432,10686,Comp127895,Comp955337,6,Port65505,53,4198,9133,3660656,639310
1720180508,1828,Comp114833,Comp852902,6,Port8259,80,5954,9875,6251700,6428625
1720180952,3772,Comp852902,Comp795264,17,Port12226,123,11181,9374,12030756,12898624
1720181262,17820,Comp111156,Comp424132,17,Port65220,53,3229,6925,3051405,2735375
1720181961,4400,Comp362609,Comp100000,17,Port54556,500,10616,8427,7431200,10112400
1720182788,11731,Comp579118,Comp187068,17,Port8573,138,1930,3359,1922280,2596507
1720184125,16407,Comp114833,Comp118871,6,Port14728,3389,3518,8945,3852210,2111020
1720184665,10844,Comp995267,Comp293600,6,Port45590,993,4660,2195,2297380,428025
1720184821,3871,Comp127895,Comp664505,17,Port51505,68,5797,11561,4341953,2520298
1720185405,15474,Comp490789,Comp431255,17,Port48372,68,2919,501,3003651,360219
1720185989,582,Comp923139,Comp405733,17,Port56585,138,10604,11330,10678228,5540370
1720186098,13016,Comp477748,Comp795264,6,Port33715,22,7977,5526,6094428,7437996
1720186162,4792,Comp516294,Comp255630,6,Port57577,445,8047,7733,3411928,8923882
1720186236,11525,Comp228954,Comp782474,17,Port39473,137,8781,1917,12012408,475416
1720186266,8650,Comp675254,Comp556450,17,Port31713,123,7647,3832,6347010,2965968
1720186777,10243,Comp318192,Comp803281,6,Port42081,995,7723,10346,6402367,11980668
1720187834,6875,Comp490789,DNS,17,Port28687,161,7927,169,5731221,168155
1720187867,9521,Comp852902,Comp207492,6,Port40143,995,8646,2299,9934254,121847
1720188750,16844,Comp336148,Comp658094,17,Port54813,123,11051,7579,5315531,371371
1720188832,14875,Comp955337,DNS,6,Port62839,443,2359,9650,3321472,8607800
1720190376,7534,Comp744581,Comp385395,17,Port38408,137,6206,5175,806780,7182900
1720191887,16943,Comp679356,Comp714633,6,Port1393,995,2212,1050,128296,118650
1720191957,16003,Comp114833,Comp150536,6,Port41103,3389,2182,1764,1710688,495684
1720191990,11292,Comp396858,Comp723487,6,Port17274,993,11397,10684,14747718,3365460
1720192269,10704,Comp692997,Comp920919,6,Port16253,995,5673,2583,306342,1304415
1720192625,642,Comp118871,Comp885616,6,Port57872,993,8450,6943,8711950,9296677
1720194444,9434,Comp198162,Comp118871,17,Port29806,137,8746,11238,5326314,15980436
1720195310,3828,Comp439536,Comp852902,6,Port52015,3389,381,4507,27051,2194909
1720197881,2884,Comp574773,Comp490789,17,Port24857,53,5906,794,3431386,881340
1720198574,15450,Comp663497,Comp187068,6,Port40172,110,2164,9756,2129376,526824
1720198809,4879,Comp437739,Comp794320,6,Port43945,22,3759,9449,3627435,7426914
1720200714,11078,Comp562571,Comp692997,6,Port58649,587,2259,7812,2889261,7468272
1720201255,15609,Comp362609,Comp517345,6,Port13699,80,7996,10824,11842076,14060376
1720201514,10762,Comp278057,Comp293600,6,Port37229,445,1585,9309,188615,11533851
1720201642,14039,Comp207492,Comp231236,6,Port27199,22,5403,8260,6980676,1065540
1720201754,13951,Comp309437,Comp574773,17,Port30946,68,3669,4001,198126,2572643
1720202456,8054,Comp141961,Comp627014,6,Port55777,445,11553,736,16902039,111136
1720202580,16591,Comp834256,Comp664505,17,Port9786,1900,9456,8711,11054064,461683
1720204102,16362,Comp187068,Comp892394,6,Port36276,445,4226,10150,6034728,2699900
1720205279,6079,Comp150536,BackupServer,6,Port26043,3389,3521,8341,485898,11694082
1720205425,14745,Comp584383,Comp437739,6,Port58829,995,8610,7839,1274280,3339414
1720205923,3295,Comp654763,Comp678020,6,Port14985,143,7579,8619,11201762,9644661
1720207487,2018,Comp803281,Mail,6,Port16024,995,6661,3324,3004111,3573300
1720208078,9540,Comp329842,Comp584383,6,Port6884,3389,867,1403,517599,1832318
1720208875,10907,Comp966362,Comp439536,6,Port29403,25,931,7555,440363,6172435
1720209265,10504,Comp122535,Comp658094,6,Port1721,110,7636,11317,2046448,16556771
1720209613,14379,Comp349447,Comp393198,6,Port33306,587,5637,1638,806091,1084356
1720209885,7037,Comp387691,Comp547568,6,Port15447,443,9954,854,2359098,1015406
1720210351,14550,Comp898521,BackupServer,6,Port26865,25,350,8491,446600,10036362
1720212059,16238,Comp920919,Comp595110,17,Port40065,123,2233,5071,176407,4224143
1720213635,1645,Comp898521,FileServer,6,Port45182,110,9478,10835,12766866,5450005
1720214215,8086,Comp782474,Comp458510,6,Port4974,587,11749,5662,4241389,1534402
1720214436,4043,Comp314473,Comp658094,6,Port10618,443,8814,6260,8135322,1026640
1720215659,11817,Comp892394,Comp664505,6,Port21523,25,154,741,63910,569088
1720215817,7435,Comp547568,Comp918279,6,Port34531,22,607,11425,813380,7072075
1720215829,5069,Comp493273,Comp458510,17,Port58020,68,10539,3970,1032822,1369650
1720218026,4530,Comp356695,Comp549343,6,Port9976,25,5996,5257,6487672,6087606
1720218733,6385,Comp405733,Comp255630,6,Port5402,995,5962,7549,8370648,2091073
1720218879,1961,Comp100000,Comp405733,6,Port41614,80,11538,10290,7880454,7532280
1720219006,1883,Comp141961,Comp387691,6,Port64173,445,2976,9541,2077248,6354306
1720219831,11318,Comp235883,Comp490789,6,Port54584,25,3416,9283,881328,13608878
1720219851,16970,Comp278057,Comp731825,6,Port37501,143,8234,1266,10885348,243072
1720220383,9135,Comp714633,Comp892394,17,Port2314,138,10851,1061,15614589,1367629
1720220456,16692,Comp593922,Comp314473,6,Port38196,445,4390,9975,3353960,10364025
1720222771,2790,Comp499855,Comp803281,6,Port30501,80,1813,10951,1903650,13075494
1720222866,17518,Comp304009,Comp293600,6,Port29857,587,675,7484,773550,8793700
1720222975,10555,Comp692997,Comp884824,17,Port32809,1900,80,10925,44560,12760400
1720223582,13387,Comp846125,Comp638936,6,Port37248,53,4492,3810,202140,2571750
1720223884,1117,Comp385395,Comp130485,6,Port47489,3389,6366,4216,1445082,3743808
1720224756,10873,Comp396858,Comp664505,17,Port13418,53,5872,2040,7921328,1166880
1720224886,6895,Comp437739,Comp826274,6,Port5844,443,2871,9521,3462426,12900955
1720225041,16172,Comp588967,Comp795264,17,Port4341,53,8119,8032,1445182,2963808
1720225442,14265,Comp860515,Comp458510,6,Port27217,110,10550,2695,12765500,2428195
1720227188,15556,Comp731825,Comp387691,6,Port33792,443,2795,11990,3714555,4172520
1720227303,16021,Comp946215,Comp458510,17,Port51696,137,8087,364,6728384,212212
1720227341,12972,Comp556450,Comp972911,6,Port28987,587,6540,9243,4564920,13365378
1720227472,4414,Comp131751,Comp517345,6,Port35353,53,8242,2495,12354758,813370
1720229138,5093,Comp477748,Comp972911,6,Port64034,443,176,9407,231088,12539531
1720230097,15471,Comp588967,Comp324834,6,Port49398,53,8079,5807,4879716,7125189
1720230325,10828,Comp923139,Comp955337,17,Port45596,137,8968,2808,6600448,1611792
1720230503,16051,Comp834256,Comp595110,6,Port24506,443,8147,693,11528005,402633
1720230796,14310,Comp516294,Comp324834,17,Port10842,53,10085,7455,13967725,357840
1720231338,10924,Comp130485,Comp675254,6,Port60380,143,8965,1920,8606400,2292480
1720231762,2745,Comp912181,Comp362609,6,Port36730,143,11818,5397,11652548,5461764
1720232583,17679,Comp100000,Comp972911,6,Port6013,993,8038,11405,8962370,16822375
1720232640,4374,Comp477748,Comp679356,6,Port32137,443,5355,10651,2468655,4952715
1720232815,4431,Comp328683,Comp437739,17,Port6905,137,10011,5926,13795158,3685972
1720232868,2630,Comp516294,Comp803281,6,Port64330,587,8337,8779,3910053,9147718
1720233283,1242,Comp962233,Comp723487,6,Port35117,445,6697,9877,8391341,5303949
1720233404,6751,Comp362609,Comp118871,6,Port51663,587,6943,7278,8588491,3675390
1720233553,15182,Comp567603,Comp658094,6,Port31397,443,4208,2479,1939888,713952
1720234337,15584,Comp923139,Comp714633,17,Port2297,161,7364,9737,8976716,14430234
1720234422,8837,Comp898521,Comp923139,6,Port42212,3389,5602,1062,7316212,779508
1720234748,5664,Comp130485,Comp231236,6,Port43157,3389,1574,6269,1204110,7290847
1720234780,6236,Comp692997,Comp314473,6,Port15800,25,5283,9366,4369041,9309804
1720235082,16540,Comp147986,Comp627014,6,Port47243,53,11398,6847,8924634,6265005
1720235098,995,Comp679356,Comp658094,17,Port15605,161,3990,4186,418950,2076256
1720235687,1035,Comp364557,Comp675254,6,Port45638,3389,8129,4995,6738941,2497500
1720236138,1164,Comp731825,Comp293600,6,Port49350,3389,4986,5517,5100678,4132233
1720237740,15982,Comp364557,Comp918279,6,Port9891,80,3428,8928,2944652,2115936
1720237747,1633,Comp663497,Comp692997,6,Port19846,445,4620,11905,3552780,9809720
1720238132,16947,Comp723487,Comp782474,17,Port11558,1900,11510,9342,8874210,1606824
1720238816,3306,Comp100000,Comp141961,6,Port47943,22,1334,3798,1097882,1674918
1720239485,9870,Comp627014,Comp962233,6,Port16220,53,8014,1334,11187544,1285976
1720240423,17467,Comp437739,Comp834256,6,Port42357,22,9966,5677,6378240,420098
1720240499,2086,Comp387691,Comp846125,17,Port27962,1900,2223,10295,815841,1080975
1720241758,5065,Comp329842,Comp827253,17,Port6399,161,9077,7617,1207241,2696418
1720241888,13096,Comp794320,Comp679356,6,Port57968,53,7640,3861,10016040,4413123
1720242116,14707,Comp802471,Comp654763,6,Port46900,443,4051,1068,1227453,1294416
1720242566,16332,Comp943258,Comp387691,6,Port17902,53,2121,3026,1374408,124066
1720243149,350,Comp567603,Comp187068,6,Port57763,443,11341,8597,12974104,3825665
1720243702,13986,Comp593922,Comp966362,6,Port46752,995,2365,8039,709500,980758
1720243834,5793,Comp235883,Comp477748,6,Port53707,995,11392,5420,4340352,325200
1720244107,10039,Comp834256,Comp207492,17,Port12515,1900,7778,4006,7521326,5668490
1720244389,16311,Comp235883,Comp826274,6,Port1595,53,10280,2100,9827680,1386000
1720244533,16240,Comp144583,Comp654038,6,Port5011,53,3556,11669,1404620,14014469
1720244857,3331,Comp627014,Comp393198,6,Port35842,25,353,5166,293343,5351976
1720245306,8472,Comp606940,Comp384614,6,Port51773,25,7865,9206,8399820,6407376
1720245448,5113,Comp826274,Comp654763,6,Port59945,445,4455,5528,1617165,6290864
1720246314,11067,Comp246872,Comp692997,6,Port63018,445,6603,6830,4536261,2752490
1720246367,14877,Comp606940,Comp954988,17,Port39648,1900,5488,7688,2464112,4951072
1720246381,5723,Comp562571,Comp954988,6,Port41747,25,3858,4269,5447496,2527248
1720246488,2185,Comp490789,Comp328683,17,Port19753,500,8624,11245,5174400,9828130
1720246726,1158,Comp118871,Comp782474,6,Port1098,587,6010,5487,7746890,1903989
1720246756,958,Comp918279,Comp803281,6,Port13574,587,7618,9180,10093850,10355040
1720246867,6596,Comp802471,Comp144583,6,Port4608,143,8066,10996,2290744,13953924
1720247996,17387,Comp943990,Comp663497,17,Port45211,68,602107,4589,810437098,2831174
1720248476,4532,Comp802471,Comp731825,6,Port33480,143,3964,2808,440004,3776760
1720249078,7286,Comp141961,Comp943258,6,Port50779,53,9206,11635,5560424,11332490
1720249845,12150,Comp943258,Comp794320,6,Port10577,443,2635,9430,716720,11353720
1720250931,11842,Comp654038,Comp517345,6,Port59896,995,11381,9489,1217767,9944472
1720251254,4861,Comp912181,Comp147986,6,Port47442,53,9712,11352,8206640,16244712
1720251366,2288,Comp255630,Comp714275,6,Port59453,25,6618,335,6068706,61640
1720251818,2818,Comp424132,Comp396858,6,Port42856,587,2164,11336,1923796,3729544
1720252011,3963,Comp114833,Comp912181,17,Port22911,1900,10848,1399,7040352,913547
1720252265,1551,Comp692997,Comp668118,6,Port41419,3389,6654,1743,7904952,1648878
1720253466,8280,Comp723487,Comp678020,6,Port39981,993,9778,2616,7411724,3497592
1720253584,11624,Comp111156,Comp946215,6,Port12695,110,330,1359,270930,241902
1720253713,12153,Comp923139,Comp714275,6,Port7573,110,4055,1002,2777675,274548
1720253778,16362,Comp664505,Comp943990,17,Port42974,68,3596,1501,1229832,1945296
1720254675,5279,Comp731825,Comp198162,6,Port7117,110,9764,5825,9715180,2865900
1720254756,11786,Comp943258,Comp593922,6,Port7497,995,5574,4470,6967500,286080
1720256169,15923,Comp329480,Comp396858,17,Port5634,1900,1409,4088,681956,4206552
1720256412,511,Comp952578,Comp802471,6,Port41160,53,7382,2061,5285512,2722581
1720256514,14060,Comp257122,Comp658094,6,Port60835,53,1905,11675,2558415,15842975
1720256588,1587,Comp362609,Comp744581,6,Port33087,443,5360,3989,1827760,5133843
1720256708,9928,Comp556450,Comp943258,6,Port10857,445,11908,5672,7799740,714672
1720256901,14953,Comp255630,Comp385395,6,Port34097,587,5214,1706,2257662,402616
1720257014,8266,Comp147986,Comp493273,6,Port32139,80,5144,2545,2767472,3333950
1720258524,10076,Comp336148,Comp490789,6,Port39302,143,483,2811,342930,2954361
1720258762,11152,Comp144583,Comp826274,6,Port28962,25,5527,11648,7665949,4204928
1720258843,10401,Comp424132,Comp847313,17,Port35351,53,11494,2115,666652,1279575
1720259149,13170,Comp100000,Comp130485,6,Port21975,587,11412,6166,6413544,7991136
1720259944,15465,Comp993209,Comp111156,6,Port59482,80,11560,6530,15074240,9115880
1720260225,2429,Comp255630,Comp922028,6,Port35714,80,4342,876,699062,1172088
1720261880,7486,Comp255630,Comp304009,6,Port21073,143,785,4211,611515,2998232
1720262067,15347,Comp995267,Comp547568,6,Port1204,995,2844,970,756504,1136840
1720262289,6865,Comp309437,Comp228954,6,Port44808,445,2536,2099,2170816,220395
1720262293,8809,Comp318192,Comp834256,17,Port25548,53,934,8103,1010588,11246964
1720263533,13359,Comp255630,Comp547568,6,Port17088,22,8512,6821,8231104,2482844
1720264109,16836,Comp714275,Comp224037,17,Port31947,138,6271,5937,5393060,8567091
1720264125,4529,Comp517345,Comp573916,6,Port32320,22,132076,2561,175925949,777743
1720265802,17199,Comp658094,Comp387691,6,Port52846,80,2397,7490,1965540,10411100
1720265967,12775,Comp131751,Comp962233,6,Port36026,143,8352,10855,7800768,8781695
1720266451,553,Comp516294,Comp349447,6,Port46244,53,778,10195,123702,8043855
1720266529,15508,Comp892394,Comp150536,6,Port42768,3389,8657,2078,614647,2134106
1720266726,6921,Comp692997,Comp943990,6,Port55843,995,9757,8176,2722203,5854016
1720266982,5080,Comp943990,Comp972911,6,Port1424,445,3044,2926,2520432,4178328
1720267022,9472,Comp826274,Comp884824,6,Port25299,143,3943,10341,2436774,1995813
1720267710,10372,Comp362609,BackupServer,6,Port47176,993,5226,5675,2999724,5663650
1720268020,9713,Comp349447,Comp744581,6,Port10114,587,6953,8912,4825382,3163760
1720268048,995,Comp349447,Comp493273,6,Port29529,143,6346,6471,9417464,608274
1720269089,14803,Comp943258,Comp437739,6,Port26896,993,1256,8092,739784,8027264
1720269365,6152,Comp834256,Comp943990,6,Port52997,53,4545,11218,3126960,11543322
1720269960,2540,Comp304009,Comp384614,6,Port63152,80,6067,1616,4695858,363600
1720271110,10185,Comp309437,Comp396858,17,Port7883,500,7365,10843,8617050,11938143
1720271124,11205,Comp860515,Comp567603,6,Port14850,25,7582,5793,8416020,8197095
1720271162,1864,Comp516294,Comp127895,6,Port50969,53,7989,1705,11735841,1798775
1720271254,16966,Comp309437,Comp654038,6,Port12297,445,5398,5197,5225264,1928087
1720271690,10811,Comp723487,Comp595110,6,Port33083,995,6030,670,8634960,109210
1720271690,17940,Comp847313,Comp235883,17,Port61945,1900,4050,6488,3774600,1089984
1720272107,12068,Comp224037,Comp692997,6,Port63942,143,3260,5667,2689500,5343981
1720272742,182,Comp150536,Comp231236,17,Port62305,500,3732,4693,3187128,1797419
1720272793,3751,Comp336148,Comp246872,17,Port9694,68,5261,5330,3898401,3096730
1720272880,17506,Comp114833,Comp437739,6,Port10651,445,1313,7445,437229,826395
1720273606,10073,Comp257122,Comp962233,6,Port12379,25,2625,9920,1506750,6775360
1720274104,2200,Comp309437,Comp144583,6,Port50662,993,1389,4709,1280658,1327938
1720274486,1337,Comp122535,Comp246872,6,Port12573,110,4904,202,4531296,134128
1720274615,9665,Comp329480,Comp995267,6,Port28747,110,5948,6691,1611908,6008518
1720274676,10694,Comp885616,Comp654763,6,Port53818,22,1958,11336,2375054,16346512
1720274851,4435,Comp654038,Comp111156,6,Port32777,53,1666,4738,1799280,2188956
1720275121,3508,Comp567603,Comp912181,6,Port61703,22,6309,1471,5085054,747268
1720275839,10915,Comp654038,Comp439536,6,Port33195,587,2682,10821,1877400,13082589
1720276442,7840,Comp150536,Comp329480,6,Port25522,143,10416,5031,8895264,7199361
1720276482,667,Comp431255,Comp141961,17,Port63495,67,1978,4480,1756464,2822400
1720276675,1038,Comp567603,Comp834256,6,Port36315,443,5781,3544,3838584,1927936
1720277999,4290,Comp150536,Comp588967,6,Port12936,3389,9630,8771,12509370,9490222
1720278088,10153,Comp516294,Comp912181,17,Port41954,68,1246,1749,337666,1988613
1720278153,5411,Comp255630,Comp147986,6,Port50895,25,5397,7364,3151848,7908936
1720278388,270,Comp349447,Comp638936,6,Port55115,445,5662,4184,3510440,4075216
1720279264,16481,Comp663497,Comp898521,6,Port1390,995,6631,4626,1226735,1100988
1720279746,12482,Comp111156,Comp329480,6,Port8016,80,10629,2588,1806930,1092136
1720280582,10505,Comp393198,Comp314473,17,Port41576,68,422222,9691,485555457,4487169
1720281428,4397,Comp993209,Comp431255,6,Port48886,445,4526,5442,5295420,3314178
1720281639,12748,Comp558739,Comp678020,6,Port43129,587,4757,11130,2721004,14123970
1720281664,17032,Comp328683,Comp946215,6,Port25721,80,7488,9935,3204864,3636210
1720282555,12168,Comp329480,Comp516294,6,Port49647,80,3581,9125,2266773,9699875
1720282901,5323,Comp847313,Comp606940,6,Port38389,443,8216,5402,8782904,3532908
1720283259,7061,Comp826274,Comp362609,6,Port60759,22,4589,11383,2166008,3357985
1720283444,16724,Comp556450,Comp224037,6,Port24743,80,724,7019,98464,2561935
1720286645,253,Comp584383,Comp962233,6,Port49655,443,6418,5235,4190954,5402520
1720286751,3984,Comp943990,WebServer,6,Port10299,53,3018,4169,2758452,4977786
1720286913,1927,Comp364557,Comp257122,6,Port48256,22,4303,10964,3442400,5712244
1720286997,11542,Comp437739,Comp356695,6,Port48224,3389,3885,3050,1130535,4205950
1720287247,8259,Comp567603,Comp309437,6,Port17396,80,1640,10514,2084440,1282708
1720287696,2398,Comp228954,Comp362609,6,Port5001,995,3470,2743,3338140,2411097
1720287955,16943,Comp654763,Comp364557,6,Port65074,3389,10964,9148,11961724,3412204
1720289103,9931,Comp638936,Comp943258,6,Port5959,587,3842,3385,5524796,4542670
1720289268,4478,Comp393198,Comp424132,17,Port31241,68,8789,10022,6934521,11455146
1720289682,17025,Comp946215,Comp150536,6,Port1096,53,4904,10027,4340040,1253375
1720289901,12570,Comp224037,Comp654038,17,Port27954,67,796,8761,919380,5344210
1720290332,2338,Comp898521,Comp198162,17,Port53985,500,10052,11905,11750788,13428840
1720290486,14878,Comp920919,Comp579118,6,Port33401,443,10868,6147,13878436,5132745
1720290744,1063,Comp943990,Comp127895,6,Port16490,445,2828,10064,3020304,7598320
1720290775,16322,Comp405733,Comp993209,6,Port26445,995,2046,6629,253704,1584331
1720292811,7082,Comp314473,Comp387691,6,Port6981,995,11168,464,6153568,405072
1720293918,5283,Comp309437,Comp114833,6,Port39320,80,1173,5012,1060392,877100
1720294248,963,Comp579118,Comp127895,6,Port1288,443,10666,389,7348874,196445
1720294453,16763,Comp593922,Comp723487,17,Port23578,53,2079,7971,214137,3100719
1720294785,10073,Comp131751,Comp144583,6,Port4939,3389,10400,1829,4472000,1827171
1720294786,10944,Comp678020,Comp714275,6,Port16503,443,11196,3897,5474844,2840913
1720295537,15306,Comp847313,Comp224037,6,Port5374,25,2881,10457,265052,6901620
1720295691,9151,Comp943258,Comp118871,6,Port60890,3389,2656,8875,3062368,11324500
1720295757,5218,Comp439536,Comp972911,6,Port50829,443,1274,4032,752934,2451456
1720296861,14011,Comp356695,Comp328683,6,Port60880,53,9444,6061,11285580,6994394
1720296922,9543,Comp802471,Comp852902,6,Port45090,53,4193,6972,5492830,9314592
1720298562,4297,Comp385395,Comp255630,17,Port33037,53,7716,4238,10262280,1156974
1720298926,15202,Comp364557,Comp235883,6,Port12252,587,7371,8997,10068786,10139619
1720298973,14626,Comp658094,Comp336148,17,Port63094,137,6219,1766,4769973,254304
1720299350,4452,Comp946215,Comp627014,6,Port60215,143,2911,5117,1146934,4994192
1720299905,11699,Comp278057,Comp122535,6,Port27842,25,4387,3066,710694,1131354
1720300300,16576,Comp588967,Comp231236,6,Port15578,995,6009,8149,5708550,3365537
1720300409,14388,Comp224037,Comp794320,6,Port26014,445,1116,7682,251100,9863688
1720300622,3578,Comp304009,Comp721407,17,Port26449,123,4846,9684,1899632,3021408
1720301965,15403,Comp393198,Comp100000,6,Port60175,22,8528,4438,3377088,3519334
1720303532,1015,Comp584383,Comp744581,6,Port5337,3389,5062,2769,2222218,3267420
1720304008,11112,Comp437739,Comp111156,6,Port41854,22,4737,398,2761671,484764
1720304571,9205,Comp558739,Comp141961,6,Port50604,445,10084,10327,5273932,3490526
1720305451,662,Comp920919,Comp499855,6,Port50215,445,6420,3956,5187360,2290524
1720305871,13068,Comp847313,Comp675254,6,Port13487,443,8847,9055,12713139,7787300
1720306469,5360,Comp100000,Comp127895,17,Port27650,500,622,4396,611426,3965192
1720306890,15341,Comp114833,Comp293600,6,Port23090,110,11138,3984,11438726,1107552
1720307096,15804,Comp972911,Comp943990,6,Port27280,443,9311,2811,2579147,2552388
1720307242,10628,Comp385395,Comp329480,6,Port6641,110,9922,9376,2043932,393792
1720307308,11285,Comp309437,Comp654763,6,Port6398,143,8307,3435,2616705,3280425
1720307611,938,Comp362609,Comp692997,17,Port2582,161,6460,3555,8255880,3960270
1720308122,16021,Comp150536,Comp654038,6,Port63390,587,6352,8459,1854784,6141234
1720308173,12268,Comp972911,Comp593707,6,Port27912,25,7494,6215,11061144,2473570
1720308215,6922,Comp573916,Comp293600,6,Port15730,3389,5956,8955,6801752,3483495
1720308326,1544,Comp834256,Comp493273,17,Port52484,53,8754,1242,10942500,1300374
1720309011,9085,Comp714633,Comp328683,6,Port32910,80,4045,11506,1945645,7651490
1720309337,16215,Comp744581,Comp439536,17,Port24541,137,9233,2840,2474444,3964640
1720310191,15526,Comp860515,Comp356695,6,Port8417,80,4109,1417,1162847,2073071
1720310349,1776,Comp892394,Comp972911,17,Port25927,53,5710,1312,7377320,882976
1720311052,13716,Comp141961,Comp387691,6,Port42760,80,822,3740,549918,1634380
1720311326,1473,Comp127895,Comp627014,6,Port41243,143,10804,5082,6882148,6225450
1720311470,6795,Comp954988,WebServer,6,Port26240,993,8240,924,3304240,1014552
1720311637,8049,Comp439536,Comp224037,6,Port40572,993,2996,7470,1677760,2091600
1720312618,408,Comp517345,BackupServer,17,Port50547,138,540,7359,312660,10442421
1720312738,2471,Comp257122,Comp884824,17,Port61039,500,10224,9325,11594016,3095900
1720314544,15846,Comp920919,Comp803281,6,Port35110,587,18,196,22374,169736
1720315614,11329,Comp122535,Comp573916,17,Port15718,1900,5783,1155,4169543,360360
1720315789,14154,Comp309437,Comp493273,6,Port9376,143,372,2464,196044,1857856
1720315794,10285,Comp385395,Comp257122,6,Port11197,53,8321,5257,5816379,5004664
1720316020,8085,Comp207492,Comp324834,6,Port1716,445,2442,7043,720390,1521288
1720316143,328,Comp562571,Comp946215,6,Port37028,22,5125,2421,717500,1011978
1720317039,9832,Comp231236,Comp549343,6,Port14729,993,6842,4304,2593118,4902256
1720318143,13870,Comp606940,Comp385395,6,Port15609,445,4447,6162,333525,8842470
1720318188,3678,Comp714633,Comp324834,6,Port47753,443,8174,6532,735660,8948840
1720318586,8838,Comp147986,Comp228954,6,Port21647,443,6098,6316,2366024,7181292
1720319098,7418,Comp255630,Comp654038,17,Port54473,123,5049,7682,6841395,11300222
1720320506,15677,Comp606940,Comp744581,6,Port9864,143,3867,9067,1198770,2538760
1720320769,2938,Comp431255,Comp385395,6,Port23044,80,4904,10067,5183528,3362378
1720321002,1896,Comp458510,Comp324834,6,Port4351,993,3854,11584,978916,7321088
1720321070,3791,Comp293600,Comp972911,6,Port35597,443,6921,4714,4955436,6519462
1720321215,2812,Comp782474,Comp955337,6,Port9078,53,9174,3938,8495124,4749228
1720321247,15234,Comp884824,Comp493273,6,Port16507,80,7162,3346,6144996,1940680
1720321669,4691,Comp278057,Comp627014,6,Port48471,143,386,4201,465902,264663
1720321866,6525,Comp852902,Comp574773,6,Port57823,995,10140,6465,4157400,6096495
1720323802,4629,Comp898521,Comp923139,17,Port36211,68,9432,7250,10601568,3552500
1720325720,14665,Comp827253,Comp318192,17,Port63291,68,9829,836,6182441,305976
1720326091,11953,Comp405733,Comp147986,6,Port49838,110,599,11985,413310,4218720
1720326660,8530,Comp918279,Comp150536,17,Port49597,138,9882,502,5000292,201804
1720327036,14380,Comp860515,Comp547568,17,Port64929,67,5605,4811,8379475,2429555
1720327319,1274,Comp304009,Comp802471,6,Port6758,53,10130,5426,12591590,5116718
1720328053,12212,Comp385395,Comp235883,6,Port16003,993,9378,4143,6705270,1155897
1720328950,6508,Comp794320,Comp141961,6,Port29223,443,10558,2616,11877750,1954152
1720329016,6827,Comp431255,Comp885616,6,Port40914,53,1464,6366,2014464,8810544
1720329066,2849,Comp477748,Comp336148,6,Port64923,995,6664,86,3025456,124528
1720329769,1748,Comp424132,Comp962233,17,Port7411,161,8741,8920,4510356,11158920
1720329899,12484,Comp127895,Comp663497,6,Port15822,80,7142,8152,8227584,3472752
1720330469,15302,Comp638936,Comp144583,6,Port20260,25,9740,9251,4421960,2340503
1720330679,16405,Comp827253,Comp387691,6,Port44277,80,8726,9793,1544502,12936553
1720330723,4384,Comp834256,Comp556450,6,Port62419,22,429,10650,389961,6698850
1720331203,13735,Comp714275,Comp803281,6,Port61572,110,2388,1774,799980,1263088
1720331572,2002,Comp574773,Comp122535,17,Port49255,138,7614,10020,6822144,6633240
1720331693,14012,Comp972911,Comp490789,6,Port50904,3389,4326,6766,843570,1596776
1720331912,10191,Comp228954,Comp549343,6,Port27831,587,4281,1481,3159378,1618733
1720332070,15513,Comp995267,Comp393198,6,Port40302,995,10951,11807,4238037,4592923
1720332276,1217,Comp516294,Comp318192,6,Port12050,25,1075,9740,871825,3701200
1720332470,13980,Comp328683,Comp122535,6,Port33712,25,6273,3225,2321010,3686175
1720332536,8408,Comp912181,Comp744581,6,Port19903,995,709529,10686,401593769,15964146
1720333060,10234,Comp228954,Comp257122,6,Port60943,445,622,8769,842188,10926174
1720333762,9701,Comp231236,Comp118871,6,Port24733,445,4500,5364,6628500,5739480
1720334106,12857,Comp664505,Comp658094,17,Port26489,161,4867,1945,2516239,188665
1720334445,10782,Comp846125,Mail,6,Port27008,53,5457,8773,5358774,5693677
1720335239,7487,Comp952578,Comp663497,6,Port59166,993,1930,11185,1076940,7136030
1720335249,7836,Comp314473,Comp141961,6,Port61183,995,8738,2312,2516544,1176808
1720335308,1275,Comp328683,Comp714633,17,Port28832,500,4276,5,791060,3805
1720336756,13036,Comp424132,Comp962233,6,Port65259,445,6881,2754,9220540,2106810
1720338077,12700,Comp114833,Comp314473,6,Port49830,587,6540,3536,889440,3313232
1720338908,10206,Comp803281,Comp627014,6,Port55630,995,6774,4549,5134692,6555109
1720339267,12990,Comp349447,Comp235883,6,Port60098,445,6062,11717,2182320,11588113
1720339348,4842,Comp731825,Comp405733,6,Port22475,80,3614,11561,4156100,16196961
1720339584,4027,Comp364557,Comp147986,6,Port36547,53,5886,8048,1389096,10076096
1720339701,16646,Comp860515,Comp923139,6,Port19414,110,6364,2608,5613048,2897488
1720339833,17170,Comp131751,Comp384614,6,Port21014,22,221,2542,120003,1115938
1720339954,15349,Comp972911,Comp257122,6,Port30978,587,8686,979,6948800,864457
1720340316,946,Comp885616,Comp892394,6,Port4313,110,5341,9496,1661051,1927688
1720341508,9878,Comp954988,Comp278057,6,Port14904,587,3513,2650,737730,3678200
1720341683,13247,Comp329842,Comp114833,6,Port53230,22,348,10777,104400,3362424
1720342218,669,Comp847313,Comp954988,6,Port11718,80,3657,7204,3221817,2795152
1720342410,17432,Comp431255,Comp131751,6,Port41151,110,4858,5847,4785130,8226729
1720342705,14167,Comp827253,Comp846141,6,Port50416,25,10040,11151,13654400,2419767
1720342859,5565,Comp803281,Comp439536,6,Port17993,993,7764,1872,10986060,1568736
1720343549,9116,Comp100000,Comp946215,6,Port30591,445,5020,5564,5712760,4885192
1720343954,16424,Comp329480,Comp187068,17,Port57627,1900,1511,3103,87638,1113977
1720345094,15365,Comp198162,Comp517345,17,Port54922,67,3298,2173,3518966,1321184
1720345172,14876,Comp147986,Comp329842,6,Port60394,22,11001,11317,11771070,13433279
1720345831,17712,Comp972911,Comp329842,6,Port41559,995,1534,7263,1642914,7829514
1720346666,13394,Comp100000,Comp349447,6,Port58256,22,7566,1933,7581132,1733901
1720346774,16836,Comp574773,Comp385395,6,Port26729,995,6205,1288,6471815,1074192
1720347564,17168,Comp150536,Comp362609,6,Port39829,587,2611,3742,2334234,2155392
1720347573,352,Comp834256,Comp329480,17,Port44068,1900,10482,10003,9895008,9502850
1720348009,11773,Comp396858,Comp549343,17,Port64025,500,4729,1746,4965450,115236
1720348111,6012,Comp827253,Comp562571,6,Port24779,25,7934,8900,817202,1263800
1720348279,8908,Comp847313,Comp385395,6,Port57459,25,1163,1267,909466,1497594
1720348759,3020,Comp803281,Comp127895,6,Port33881,25,11588,4041,2618888,1188054
1720349121,12162,Comp714275,Comp150536,6,Port7750,993,265,6264,369145,6808968
1720350018,15026,Comp946215,Comp499855,6,Port43314,443,3725,1548,5531625,97524
1720350126,7413,Comp827253,Comp387691,17,Port64317,53,10990,4760,2978290,2008720
1720350994,12568,Comp993209,Comp499855,17,Port30273,68,7654,3213,10264014,4527117
1720353470,5848,Comp952578,Comp954988,6,Port36428,22,8102,554,5922562,236558
1720353731,13491,Comp278057,Comp118871,6,Port60845,80,3774,11,3853254,16214
1720353871,1481,Comp499855,Comp678020,6,Port60377,587,9355,1742,9289515,759512
1720354640,15841,Comp714633,Comp588967,6,Port26834,995,11179,8981,2358769,8693608
1720355069,6804,Comp131751,Comp150536,6,Port50075,445,7466,451,10198556,459118
1720355651,9087,Comp567603,Comp318192,6,Port41729,3389,2621,6067,2555475,5854655
1720356161,14457,Comp198162,Comp847313,6,Port42799,110,10881,295,8171631,138355
1720357160,538,Comp424132,Comp130485,6,Port47505,80,52,2587,48724,2967289
1720357689,17017,Comp995267,Comp356695,6,Port22098,587,10751,2141,15760966,1055513
1720358228,11060,Comp846125,Comp847313,6,Port20688,25,115,4078,113275,5007784
1720358548,17552,Comp122535,Comp946215,6,Port2767,995,698,8923,696604,5255647
1720359200,9921,Comp584383,Comp114833,17,Port56268,53,505,5052,666095,6370572
1720359392,3718,Comp439536,Comp782474,6,Port18876,22,2274,177,2410440,260367
1720360639,10483,Comp846141,Comp993209,6,Port44521,53,8728,1736,2164544,1982512
1720361904,10286,Comp714633,Comp579118,6,Port45267,445,4750,3653,5861500,2597283
1720362020,16572,Comp431255,Comp664505,6,Port46409,587,950,3340,1285350,2194380
1720362086,10363,Comp329480,Comp385395,6,Port56705,53,4093,6777,4547323,3998430
1720362238,7313,Comp714275,Comp562571,6,Port57012,587,11972,4210,3136664,2323920
1720362279,3169,Comp714633,Comp955337,6,Port1175,143,6307,8924,5064521,6478824
1720362329,5868,Comp328683,Comp228954,17,Port55220,161,8749,3029,1032382,2268721
1720362353,10469,Comp595110,Comp573916,6,Port14440,143,3199,8134,3736432,8866060
1720362693,6642,Comp131751,Comp144583,6,Port42659,143,6250,1208,8981250,1616304
1720363023,6530,Comp111156,Comp731825,6,Port44444,110,9569,11861,880348,15775130
1720363461,262,Comp922028,Comp127895,6,Port4487,25,8093,11840,1610507,10916480
1720363525,16963,Comp224037,Comp562571,6,Port19321,53,90,3307,126090,4914202
1720363534,15060,Comp573916,Comp549343,17,Port59738,67,7285,2810,8792995,3776640
1720363748,4594,Comp329480,Comp324834,17,Port10165,68,9498,1,11787018,749
1720363760,2474,Comp714275,Comp516294,6,Port15982,143,1623,11711,558312,7506751
1720365381,15029,Comp396858,Comp993209,6,Port6309,110,4721,458,4579370,325638
1720365542,15060,Comp127895,Comp431255,6,Port11781,995,7739,25,9673750,1850
1720366151,16143,Comp516294,Comp567603,6,Port42174,995,62,1170,8680,610740
1720367016,9853,Comp127895,Comp278057,6,Port55296,53,8529,3539,3872166,2119861
1720367128,13245,Comp437739,Comp147986,6,Port39399,110,10164,11702,4777080,13773254
1720368333,13132,Comp860515,BackupServer,17,Port19381,137,6315,1999,5241450,845577
1720369116,3864,Comp231236,Comp794320,6,Port56414,995,5361,6840,2198010,6819480
1720369498,9431,Comp437739,Comp493273,6,Port24722,587,1103,7805,594517,3980550
1720370675,4687,Comp130485,Comp885616,17,Port21334,67,311585,9592,248956624,12617959
1720370712,13569,Comp141961,Comp257122,6,Port33635,53,11318,8392,1493976,1174880
1720371274,17480,Comp952578,Comp255630,6,Port9843,110,10541,11820,10762361,9420540
1720372518,1378,Comp885616,Comp458510,6,Port24011,22,6596,7940,6411312,1437140
1720372916,1365,Comp918279,Comp946215,17,Port52579,1900,412,10131,543428,3444540
1720372982,4756,Comp207492,Comp802471,6,Port40265,3389,3431,3838,3022711,2962936
1720373011,2108,Comp329480,Comp493273,6,Port64773,993,3146,4891,3256110,5150223
1720373378,163,Comp562571,Comp304009,6,Port51066,80,90,8846,50760,5572980
1720373398,17614,Comp952578,Comp723487,6,Port24273,143,1427,10510,866189,4288080
1720374606,10484,Comp721407,Comp731825,6,Port50486,3389,6898,60,4428516,80940
1720375655,13984,Comp663497,Comp675254,6,Port56849,143,1177,5205,1712535,2862750
1720376177,10190,Comp562571,Comp304009,6,Port41719,995,464,9627,338256,4890516
1720378881,13435,Comp324834,Comp744581,6,Port50217,443,11347,1367,14739753,190013
1720380282,12351,Comp567603,Comp847313,6,Port33495,143,7257,4233,3686556,2340849
1720380358,2884,Comp131751,Comp714275,6,Port59832,445,9667,6577,10053680,2374297
1720380670,2708,Comp122535,Comp943258,6,Port16353,53,2983,994,1312520,552664
1720382128,8801,Comp898521,Comp714275,17,Port28401,161,4377,10988,2713740,3560112
1720383054,6679,Comp437739,Comp954988,6,Port17404,80,7325,4413,9471225,1443051
1720383301,15133,Comp207492,Comp100000,6,Port7559,993,8247,9414,8560386,10477782
1720383420,5512,Comp794320,Comp150536,6,Port40763,445,4418,5129,3309082,3754428
1720383460,5920,Comp131751,Comp731825,6,Port8659,110,11033,4823,7005955,5078619
1720384156,9522,Comp573916,Comp147986,6,Port15613,993,8441,11591,10188287,10223262
1720384663,3470,Comp549343,Comp304009,6,Port50259,143,2650,10258,704900,8462850
1720384753,15452,Comp654038,Comp834256,6,Port16572,3389,1179,6190,1507941,4462990
1720384873,198,Comp827253,Comp920919,6,Port56719,445,170,5570,160310,3369850
1720385155,15255,Comp567603,Comp198162,17,Port4194,500,10135,9369,5270200,3953718
1720386320,11206,Comp920919,Comp356695,6,Port30507,3389,9889,8214,10472451,10990332
1720387177,15982,Comp405733,Comp795264,6,Port5357,80,5746,11751,8538556,7485387
1720387544,5289,Comp387691,Comp627014,6,Port4867,80,8672,3997,4760928,5316010
1720388176,16205,Comp431255,Comp595110,6,Port52049,995,10602,1352,6509628,1569672
1720388241,15546,Comp573916,Comp731825,6,Port5327,53,1923,2336,2684508,2149120
1720388648,8221,Comp714275,Mail,6,Port58585,993,11769,6332,6378798,8041640
1720388902,5104,Comp328683,Comp424132,6,Port39640,53,5876,3761,7562412,3761000
1720389135,3548,Comp144583,Comp424132,6,Port32154,995,5259,9711,7115427,11954241
1720389976,2729,Comp744581,Comp721407,6,Port60286,587,1926,10501,1714140,12622202
1720390350,10496,Comp556450,Comp349447,6,Port26033,443,8069,2242,1282971,2203886
1720390356,17288,Comp692997,Comp852902,6,Port26801,143,7231,11877,918337,13005315
1720390544,10183,Comp885616,Comp595110,17,Port27469,123,360,7574,162000,9338742
1720391475,17366,Comp943990,Comp826274,6,Port42996,110,7771,3167,505115,1165456
1720391484,13603,Comp130485,Comp846141,6,Port55682,110,1697,2414,1956641,3184066
1720392180,12330,Comp187068,Comp664505,6,Port35990,53,3320,1984,3233680,1535616
1720392647,13049,Comp278057,Comp336148,6,Port19155,25,7340,5653,5160020,1232354
1720392683,16711,Comp431255,Comp187068,17,Port58424,53,9370,852,11506360,222372
1720392791,15445,Comp834256,Comp309437,17,Port39663,138,1611,1573,376974,1785355
1720393470,2913,Comp141961,Comp593707,17,Port54722,138,5683,9045,4375910,11043945
1720394792,10529,Comp952578,Comp714275,6,Port28911,993,3421,5866,1826814,5830804
1720394830,8286,Comp384614,Comp679356,6,Port13884,445,8476,6336,627224,6297984
1720395772,15825,Comp638936,Comp827253,6,Port61955,22,9937,3896,7333506,5076488
1720396257,3675,Comp393198,Comp517345,6,Port44733,25,7678,6673,1927178,9802637
1720396666,14759,Comp118871,Comp802471,6,Port20879,443,9539,4114,1011134,5158956
1720397027,8618,Comp714275,Comp493273,6,Port55698,25,572564,542,487252567,9075879
1720397129,16780,Comp606940,Comp846141,6,Port1609,587,7175,6818,2324700,8256598
1720397312,14241,Comp114833,Comp663497,6,Port61036,22,3513,972,3358428,762048
1720397726,6210,Comp499855,Comp314473,6,Port38352,443,11861,8266,14197617,9960530
1720397938,15208,Comp150536,Comp966362,17,Port39081,123,2452,10975,1836548,12039575
1720397953,3374,Comp490789,Comp573916,17,Port1887,53,11053,8009,10787728,8241261
1720398017,75,Comp692997,Comp122535,17,Port12372,500,8951,6920,1691739,9037520
1720398078,9123,Comp692997,Comp437739,6,Port47512,53,11842,11571,14068296,3008460
1720398135,7011,Comp714633,Comp431255,6,Port37036,53,7703,2630,5946716,3379550
1720398164,2264,Comp658094,Comp993209,6,Port9259,995,4226,9287,2810290,5079989
1720398165,17893,Comp424132,Comp782474,17,Port43977,68,3372,2489,4413948,831326
1720399073,704,Comp826274,Comp405733,6,Port49177,110,2156,5,1073688,5455
1720399201,10608,Comp593707,Comp638936,17,Port18602,1900,11605,2890,7903005,4259860
1720399901,4699,Comp235883,Comp593707,6,Port45496,80,1279,6029,1780368,1012872
1720399918,5332,Comp547568,Comp235883,6,Port63794,110,9724,765,2508792,1126080
1720400264,3800,Comp782474,Comp198162,6,Port32148,587,8381,3344,6713181,1805760
1720402074,7002,Comp336148,Comp627014,6,Port15818,25,1522,597,1343926,868038
1720402199,12013,Comp141961,Comp499855,17,Port63080,1900,10988,2919,11669256,324009
1720402312,5806,Comp860515,Comp144583,6,Port59817,25,1951,8639,2723596,8077465
1720402789,12990,Comp127895,WebServer,6,Port30496,445,1930,1826,1046060,1497320
1720402904,8057,Comp118871,Comp364557,6,Port28453,22,6529,3165,1364561,3968910
1720403640,14133,Comp668118,Comp329842,17,Port54821,137,1238,1628,770036,1185184
1720403698,8001,Comp834256,Comp922028,6,Port1059,587,1229,4613,329372,696563
1720403723,6580,Comp638936,Comp898521,6,Port21171,995,7491,9132,8255082,2812656
1720403991,9124,Comp852902,Comp923139,6,Port36072,3389,11572,6448,10032924,2656576
1720404962,12358,Comp150536,Comp972911,6,Port43217,995,640,2402,732800,3151424
1720405027,8361,Comp593922,Comp364557,6,Port41555,445,7656,3840,4103616,668160
1720405107,16310,Comp721407,Comp278057,17,Port24927,53,7220,8040,10346260,10162560
1720405196,9290,Comp393198,Comp664505,6,Port57108,25,795,5745,1070865,4469610
1720405389,5329,Comp393198,Comp923139,6,Port42932,445,1795,5519,2471715,4773935
1720406307,504,Comp679356,Comp658094,6,Port35896,3389,5322,10380,5747760,15030240
1720407132,7066,Comp952578,Comp595110,6,Port61579,110,8320,9829,2604160,11391811
1720408300,980,Comp278057,Comp516294,6,Port7096,3389,2664,2929,676656,2890923
1720408529,644,Comp431255,Comp547568,17,Port46815,137,5210,8451,7486770,10504593
1720408902,6681,Comp499855,Comp431255,6,Port60814,143,5885,9495,7715235,6769935
1720409335,5226,Comp584383,Comp558739,6,Port43719,80,8542,10799,11318150,15107801
1720412190,15929,Comp846141,Comp588967,6,Port37496,25,2965,3167,2896805,3790899
1720414755,13143,Comp654038,Comp658094,6,Port24532,995,8269,8735,10667010,12805510
1720415528,14235,Comp255630,Comp826274,6,Port18541,587,9981,2243,7585560,1890849
1720415564,9818,Comp549343,Comp731825,17,Port36240,500,6992,5334,1929792,5216652
1720415729,1983,Comp579118,Comp946215,6,Port59011,3389,8653,871,3582342,616668
1720416244,15318,Comp723487,Comp424132,6,Port30842,53,2010,7245,2578830,10070550
1720416299,8907,Comp318192,Comp847313,17,Port8824,67,10879,8210,10748452,7865180
1720416503,7723,Comp962233,Comp898521,6,Port32223,143,3615,5361,5408040,1452831
1720416744,10882,Comp257122,Comp549343,6,Port7312,445,2376,4939,3209976,3886993
1720417361,2947,Comp207492,Comp439536,17,Port61413,1900,6581,2904,7554988,679536
1720417938,8661,Comp187068,Comp304009,17,Port35538,123,4625,9245,444000,9023120
1720417970,10904,Comp802471,Comp318192,6,Port14822,587,5536,10924,1716160,11590364
1720418016,12556,Comp431255,Comp235883,6,Port41336,3389,9665,1592,5673355,1927912
1720419752,9003,Comp794320,Comp679356,17,Port35716,138,6431,3310,591652,870530
1720420147,17950,Comp802471,Comp663497,6,Port33986,22,4486,7240,6307316,5176600
1720420640,17823,Comp562571,Comp860515,6,Port39214,22,9602,4389,3571944,2444673
1720420828,1737,Comp627014,Comp318192,17,Port60955,161,4549,155,2724851,99975
1720420967,1492,Comp714633,Comp114833,6,Port56246,80,11499,250,11774976,352750
1720421176,9280,Comp802471,Comp920919,6,Port17979,993,11832,2805,1088544,2398275
1720421379,14901,Comp246872,Comp458510,6,Port16491,53,5631,11611,5456439,7976757
1720421831,9223,Comp847313,Comp943258,6,Port64906,25,9250,7315,1739000,9948400
1720422124,3908,Comp228954,Comp920919,6,Port42626,22,8498,3062,11531786,2498592
1720422162,10123,Comp328683,Comp393198,6,Port2272,110,10329,672,10824792,441504
1720423342,16976,Comp558739,Comp794320,6,Port35189,445,5535,9074,2933550,7513272
1720423511,3006,Comp918279,Comp431255,6,Port8670,80,4884,4526,5186808,5779702
1720423991,8019,Comp943990,Comp654038,6,Port2947,143,3320,4724,1653360,3311524
1720424443,11490,Comp827253,Comp246872,6,Port13002,53,7031,6739,1455417,6341399
1720426112,7079,Comp257122,Comp955337,6,Port17449,993,7388,2741,398952,822300
1720426663,799,Comp678020,Comp663497,6,Port6157,22,5407,8731,1946520,506398
1720427189,12054,Comp329842,Comp579118,6,Port54924,53,3725,3764,3996925,519432
1720427562,13340,Comp852902,Comp118871,6,Port29294,443,5404,8467,4663652,6223245
1720427992,11793,Comp187068,Comp257122,6,Port36629,995,6026,6208,2639388,6754304
1720428273,11937,Comp795264,Comp885616,6,Port56850,110,1533,1778,1597386,616966
1720428486,11821,Comp802471,Mail,6,Port55029,22,7922,7480,4800732,10591680
1720428729,5948,Comp721407,Comp147986,6,Port53972,443,10105,902,2708140,233618
1720428944,300,Comp304009,Comp584383,17,Port13687,138,3863,8580,3982753,9060480
1720429058,17801,Comp385395,Comp574773,6,Port49069,80,4687,4516,3309022,1725112
1720430030,3681,Comp235883,Comp943990,6,Port65259,3389,1115,8045,1126150,1013670
1720430195,14918,Comp547568,Comp362609,17,Port1501,1900,6982,2889,6004520,3120120
1720430309,9732,Comp547568,Comp943990,17,Port57026,53,5131,4885,959497,3888460
1720430325,9712,Comp579118,Comp387691,6,Port56872,445,1317872,3668,794677261,15067025
1720430434,378,Comp952578,Comp584383,6,Port55300,443,10884,3011,2035308,4257554
1720430826,17829,Comp144583,Comp207492,6,Port26602,443,9281,4109,3396846,3381707
1720432793,9514,Comp556450,Comp678020,6,Port13857,3389,2521,645,925207,817860
1720433810,14941,Comp846141,Comp588967,17,Port48223,138,2379,4766,3285399,3636458
1720433877,14000,Comp923139,FileServer,6,Port41218,22,5829,1477,6895707,810873
1720434677,2484,Comp654038,Comp477748,17,Port47918,500,7422,6223,9826728,3783584
1720434728,17056,Comp364557,Comp198162,6,Port17535,22,382,1087,279624,590241
1720435087,10639,Comp396858,Comp803281,6,Port12476,993,5949,111,3033990,148074
1720435458,3332,Comp304009,Comp782474,6,Port59187,587,1041,5268,653748,4140648
1720437718,10455,Comp794320,Comp549343,17,Port34273,137,3122,3576,4080454,5009976
1720438397,11094,Comp834256,Comp431255,6,Port55943,25,4308,10522,2408172,4271932
1720439073,11753,Comp898521,Comp131751,6,Port60773,22,491,3172,472833,3666832
1720439285,5787,Comp826274,Comp658094,6,Port30652,53,3149,4791,790399,996528
1720439633,16933,Comp593707,FileServer,6,Port17993,445,7557,2834,11131461,1303640
1720439898,4265,Comp885616,Comp384614,6,Port58817,22,11974,10673,11686624,939224
1720440121,8857,Comp573916,Comp293600,6,Port47151,445,9358,9463,13569100,13002162
1720440203,15094,Comp364557,Comp458510,6,Port43988,995,3677,2063,1728190,979925
1720440584,1393,Comp493273,Comp364557,6,Port62829,25,11300,3015,10622000,3723525
1720441370,7264,Comp954988,Comp329842,6,Port16911,587,5281,2237,2323640,1478657
1720441467,8628,Comp207492,Comp721407,6,Port24289,443,4260,1811,3079980,400231
1720441524,13912,Comp437739,Comp147986,17,Port3540,138,10166,2889,5194826,1562949
1720442176,14180,Comp962233,Comp658094,17,Port26031,161,4791,10221,1183377,5498898
1720443741,14344,Comp663497,Comp827253,6,Port29830,53,8865,5505,6072525,4310415
1720443987,6455,Comp923139,Comp966362,6,Port30219,22,1956,4595,1592184,2380210
1720445721,8849,Comp943990,Comp654038,6,Port10758,587,3988,2289,1072772,2350803
1720446211,488,Comp329480,Comp852902,17,Port53216,68,11815,2208,7337115,2439840
1720446250,14808,Comp972911,Comp293600,6,Port32587,22,2927,6662,515152,1772092
1720446567,5459,Comp318192,Comp458510,6,Port29363,143,10195,9014,10011490,7247256
1720447907,8414,Comp144583,Comp782474,17,Port56757,67,5597,6695,2776112,5918380
1720448270,12279,Comp922028,Comp678020,6,Port32392,993,11491,7886,1953470,3383094
1720448401,13977,Comp723487,Comp972911,6,Port58578,3389,4992,3137,3938688,3657742
1720448747,1549,Comp246872,Comp723487,6,Port15366,587,5944,11343,7477552,4264968
1720450371,13810,Comp278057,Comp946215,6,Port55900,3389,4735,9871,7040945,12950752
1720451521,6767,Comp675254,Comp723487,6,Port64784,3389,2518,10533,3653618,7446831
1720451729,7520,Comp547568,Comp802471,17,Port49437,1900,183768,8011,128270197,15521554
1720452041,2397,Comp549343,Comp714275,6,Port58591,143,6878,8331,2372910,8430972
1720452400,12902,Comp834256,Comp993209,6,Port48773,110,6061,850,8139923,802400
1720452670,8567,Comp122535,Comp141961,17,Port39747,67,4465,1931,4299795,1510042
1720452789,1870,Comp860515,Comp846141,17,Port50296,137,9268,1589,7720244,1655738
1720453100,2548,Comp424132,Comp324834,6,Port62991,80,4175,5798,5051750,2440958
1720454068,12986,Comp627014,Comp946215,6,Port40055,993,2852,7055,382168,8607100
1720454079,1963,Comp384614,Comp794320,6,Port45343,445,989,1425,839661,1346625
1720454498,9382,Comp547568,Comp714633,6,Port6133,22,10478,9018,9168250,3156300
1720454798,12560,Comp827253,Comp364557,6,Port62897,143,878,6592,1233590,9874816
1720456190,16416,Comp255630,Comp147986,6,Port51196,53,10138,7145,7319636,9309935
1720456550,2844,Comp714275,Comp966362,17,Port11445,138,4546,11001,3577702,3267297
1720456947,5326,Comp846141,Comp122535,6,Port19712,143,31,7015,37479,8312775
1720457113,2787,Comp847313,Comp118871,6,Port15568,110,11114,45,4823476,36495
1720457115,15837,Comp654763,Comp898521,6,Port21642,22,8890,9225,1262380,10728675
1720457388,10665,Comp562571,Comp278057,17,Port58128,68,8676,10512,6316128,6181056
1720457920,17699,Comp547568,Comp827253,6,Port30972,993,6575,1002,6121325,396792
1720458055,785,Comp424132,Comp562571,6,Port28110,995,9126,6471,6862752,2316618
1720458195,12706,Comp574773,Comp972911,6,Port51277,80,1598,5637,1711458,766632
1720458390,594,Comp336148,Comp318192,6,Port24968,993,2812,1814,1152920,2390852
1720458787,1963,Comp324834,Comp349447,6,Port58170,443,6526,3313,391560,1643248
1720459394,7766,Comp384614,Comp127895,17,Port49687,137,8814,10270,10471032,14768260
1720459489,6603,Comp912181,Comp100000,6,Port17604,143,7061,4700,9052202,1734300
1720459789,6572,Comp114833,Comp458510,6,Port41687,587,4876,6442,4588316,3549542
1720460097,1222,Comp918279,Comp795264,6,Port32164,995,8062,9325,4014876,12336975
1720460940,9803,Comp885616,Comp826274,6,Port23220,143,713,5377,413540,2941219
1720460946,6133,Comp920919,Comp198162,6,Port59491,110,6099,10694,4513260,12266018
1720461149,17882,Comp574773,Comp257122,6,Port26690,993,4738,5996,3103390,1037308
1720462052,14211,Comp966362,Comp549343,6,Port8554,443,5978,11829,2187948,16950957
1720462521,7825,Comp714275,Comp499855,6,Port27369,110,1575,1768,916650,1663688
1720462942,13778,Comp198162,WebServer,6,Port34363,143,10840,10657,5149000,12095695
1720464663,10369,Comp257122,Comp943990,6,Port9173,443,10244,1352,7099092,105456
1720465151,8917,Comp437739,Comp558739,6,Port48937,25,11311,9757,6650868,14128136
1720465243,16546,Comp638936,Comp721407,6,Port15832,22,10083,7938,8177313,6064632
1720465440,10574,Comp437739,Comp826274,6,Port6986,445,7972,6714,9701924,2343186
1720467314,8697,Comp118871,Comp692997,6,Port35701,53,3450,10564,1804350,2778332
1720468216,10200,Comp723487,Comp794320,6,Port11408,443,1370,7688,169880,1283896
1720468379,14060,Comp721407,Comp593707,17,Port51461,161,7343,8333,9061262,8507993
1720468390,13347,Comp516294,Comp654763,6,Port5437,53,11359,9051,3532649,3167850
1720468852,9876,Comp516294,Comp584383,6,Port28057,110,4365,10089,6089175,14084244
1720468961,3182,Comp499855,Comp224037,17,Port4361,123,11916,2785,9663876,1036020
1720469985,11470,Comp834256,Comp943990,6,Port25754,22,1851,10137,1486353,1713153
1720470362,7752,Comp664505,Comp198162,6,Port61232,993,3400,7068,2162400,9075312
1720470365,16785,Comp678020,Comp439536,6,Port42990,53,7793,384,8400854,451200
1720470443,16351,Comp954988,Comp952578,17,Port35547,500,5913,11021,5871609,8783737
1720470929,13,Comp573916,Comp118871,6,Port11168,110,9121,9251,12751158,11582252
1720472243,17983,Comp235883,Comp952578,6,Port21206,22,4139,10699,264896,11758201
1720472659,16217,Comp114833,Comp431255,6,Port25586,587,9296,9265,2974720,2751705
1720473047,16329,Comp654038,Comp228954,6,Port38351,25,3613,4146,1607785,2682462
1720473168,8958,Comp131751,Comp144583,17,Port14451,138,1791,4199,565956,5824013
1720473840,4870,Comp898521,Comp278057,6,Port65532,443,6825,3317,9718800,3413193
1720474117,10922,Comp923139,Comp384614,6,Port43063,587,6151,4918,898046,4652428
1720475411,15895,Comp362609,Comp678020,17,Port21139,1900,6805,417,1476685,124266
1720475718,8101,Comp952578,Comp278057,6,Port8272,995,287,8945,196595,7343845
1720475765,17736,Comp567603,Comp884824,6,Port39408,143,4934,9028,2096950,2545896
1720475989,4697,Comp803281,Comp556450,6,Port29913,110,1082,11838,565886,12074760
1720479804,15354,Comp304009,Comp187068,6,Port44498,110,9658,6607,8895018,2404948
1720479984,1189,Comp579118,Comp943258,6,Port39484,993,973,11853,834834,5452380
1720480121,15110,Comp920919,Comp547568,6,Port42334,445,11180,2518,14545180,2208286
1720480161,17012,Comp231236,Comp187068,6,Port54806,25,687,5686,479526,437822
1720480492,12646,Comp827253,Comp573916,6,Port34904,993,7327,9389,10316416,9961729
1720481071,11230,Comp846141,Comp846125,6,Port47766,110,4005,9474,1269585,6489690
1720481411,7407,Comp744581,Comp437739,17,Port24185,138,1329,9284,429267,7306508
1720481505,15722,Comp579118,Comp278057,6,Port61849,25,4292,5592,2622412,6291000
1720482045,2280,Comp324834,Comp574773,6,Port27342,3389,480,876,100800,1019664
1720483364,5235,Comp328683,Comp731825,6,Port44884,22,8374,10391,686668,14349971
1720483902,2361,Comp923139,Comp278057,6,Port65436,3389,10451,4577,6082482,1382254
1720484926,5004,Comp966362,Comp714633,6,Port23550,22,3959,7796,3262216,5199932
1720485125,9420,Comp387691,Comp664505,6,Port7577,443,5269,1599,2344705,286221
1720485323,6044,Comp595110,Comp558739,6,Port15972,25,1685,11239,732975,4765336
1720485499,7569,Comp638936,Comp731825,17,Port16751,68,5786,3081,1047266,2603445
1720485738,4159,Comp424132,Comp892394,6,Port4674,995,11362,11966,2317848,2764146
1720486242,6350,Comp579118,Comp943258,6,Port36111,445,6459,8584,8584011,5922960
1720486283,8963,Comp943990,Comp329842,6,Port18931,443,10505,3962,1428680,5566610
1720487046,3849,Comp714633,Comp278057,6,Port7285,25,9361,4434,9969465,634062
1720487566,16852,Comp122535,Comp100000,6,Port9852,3389,1491,11751,1614753,4430127
1720487635,16148,Comp231236,Comp663497,6,Port18661,110,635,7125,213360,3220500
1720487879,15769,Comp111156,WebServer,6,Port24843,443,4353,8310,1745553,11384700
1720488130,27,Comp731825,Comp517345,6,Port63889,995,11280,7351,6497280,8174312
1720488525,8912,Comp516294,Comp943258,6,Port46348,445,2017,2857,2019017,879956
1720488670,14311,Comp329480,Comp384614,6,Port47132,587,534,1589,49662,1689107
1720489142,6278,Comp588967,Comp678020,17,Port45668,1900,11509,37,14156070,2442
1720489464,4169,Comp324834,Comp111156,6,Port52841,143,2375,4859,1275375,5855095
1720490026,11010,Comp558739,Comp431255,6,Port21549,443,4272,8206,3285168,3011602
1720490512,45,Comp235883,Comp668118,6,Port7434,53,9362,3618,12807216,3903822
1720490830,11021,Comp846125,Comp517345,6,Port33831,110,1178,2668,275652,2025012
1720491109,8127,Comp187068,Comp584383,6,Port1108,993,2053,4664,2921419,5177040
1720491161,12308,Comp562571,Comp547568,6,Port15008,3389,8722,2776,8172514,1524024
1720491171,12291,Comp396858,Comp852902,6,Port49601,993,80,5219,53040,4253485
1720491663,9641,Comp852902,Comp384614,6,Port33472,3389,8540,6626,1229760,9044490
1720491872,10508,Comp150536,Comp562571,6,Port45579,3389,6509,3268,898242,3960816
1720492597,482,Comp127895,Comp663497,6,Port33930,53,2893,371,3567069,309785
1720492663,17663,Comp364557,Comp943990,6,Port36035,995,7363,1221,4609238,1693527
1720493761,1369,Comp593922,Comp584383,6,Port20461,445,3858,4996,4440558,1054156
1720493888,17579,Comp329842,Comp547568,6,Port15121,995,11387,2128,14302072,2259936
1720495998,17527,Comp349447,Comp678020,6,Port17762,445,4980,9592,3122460,9131584
1720496189,12923,Comp111156,Comp477748,6,Port52508,25,8980,1978,4498980,818892
1720496635,13432,Comp141961,Comp955337,6,Port64218,443,3213,327,1388016,198489
1720497459,540,Comp678020,Comp387691,17,Port6303,137,10000,7432,9690000,4697024
1720498277,17068,Comp396858,Comp431255,6,Port35674,25,3467,7487,3727025,7719097
1720498443,9510,Comp714633,Comp477748,6,Port31371,443,6095,8062,3352250,7675024
1720498445,6112,Comp802471,Comp573916,6,Port37284,445,9619,1900,8349292,2255300
1720498944,12057,Comp127895,Comp658094,6,Port16048,143,11113,8167,9201564,8158833
1720499118,9629,Comp278057,Comp324834,6,Port1526,993,9022,10354,2264522,15303212
1720499195,6509,Comp714275,Comp396858,6,Port14141,25,8010,7257,6464070,9078507
1720500104,5795,Comp257122,Comp362609,17,Port12754,67,8311,4688,9541028,4130128
1720500321,2127,Comp362609,Comp714275,6,Port4401,3389,4875,5778,7039500,387126
1720500363,16360,Comp356695,Comp966362,17,Port24030,500,8241,9745,4343007,5603375
1720500487,11984,Comp955337,Comp721407,6,Port45144,53,6896,1717,2675648,388042
1720500795,5179,Comp972911,Comp118871,6,Port63341,25,6263,8685,8423735,5845005
1720501894,13017,Comp122535,Comp923139,6,Port43423,445,3759,3235,5194938,4820150
1720503059,12488,Comp235883,Comp638936,6,Port12329,3389,4211,10534,5267961,6604818
1720503851,2518,Comp385395,Comp920919,6,Port24388,22,1483,1677,784507,2067741
1720504503,3151,Comp912181,FileServer,6,Port20589,25,8646,6202,3821532,4322794
1720504978,4156,Comp723487,Comp955337,6,Port14710,110,267,4806,254184,4238892
1720505136,1895,Comp439536,WebServer,6,Port64901,53,1397,5833,575564,484139
1720505762,14813,Comp723487,Comp384614,6,Port43320,25,3515,4586,4087945,4783198
1720505920,2802,Comp714275,Comp664505,6,Port32061,80,1693,449,1049660,180049
1720506030,14604,Comp122535,Comp923139,6,Port29198,445,8996,10294,4650932,7319034
1720506701,9530,Comp304009,Comp846125,17,Port21565,123,1516,6405,1840424,9492210
1720506725,2103,Comp150536,Comp424132,6,Port27909,80,5478,7203,3056724,2636298
1720508535,15201,Comp675254,Comp584383,6,Port41947,587,8792,6263,2022160,8730622
1720509158,3123,Comp150536,Comp385395,6,Port60904,993,7069,6345,8482800,7931250
1720509261,17987,Comp794320,Comp231236,6,Port33041,22,7098,7276,3556098,800360
1720509955,253,Comp362609,Comp187068,6,Port12956,995,4130,5033,4113480,2914107
1720510056,11208,Comp562571,Comp324834,6,Port62790,53,5402,1572,5412804,2310840
1720510444,5646,Comp329842,Comp574773,6,Port21344,587,616377,351,536864767,7854916
1720510519,9605,Comp147986,Comp827253,6,Port6391,993,5715,6479,502920,7748884
1720510554,15114,Comp329480,Comp955337,6,Port36129,995,8398,2232,10388326,3082392
1720510885,14164,Comp141961,Comp679356,17,Port52023,500,9930,5448,1201530,239712
1720512352,5066,Comp567603,Comp235883,17,Port17642,67,2940,7262,1540560,8039034
1720512723,1148,Comp714633,Comp364557,6,Port19028,22,1461,7151,1683072,9818323
1720513050,5106,Comp328683,Comp675254,6,Port19683,143,5560,2021,1662440,1784543
1720513166,14569,Comp943990,Comp638936,6,Port53063,3389,4599,7926,3688398,11429292
1720513521,9277,Comp147986,Comp562571,6,Port62787,25,1798,11289,373984,11966340
1720513727,13651,Comp654763,Comp385395,6,Port55712,25,9122,4337,7790188,4150509
1720513745,8905,Comp668118,Comp654038,6,Port15613,587,7488,1421,8094528,312620
1720514728,9532,Comp309437,Comp834256,6,Port55809,443,7894,6048,3181282,7197120
1720515155,1166,Comp943258,Comp593922,6,Port20999,143,8509,7402,3837559,9541178
1720516244,414,Comp721407,Comp692997,6,Port56936,53,5222,4741,4261152,2489025
1720517212,12661,Comp966362,Comp329842,17,Port64980,161,6123,7191,7316985,1941570
1720517783,3640,Comp114833,FileServer,17,Port47351,138,2692,9185,2247820,8036875
1720517818,6492,Comp885616,Comp593922,6,Port62640,110,8776,6936,9337664,9779760
1720517868,6655,Comp782474,Comp972911,6,Port10210,993,11357,9557,7313908,10589156
1720517889,11396,Comp387691,Comp384614,6,Port43268,143,10486,1752,2380322,2142696
1720518133,16942,Comp723487,Comp795264,6,Port4372,110,4895,3515,7087960,3019385
1720518162,13639,Comp918279,Comp309437,6,Port43102,53,600,6664,721200,4324936
1720518875,11493,Comp922028,Comp593922,17,Port23007,68,10534,3114,1169274,1507176
1720519645,15028,Comp235883,Comp782474,6,Port63595,80,6899,11932,3049358,14533176
1720519857,9182,Comp584383,Comp114833,6,Port32961,995,9334,8139,6020430,8033193
1720521894,2616,Comp318192,Comp723487,17,Port50210,123,3613,4942,574467,5589402
1720522204,8792,Comp405733,Comp499855,6,Port20546,993,10338,9288,13346358,11740032
1720522209,17602,Comp588967,Comp477748,6,Port5853,143,10058,11799,2936936,17332731
1720522378,14039,Comp384614,Comp884824,6,Port48905,110,204,130,69564,163800
1720523019,6294,Comp954988,Comp588967,6,Port15328,143,6778,6682,3402556,4617262
1720523239,5826,Comp892394,Comp329842,6,Port47630,143,5729,5129,8049245,1189928
1720523529,16524,Comp802471,Comp606940,6,Port30999,143,7894,9060,2912886,7755360
1720523812,1702,Comp574773,Comp846141,6,Port63724,995,3113,3692,2057693,2547480
1720523880,16789,Comp678020,Comp224037,6,Port23771,587,1176,3906,1218336,5487930
1720524508,12187,Comp278057,Comp328683,6,Port26865,22,3288,9198,881184,883008
1720524525,14540,Comp231236,Comp130485,6,Port48796,22,6305,10687,1065545,13775543
1720524632,5922,Comp923139,Comp714275,17,Port51712,1900,3238,1722,566650,1658286
1720524634,11673,Comp439536,Comp912181,6,Port9138,587,5569,7377,1715252,1047534
1720524938,5861,Comp384614,Comp588967,6,Port48840,53,4672,9338,2415424,3669834
1720525497,310,Comp562571,Comp579118,6,Port32727,110,8329,1974,11768877,256620
1720525632,8185,Comp723487,Comp141961,6,Port64810,993,4929,7936,6811878,11094528
1720526386,17637,Comp130485,Comp364557,6,Port41734,25,1734,11755,1510314,11531655
1720527329,4369,Comp224037,Comp744581,17,Port50931,138,7608,10115,10734888,9528330
1720527547,2918,Comp187068,Comp721407,6,Port23210,22,2552,2333,209264,1864067
1720528406,16590,Comp892394,Comp675254,6,Port19317,80,3605,11882,3107510,7414368
1720529699,16383,Comp477748,Comp207492,6,Port51670,25,8480,4284,5834240,1238076
1720529797,15245,Comp384614,Comp962233,6,Port2009,445,3274,5718,694088,6329826
1720529980,17577,Comp127895,Comp638936,6,Port38469,587,742,3499,628474,811768
1720532087,17839,Comp847313,DNS,6,Port63482,53,4327,8392,3054862,2870064
1720532371,16530,Comp962233,Comp362609,6,Port64966,443,4656,1508,5373024,2210728
1720533484,17361,Comp658094,Comp431255,6,Port47219,80,8238,8519,5346462,1473787
1720534186,13402,Comp329842,Comp499855,6,Port33106,22,8509,663,5666994,946764
1720535304,5660,Comp198162,DNS,6,Port53446,143,3,10134,1131,1692378
1720536060,8250,Comp257122,Comp304009,6,Port1970,587,9082,3911,6620778,2933250
1720536505,6851,Comp122535,Comp549343,6,Port52197,53,8963,6217,1353413,5533130
1720536597,9171,Comp278057,Comp923139,6,Port13279,993,2082,2736,1803012,560880
1720537787,12568,Comp678020,Comp235883,6,Port48489,3389,4068,1291,2428596,1726067
1720537804,4351,Comp679356,Comp437739,6,Port23475,22,9202,279,4039678,400923
1720538403,286,Comp675254,Comp329480,6,Port49503,25,6915,11752,4024530,4289480
1720539131,10849,Comp309437,Comp802471,6,Port39943,80,4075,1635,5468650,593505
1720539822,17890,Comp393198,Comp579118,6,Port60985,995,9138,682,9750246,783618
1720540119,15512,Comp329842,Comp678020,6,Port51822,25,7579,6165,9731436,3588030
1720541301,196,Comp356695,Mail,6,Port59995,143,6130,11548,3769950,1085512
1720541623,10777,Comp150536,Comp144583,6,Port10780,443,74,995,45436,1129325
1720541877,9567,Comp387691,Comp477748,6,Port25488,25,7766,3064,458194,1700520
1720544238,7649,Comp384614,Comp668118,6,Port29242,22,2160,6670,2235600,4228780
1720544262,12036,Comp744581,Comp130485,6,Port3021,25,11039,5909,761691,5873546
1720544271,7676,Comp588967,Comp130485,6,Port2493,22,2268,1748,3309012,1541736
1720545215,16454,Comp954988,Comp122535,6,Port3519,443,359,11407,374437,14213122
1720545645,16339,Comp827253,Comp549343,6,Port50519,3389,4515,4299,3246285,5180295
1720545978,11594,Comp923139,Comp912181,6,Port29837,110,4194,8119,4210776,11504623
1720546685,8253,Comp654038,Comp954988,6,Port49517,80,4227,5495,6298230,7583100
1720546741,10745,Comp954988,Comp118871,6,Port54890,53,11122,7026,3047428,6766038
1720548832,16201,Comp556450,Comp593922,6,Port3353,3389,3295,10853,3720055,9246756
1720548866,5407,Comp309437,Comp567603,6,Port55705,3389,10049,3910,13103896,2795650
1720548913,15635,Comp324834,Comp574773,6,Port15581,445,1953,9773,1749888,9870730
1720549386,10636,Comp668118,Comp678020,6,Port27111,143,7402,3508,7453814,449024
1720549451,1144,Comp847313,Comp517345,6,Port63144,25,1570,3803,1221460,2384481
1720549886,13494,Comp588967,Comp328683,17,Port20481,123,2752,393,726528,173706
1720550222,3640,Comp127895,Comp549343,17,Port61655,137,1777,4161,2615744,3545172
1720552290,9281,Comp490789,Comp387691,6,Port33705,25,559303,7035,619708178,3964498
1720554249,17107,Comp207492,Comp516294,6,Port1884,587,5518,7678,3321836,5697076
1720554927,14033,Comp562571,BackupServer,6,Port54733,53,10295,5161,15040995,4598451
1720555534,12591,Comp147986,Comp654763,6,Port3884,25,9076,4278,1107272,2686584
1720556085,1253,Comp246872,Comp228954,6,Port42085,445,8379,2691,5320665,1453140
1720556203,15463,Comp885616,Comp723487,6,Port30594,22,5867,10850,4992817,11218900
1720556380,6037,Comp562571,Comp943990,6,Port10043,80,3428,4610,1319780,1857830
1720556913,903,Comp329842,Comp131751,6,Port34222,445,3560,3671,3624080,4856733
1720557742,17276,Comp114833,Comp627014,6,Port24392,53,1587,11291,1277535,2314655
1720557911,3434,Comp490789,Comp147986,6,Port7380,993,7976,7641,3365872,2781324
1720558412,5822,Comp675254,Comp918279,6,Port36855,25,9369,10180,3185460,11574660
1720558556,2559,Comp207492,Comp920919,6,Port3852,445,6574,4664,3010892,746240
1720558563,11193,Comp658094,FileServer,6,Port35748,22,6915,5164,8263425,3315288
1720558679,15621,Comp228954,Comp187068,6,Port15604,587,4469,8754,3575200,5173614
1720558906,9358,Comp664505,Comp207492,6,Port54609,993,11561,11759,13861639,16544913
1720559677,15648,Comp385395,Comp966362,6,Port62326,993,10651,9464,11588288,2564744
1720560570,16859,Comp231236,Comp127895,6,Port61160,80,4878,5545,5897502,3898135
1720560793,15705,Comp127895,Comp802471,6,Port61516,53,9060,7174,11669280,5100714
1720561485,2930,Comp405733,Comp714275,6,Port7505,3389,4188,4189,3940908,5169226
1720562097,3708,Comp228954,Comp584383,6,Port33909,587,1486,5475,841076,4538775
1720562246,5389,Comp356695,Comp721407,17,Port15500,123,3489,4655,3673917,1070650
1720564093,11487,Comp396858,Comp114833,6,Port7262,22,10014,1193,14199852,1562830
1720566881,15522,Comp198162,Comp364557,6,Port26322,110,5783,10495,2943547,2728700
1720567276,5632,Comp892394,Comp111156,6,Port28719,445,10384,1642,7798384,1730668
1720567999,11991,Comp328683,Comp207492,6,Port20145,110,3873,3213,5123979,1407294
1720568138,3371,Comp920919,Comp231236,6,Port8389,993,5520,3038,5034240,659246
1720568921,9775,Comp477748,DNS,17,Port27363,161,879,2665,219750,850135
1720569150,14035,Comp458510,Comp207492,6,Port11046,3389,9371,5971,5163421,8466878
1720570649,7108,Comp782474,Comp658094,6,Port3651,995,3746,11526,1539606,16897116
1720572308,2937,Comp257122,Comp794320,6,Port30138,143,1094,3941,806278,3609956
1720573380,7404,Comp892394,Comp224037,6,Port5282,995,2627,8811,3911603,10740609
1720573919,13718,Comp922028,Comp579118,6,Port63340,143,7986,8793,10102290,11940894
1720574396,16828,Comp943990,Comp920919,6,Port55108,22,9784,9165,14108528,5022420
1720574744,11091,Comp111156,Comp966362,6,Port60754,80,11457,7469,12854754,8559474
1720575237,12079,Comp235883,Comp567603,6,Port7641,110,2827,8883,2207887,7088634
1720575317,7549,Comp714633,Comp579118,6,Port31021,3389,7086,9137,7107258,2668004
1720575689,16723,Comp912181,Comp795264,6,Port54186,993,5506,8194,4228608,6702692
1720576360,15658,Comp593707,Comp846141,6,Port38152,25,8584,6701,849816,710306
1720576377,17499,Comp130485,Comp954988,6,Port20797,22,8073,1094,1695330,1013044
1720578765,15541,Comp231236,Comp437739,6,Port54668,443,843,6097,716550,2554643
1720579099,9846,Comp493273,Comp826274,17,Port20972,68,1791,9044,1796373,1727404
1720579464,17287,Comp588967,Comp593922,6,Port63847,587,7081,4103,2903210,4386107
1720579546,10978,Comp228954,Comp920919,6,Port7523,80,6375,2987,541875,1639863
1720579579,10829,Comp490789,Comp574773,6,Port46569,993,10628,7130,1498548,4933960
1720580467,11814,Comp111156,Comp794320,17,Port1879,138,10166,1588,5062668,262020
1720581685,3346,Comp654763,Comp384614,6,Port60005,110,702,8628,910494,1345968
1720582180,15105,Comp847313,Comp385395,6,Port23944,143,7009,11796,4555850,16290276
1720582198,6530,Comp962233,Comp898521,6,Port2339,3389,4879,5810,7128219,5316150
1720582395,11863,Comp847313,Mail,6,Port54914,110,5789,334,7786205,210086
1720582829,15196,Comp847313,Comp675254,6,Port63437,443,778,3257,1005954,3296084
1720583660,2064,Comp852902,Comp499855,6,Port60372,995,10066,379,14625898,417279
1720584736,5415,Comp846125,Comp131751,17,Port32359,138,1983,5511,779319,1135266
1720584879,16963,Comp846125,Comp595110,6,Port4997,443,11367,3718,16618554,5145712
1720585414,6500,Comp329480,Comp584383,6,Port15717,587,11175,9279,15510900,9251163
1720585607,11897,Comp207492,Comp638936,6,Port3017,995,9852,10130,11881512,4973830
1720585667,10109,Comp493273,Comp499855,17,Port3881,138,1412,5219,453252,2254608
1720586598,15658,Comp834256,Comp714633,6,Port11268,587,4901,11735,2269163,1971480
1720587596,9186,Comp517345,Comp558739,6,Port37354,993,287,5394,284704,2233116
1720587684,7645,Comp593707,Comp405733,6,Port50458,110,7340,1422,778040,753660
1720587772,296,Comp782474,Comp826274,6,Port38753,587,10370,10899,12848430,3825549
1720588149,8545,Comp144583,Comp231236,6,Port14241,143,6320,4745,4177520,4835155
1720589002,10532,Comp364557,Comp954988,6,Port39843,445,278,10624,19738,4334592
1720590097,12399,Comp235883,Comp257122,6,Port15914,110,3640,8811,1725360,6775659
1720590633,14043,Comp579118,Comp678020,17,Port30770,1900,2043,11276,1258488,9640980
1720590892,13975,Comp714633,Comp846141,17,Port58371,138,5224,7746,5203104,1154154
1720591156,8267,Comp517345,Comp328683,6,Port9703,53,4462,7112,4100578,2034032
1720591631,1413,Comp852902,Comp437739,6,Port57468,53,9951,2800,5781531,397600
1720592649,4578,Comp885616,Comp111156,6,Port18506,995,2654,3351,2505376,3511848
1720593270,7332,Comp405733,Comp782474,6,Port44265,3389,3606,3950,4832040,4190950
1720593615,17621,Comp972911,Comp826274,6,Port17879,445,2851,3716,1570901,847248
1720595268,13857,Comp584383,Comp437739,6,Port11604,443,10674,7132,6254964,7952180
1720596714,16101,Comp131751,Comp588967,6,Port30080,110,3535,10440,664580,12778560
1720597586,17860,Comp114833,Comp458510,6,Port25612,445,11897,424,7031127,84376
1720597920,2398,Comp235883,Comp744581,6,Port33761,445,7995,7423,3629730,1558830
1720598011,210,Comp654038,Comp387691,6,Port16260,443,3681,9098,4225788,10917600
1720598094,10332,Comp304009,Comp993209,6,Port64138,445,7129,5319,1461445,2606310
1720599479,4767,Comp912181,Comp920919,6,Port44366,443,1473,3304,1327173,1797376
1720599629,15639,Comp304009,Comp562571,6,Port55252,995,10845,5188,12656115,4664012
1720602821,8367,Comp477748,Comp439536,6,Port51338,587,11486,9940,4732232,1381660
1720602960,169,Comp364557,Comp794320,6,Port47740,110,3525,10973,486450,7450667
1720603004,4013,Comp336148,Comp782474,6,Port10193,445,2053,8204,2108431,4323508
1720603553,6148,Comp131751,Comp405733,17,Port38962,1900,5142,5827,4622658,7231307
1720603700,485,Comp318192,Comp885616,17,Port58952,161,9257,7744,7970277,8564864
1720604388,5713,Comp314473,Comp943258,17,Port7224,123,7522,8123,9959128,3720334
1720605629,9712,Comp638936,Comp995267,17,Port30881,1900,470,9208,89770,9180376
1720606371,16078,Comp257122,Comp111156,6,Port12915,22,100,1735,32800,1089580
1720606609,11689,Comp721407,Comp923139,17,Port52311,68,2827,901,2041094,668542
1720607883,1679,Comp562571,Comp920919,17,Port61109,161,9053,4147,7785580,4615611
1720607915,7489,Comp144583,Comp912181,6,Port4355,445,3122,3119,4311482,1397312
1720608351,13836,Comp499855,Comp562571,17,Port52720,137,10733,7377,10121219,6521268
1720608705,6658,Comp556450,Comp364557,6,Port24285,443,3567,6260,1244883,4069000
1720609371,10136,Comp885616,Comp364557,6,Port63207,22,10711,11020,13742213,10898780
1720609696,17741,Comp955337,Comp405733,17,Port1977,1900,11031,9325,7114995,5567025
1720609784,2481,Comp679356,Comp675254,6,Port13375,25,8734,1772,11415338,2489660
1720610148,8596,Comp231236,Comp131751,6,Port47374,587,2104,10188,929968,6204492
1720610276,10974,Comp558739,Comp584383,6,Port51240,993,863,9248,1031285,1840352
1720610956,14365,Comp946215,Comp198162,6,Port6149,143,2084,4585,1715132,3457090
1720611704,15063,Comp794320,WebServer,17,Port11350,68,7594,695,6462494,269660
1720612438,5169,Comp556450,Mail,17,Port22847,137,8300,9523,12142900,6704192
1720612646,8404,Comp606940,Comp127895,6,Port3270,587,11825,2317,3133625,3206728
1720612892,14943,Comp385395,Comp847313,17,Port51456,67,11427,2643,5622084,499527
1720613200,15100,Comp847313,Comp499855,6,Port44224,143,3695,5645,1134365,575790
1720613428,14826,Comp744581,Comp314473,17,Port49341,161,4672,989,5863360,457907
1720613531,12017,Comp952578,Comp898521,6,Port31319,80,9267,4791,11871027,3238716
1720613642,4819,Comp714633,Comp114833,6,Port42330,587,9277,2959,11716851,674652
1720614464,6629,Comp679356,Comp962233,6,Port37975,995,3764,635,1456668,669925
1720615692,11805,Comp437739,Comp721407,6,Port45796,53,373,10837,155914,9959203
1720616010,4579,Comp574773,BackupServer,6,Port30092,587,1158,3128,726066,3328192
1720616856,12276,Comp573916,Comp549343,6,Port43036,25,9888,6528,11549184,4288896
1720617773,9270,Comp141961,Comp993209,6,Port42658,110,4183,9801,4751888,13701798
1720617883,7967,Comp384614,FileServer,6,Port42393,587,8681,5776,12865242,5897296
1720618105,6398,Comp150536,Comp993209,6,Port57308,80,9611,3514,11389035,4863376
1720618328,13928,Comp995267,Comp235883,6,Port23580,53,10759,8920,15406888,1489640
1720618882,8379,Comp723487,Comp803281,6,Port57724,110,5905,8304,2527340,8420256
1720620580,5524,Comp114833,Comp293600,6,Port2841,25,7649,121,7067676,65703
1720620741,6911,Comp912181,Comp384614,6,Port32388,445,2347,9829,1919846,3155109
1720620933,8717,Comp892394,Comp424132,6,Port29527,25,11296,1419,2948256,429957
1720621763,11116,Comp235883,Comp384614,6,Port57025,80,10598,8850,15070356,2885100
1720622360,17822,Comp846125,Comp558739,6,Port3956,80,4678,1195,1001092,207930
1720622666,6129,Comp782474,Comp131751,6,Port15007,3389,4407,786,5676216,552558
1720622725,3216,Comp329842,BackupServer,6,Port31271,3389,8790,1460,3770910,1706740
1720622727,17603,Comp549343,Comp995267,6,Port53630,22,4970,8888,1804110,6363808
1720623494,2660,Comp794320,Comp675254,17,Port30962,138,8707,5441,7984319,1256871
1720623924,16268,Comp675254,Comp304009,6,Port42243,587,1084,7218,782648,7737696
1720624031,2560,Comp556450,Comp675254,6,Port12553,80,3224,3368,1944072,993560
1720624226,6550,Comp396858,DNS,6,Port61877,445,9364,1439,12716312,1882212
1720624483,17965,Comp923139,BackupServer,6,Port51618,3389,11047,9428,11709820,5421100
1720624595,2983,Comp329480,Comp198162,6,Port3796,25,313,9992,290464,409672
1720625636,2879,Comp658094,Comp943258,6,Port46453,3389,9350,10068,11126500,4701756
1720626151,10965,Comp364557,Comp668118,17,Port9372,53,832,778,1008384,976390
1720626328,3425,Comp293600,Comp424132,17,Port37121,161,10396,11099,3149988,15338818
1720626485,440,Comp593707,Comp654038,6,Port46727,443,3040,6502,2079360,4258810
1720627034,12506,Comp231236,Comp122535,6,Port60756,995,4351,2352,5921711,3488016
1720628515,17269,Comp593922,Comp846125,6,Port5572,443,8604,2385,10574316,901530
1720630195,13671,Comp721407,Comp943990,6,Port19551,25,10095,6034,1292160,3958304
1720631402,17356,Comp499855,Comp304009,17,Port45561,123,4975,7243,1985025,5135287
1720631556,9487,Comp328683,Comp847313,6,Port17928,993,3780,584,1610280,194472
1720631586,11053,Comp100000,Comp127895,6,Port46995,443,11759,5953,9277851,3565847
1720631836,17688,Comp458510,Comp803281,6,Port12857,22,11572,2878,14221988,2207426
1720632119,9067,Comp885616,Comp131751,6,Port11576,443,6288,11014,4684560,11685854
1720632667,701,Comp884824,Comp954988,6,Port36146,110,288,7380,88704,5630940
1720632979,4299,Comp122535,Comp593922,6,Port45479,22,11628,4462,9918684,852242
1720633226,11175,Comp574773,Comp884824,6,Port14272,53,7430,5068,2682230,3648960
1720633624,15431,Comp328683,Comp439536,6,Port57404,3389,6634,10046,6833020,12838788
1720633688,10916,Comp547568,Comp668118,17,Port57078,137,1347,8288,1972008,571872
1720634384,7301,Comp731825,Comp187068,6,Port6262,22,11919,4649,11477997,6959553
1720634512,5783,Comp834256,Mail,6,Port20655,22,8625,10070,11833500,2285890
1720634736,12298,Comp846125,Comp782474,6,Port36900,110,2613,7461,2179242,395433
1720635474,16190,Comp834256,Comp384614,6,Port32694,143,4364,714,5350264,174930
1720635711,5005,Comp679356,Comp731825,17,Port17474,137,4125,7567,5824500,3064635
1720636287,9952,Comp918279,Comp846141,6,Port35183,587,10447,11263,3060971,6228439
1720636507,7693,Comp424132,Comp393198,6,Port63134,53,5707,10359,5769777,12959109
1720636853,4434,Comp714275,Comp834256,6,Port20870,22,10472,508,4314464,450596
1720637309,7295,Comp795264,Comp952578,6,Port15153,587,8255,10582,1345565,10285704
1720637415,1591,Comp668118,Comp493273,17,Port48660,68,4417,11780,1691711,15561380
1720637429,9543,Comp405733,Comp385395,6,Port37839,53,4869,1952,1207512,450912
1720637804,1929,Comp127895,Comp966362,6,Port45671,110,9719,7651,3071204,2800266
1720638369,8533,Comp304009,Comp573916,6,Port42723,445,5994,9060,293706,13164180
1720638545,16152,Comp794320,Comp424132,6,Port50105,25,8173,519,11899888,604635
1720639395,2624,Comp658094,Comp111156,6,Port48071,995,1475,9932,1005950,1251432
1720639511,4506,Comp328683,Comp802471,6,Port40113,53,5119,4723,1443558,1747510
1720639881,12979,Comp499855,Comp127895,6,Port30343,443,6923,3592,3745343,2101320
1720640539,16326,Comp860515,Comp336148,6,Port30711,110,4119,3098,4654470,269526
1720640916,17200,Comp517345,Comp384614,6,Port18144,587,10174,6067,9787388,5405697
1720641942,2163,Comp658094,Comp257122,6,Port29984,53,2524,9582,287736,9467016
1720642400,4304,Comp293600,Comp329842,6,Port40054,25,10193,9858,2599215,5224740
1720643235,17710,Comp141961,Comp946215,6,Port47249,443,759,2705,632247,954865
1720643566,9101,Comp675254,Comp439536,6,Port50886,995,5127,9923,7459785,6559103
1720643578,15000,Comp437739,Comp943258,6,Port25347,445,6208,9914,887744,13701148
1720643759,260,Comp860515,FileServer,6,Port48308,993,3043,736,3952857,801504
1720643869,2093,Comp678020,Comp588967,6,Port29232,143,6480,3748,842400,5254696
1720644045,3678,Comp431255,Mail,6,Port24142,25,10811,180,8248793,152460
1720644648,1549,Comp309437,Comp721407,6,Port11582,143,5328,11869,2003328,2290717
1720646412,16034,Comp946215,Comp892394,6,Port18176,3389,6469,5667,4256602,719709
1720646543,14462,Comp884824,Comp794320,17,Port44868,161,11407,3244,15867137,1051056
1720646712,7027,Comp517345,Comp393198,6,Port14986,587,11084,10731,3934820,8584800
1720647478,1406,Comp255630,Comp678020,6,Port5986,80,165,8219,160380,2851993
1720647972,1911,Comp723487,Comp794320,17,Port18568,137,8712,11282,4582512,5674846
1720649122,4719,Comp668118,Comp293600,6,Port64923,445,10203,9602,10111173,13154740
1720649330,13086,Comp593707,Comp794320,6,Port10686,22,11309,11464,1357080,1180792
1720649559,14422,Comp385395,Comp898521,6,Port10296,995,9610,2597,4555140,397341
1720650210,9708,Comp892394,Comp638936,6,Port27033,587,993,2448,1427934,1488384
1720651674,16336,Comp141961,Comp198162,6,Port25730,53,9105,909,9979080,1032624
1720652960,16706,Comp675254,Comp187068,6,Port60394,53,10134,4114,14258538,5109588
1720654314,13817,Comp638936,Comp721407,6,Port16363,445,6299,6614,6519465,3042440
1720655696,1418,Comp993209,Comp847313,6,Port27941,995,251,6780,77810,3145920
1720655866,16018,Comp912181,Comp954988,6,Port19774,3389,2285,8124,1631490,7230360
1720656254,16350,Comp654038,Comp884824,6,Port17145,445,3301,8798,4360621,11472592
1720656438,10078,Comp723487,Comp547568,6,Port21826,443,10354,9807,10726744,2922486
1720656573,10785,Comp405733,Comp834256,6,Port17610,993,1510,6239,1206490,8372738
1720656769,14033,Comp329480,Comp349447,6,Port47365,3389,8935,3273,11669110,3983241
1720657498,10663,Comp387691,Comp588967,17,Port51996,67,2151,5271,440955,2266530
1720659050,6196,Comp257122,Comp127895,6,Port12426,80,9994,10467,14411348,10665873
1720659616,12545,Comp490789,Comp638936,6,Port33016,110,136,9791,30464,9379778
1720659791,14134,Comp122535,Comp714633,6,Port18045,443,2830,10989,4230850,769230
1720660053,2548,Comp782474,Comp668118,6,Port56993,80,262930,6482,327347924,9942851
1720660255,12235,Comp658094,Comp679356,6,Port7553,80,6652,9350,5002304,3609100
1720661237,3119,Comp384614,Comp954988,6,Port27419,22,9372,4957,6888420,689023
1720661620,10347,Comp574773,Comp679356,6,Port22407,22,4992,91,434304,65520
1720662677,1942,Comp356695,Comp946215,6,Port24472,143,6403,8925,3214306,9505125
1720663105,17861,Comp995267,Comp744581,17,Port61745,137,7676,1046,2870824,852490
1720663461,12021,Comp198162,Comp593707,6,Port35909,80,5460,7622,5847660,1288118
1720665422,8456,Comp562571,Comp127895,6,Port25545,53,9031,11972,2953137,14929084
1720666639,9070,Comp246872,Comp943258,6,Port53147,80,3406,307,4141696,43594
1720667109,11146,Comp663497,Comp228954,6,Port51171,3389,2085,8807,996630,5319428
1720667238,2244,Comp329842,Comp627014,6,Port10366,445,2249,10418,2880969,9053242
1720667315,9178,Comp556450,Comp920919,17,Port30809,53,2089,7521,1182374,10476753
1720667420,12886,Comp235883,Comp364557,6,Port27609,53,454,8279,516652,9438060
1720667731,4689,Comp293600,Comp385395,17,Port30028,1900,524,10816,532384,3493568
1720667744,8629,Comp731825,Comp458510,6,Port23533,53,633,9326,939372,6192464
1720668239,5947,Comp150536,Comp920919,6,Port54180,3389,1887,475,1522809,613700
1720668461,2899,Comp549343,Comp954988,6,Port65274,3389,7609,9289,4222995,3724889
1720670131,17618,Comp111156,Comp318192,17,Port2754,137,2882,9088,2847416,12359680
1720670180,10669,Comp324834,Comp995267,6,Port56287,995,7015,2737,582245,2238866
1720670219,7058,Comp654038,Comp122535,6,Port56819,3389,871,7856,1269918,7494624
1720670662,6089,Comp278057,Comp827253,6,Port24609,443,9606,10102,9884574,10172714
1720670858,12229,Comp231236,Comp860515,6,Port32325,993,4268,10178,473748,14778456
1720670901,1948,Comp187068,Comp714633,6,Port7608,443,5294,10450,1540554,10909800
1720671760,10208,Comp147986,WebServer,6,Port23675,443,8102,9334,494222,5964426
1720672468,4145,Comp127895,Comp567603,6,Port16393,110,11970,1465,12125610,1319965
1720674398,16016,Comp584383,Comp198162,6,Port59525,445,9517,5819,9621687,6168140
1720674516,14117,Comp558739,Comp246872,6,Port7932,80,4816,2796,1334032,2552748
1720674823,13638,Comp517345,Comp802471,6,Port22949,53,4150,851,3473550,45954
1720675585,2625,Comp573916,Comp892394,6,Port32048,80,4063,3161,3063502,4286316
1720675744,1452,Comp846141,Comp918279,6,Port64097,22,1006,10912,748464,4812192
1720676040,8252,Comp593707,Comp477748,6,Port53752,3389,4054,7176,3818868,7104240
1720676874,6398,Comp255630,Comp782474,17,Port61430,161,9112,9162,11708920,7934292
1720677126,13037,Comp114833,Comp584383,6,Port21033,993,3315,6033,4558125,1297095
1720678835,12814,Comp847313,Comp802471,6,Port18308,143,4694,4276,1272074,5635768
1720679369,7150,Comp424132,Comp692997,6,Port37883,110,831,5794,1178358,932834
1720680297,2905,Comp731825,Comp966362,6,Port22996,53,3017,11807,2645909,16895817
1720680995,5836,Comp993209,Comp638936,6,Port2044,993,825,3443,250800,4768555
1720681362,9062,Comp187068,Comp393198,6,Port53418,443,5648,3733,7907200,3303705
1720681637,4564,Comp664505,BackupServer,6,Port7144,143,3564,10166,2063556,14567878
1720681985,5720,Comp431255,Comp795264,6,Port13643,445,11638,4446,8030220,5730894
1720682518,4334,Comp892394,BackupServer,6,Port61874,993,7077,10846,10275804,14674638
1720682860,1166,Comp892394,Comp329842,6,Port48243,445,4472,11696,3962192,14105376
1720682928,10822,Comp141961,Comp593707,6,Port42472,143,6451,792,1599848,1105632
1720683056,17948,Comp993209,Comp549343,6,Port9355,995,11513,8017,1634846,9371873
1720683887,17134,Comp885616,Comp966362,6,Port17202,995,2166,1130,2679342,1497250
1720685687,16728,Comp122535,Comp114833,6,Port14288,3389,3038,10550,1667862,2131100
1720685776,11860,Comp329842,Comp714633,17,Port42397,137,6544,1382,1210640,916266
1720685836,13455,Comp995267,Comp885616,6,Port33312,995,1267,10653,126700,7861914
1720686132,1156,Comp187068,Comp118871,17,Port24283,1900,6236,9232,8855120,12620144
1720686345,3619,Comp493273,Comp318192,6,Port49142,445,1886,6437,1650250,4821313
1720686380,12710,Comp955337,Comp827253,17,Port51212,500,10369,2494,8347045,1700908
1720686432,17793,Comp549343,FileServer,6,Port48726,53,9285,3203,8375070,3808367
1720686849,16348,Comp314473,Comp318192,6,Port7848,22,584,5174,380184,5117086
1720687433,11354,Comp892394,Comp573916,6,Port40306,3389,6451,10169,9212028,9101255
1720687879,1961,Comp638936,Comp318192,6,Port14573,995,2520,10772,2315880,14800728
1720688583,17389,Comp328683,BackupServer,17,Port18578,53,6983,6022,6787476,7443192
1720688977,5724,Comp593922,Comp356695,6,Port64137,445,6537,2794,8785728,3011932
1720689009,767,Comp923139,Comp794320,6,Port27820,25,11612,6772,510928,9724592
1720689134,13828,Comp679356,Comp744581,6,Port51833,443,2131,9979,1076155,1097690
1720689552,3123,Comp943990,Comp309437,6,Port16907,80,6058,6496,7608848,5515104
1720689724,5429,Comp918279,Comp679356,6,Port63752,993,11586,10686,2085480,908310
1720690672,12190,Comp654763,Comp679356,17,Port18894,138,1405,115,732005,137425
1720692000,17377,Comp852902,Comp549343,6,Port12763,143,3048,6023,847344,1355175
1720692085,16329,Comp567603,Comp846141,6,Port21875,587,8622,550,9329004,471900
1720693129,2946,Comp593707,Comp309437,6,Port12212,143,1298,7340,1649758,8675880
1720693811,3164,Comp721407,Comp111156,17,Port39656,68,2495,7396,1060375,7048388
1720694876,14563,Comp593707,Comp675254,6,Port10315,445,11485,3747,11978855,468375
1720695727,5708,Comp574773,Comp993209,6,Port14416,993,6978,9533,8017722,6997222
1720696449,1403,Comp324834,Comp714275,17,Port46320,1900,674,11414,917988,13445692
1720696637,10587,Comp627014,Comp147986,6,Port3770,53,10252,5484,14291288,7902444
1720696886,11826,Comp692997,Comp114833,6,Port29439,22,6282,5219,4428810,7050869
1720696917,17993,Comp731825,Comp955337,6,Port45695,80,5725,2284,887375,2816172
1720697586,8754,Comp663497,Comp668118,6,Port29762,443,11908,338,13408408,164944
1720698595,14394,Comp962233,Comp114833,17,Port2430,137,3772,4879,3145848,5547423
1720698653,9619,Comp356695,Comp147986,17,Port11217,68,4544,5297,3226240,1499051
1720700723,16624,Comp328683,Comp278057,6,Port63651,80,6906,9219,5718168,4803099
1720700725,8773,Comp493273,Comp255630,17,Port50835,161,2900,10344,2842000,4685832
1720701226,12150,Comp549343,Comp131751,6,Port23621,993,1524,1303,697992,974644
1720701478,17338,Comp668118,Comp943258,17,Port57387,500,1657,1830,859983,2410110
1720701646,15792,Comp356695,Comp130485,6,Port1448,22,3691,6722,1985758,8731878
1720701806,7218,Comp424132,Comp955337,6,Port4078,443,956,4506,726560,6051558
1720701822,9127,Comp547568,Comp127895,6,Port58090,53,6050,8426,6213350,11855382
1720702247,10669,Comp714633,Comp803281,6,Port44519,995,11922,3869,1204122,309520
1720702346,2235,Comp920919,Comp235883,6,Port39718,22,3050,4989,1424350,7463544
1720705650,4202,Comp439536,Comp606940,6,Port23249,22,490,5329,540470,7039609
1720706544,12772,Comp638936,Comp187068,6,Port53755,993,472,7215,39648,8023080
1720707108,1291,Comp918279,Comp336148,6,Port40258,445,1996,836,2397196,131252
1720707500,10826,Comp198162,Comp679356,6,Port29088,3389,7022,10601,8166586,11735307
1720708021,8727,Comp387691,Comp692997,6,Port25573,53,5648,4067,2852240,4172742
1720708101,8736,Comp304009,Comp827253,6,Port23872,445,4815,2553,4583880,451881
1720708729,15226,Comp562571,Comp477748,17,Port38138,137,9056,7684,6837280,2566456
1720709964,4950,Comp898521,Comp675254,6,Port43291,445,4687,1620,1898235,1841940
1720710406,14235,Comp493273,Comp962233,17,Port52942,137,7393,7081,1907394,2003923
1720710556,14115,Comp431255,Comp802471,17,Port27215,123,11961,730,17259723,398580
1720712030,17865,Comp278057,Comp562571,6,Port17401,110,2035,3165,2633290,2933955
1720712346,14767,Comp424132,Comp679356,6,Port36906,80,1342,8714,1813042,11345628
1720712380,9126,Comp384614,Comp794320,6,Port38661,3389,2612,4461,639940,2029755
1720712880,6555,Comp499855,Comp318192,6,Port18946,22,1850,10806,2676950,605136
1720713054,14059,Comp111156,Comp114833,6,Port5752,993,9951,4268,9483303,5471576
1720713195,16699,Comp675254,Comp912181,17,Port22483,53,10515,8284,8275305,11630736
1720714460,5055,Comp111156,Comp490789,17,Port5576,138,6718,359,3621002,462033
1720714996,6655,Comp336148,Comp385395,6,Port6326,80,1564,11717,599012,8740882
1720715194,8947,Comp567603,Comp558739,6,Port63337,995,10215,7389,5250510,8061399
1720715929,1937,Comp794320,Comp336148,6,Port51431,143,11011,8497,3226223,1920322
1720716813,5656,Comp437739,Comp952578,6,Port3310,143,4892,3902,5836156,3784940
1720716859,2998,Comp593922,Comp884824,17,Port23529,1900,8063,3461,11481712,3173737
1720717361,13902,Comp658094,Comp567603,6,Port17450,80,7300,5240,10599600,5067080
1720717586,8901,Comp593707,Comp955337,6,Port63923,80,6338,3067,8492920,3220350
1720717758,10868,Comp562571,Comp130485,6,Port29256,25,4238,249,987454,333162
1720718299,1438,Comp329480,Comp595110,17,Port17781,53,3341,8000,3745261,9424000
1720719936,10322,Comp477748,Comp654038,6,Port41973,143,3308,8599,4273936,799707
1720720633,12931,Comp920919,Comp593922,17,Port31670,161,4314,8109,3386490,8627976
1720720771,12409,Comp993209,Comp144583,6,Port13107,3389,9119,6646,7787626,7343830
1720720869,14311,Comp885616,Comp293600,6,Port20734,25,9911,6285,5956511,5323395
1720723939,2053,Comp638936,Comp458510,17,Port9240,67,1360,11826,1686400,11234700
1720724087,9890,Comp794320,Comp150536,6,Port45790,995,690,6322,736230,1005198
1720724431,8679,Comp654038,Comp943258,6,Port63643,22,5739,8470,5497962,3574340
1720724817,16080,Comp150536,Comp336148,6,Port53173,587,9222,4999,488766,6493701
1720725560,12430,Comp574773,Comp918279,6,Port25238,53,6731,396,9706102,17028
1720727078,17177,Comp946215,Comp654038,6,Port32442,22,9934,4199,7996870,6193525
1720727157,457,Comp593922,Comp860515,6,Port4949,995,8562,8656,12286470,3159440
1720727242,8057,Comp803281,Comp663497,6,Port24695,25,8471,7608,8725130,8939400
1720727344,12659,Comp558739,Comp692997,6,Port3093,80,6462,8323,5169600,2996280
1720727419,1605,Comp847313,Comp309437,6,Port49069,25,655,8970,746700,807300
1720727488,11723,Comp675254,Comp846141,6,Port59680,25,2157,2619,862800,2414718
1720728083,4163,Comp517345,Comp431255,6,Port13375,22,8912,9760,6220576,11155680
1720728622,1339,Comp207492,Comp802471,17,Port44503,68,3706,8573,281656,1405972
1720728957,11837,Comp898521,Comp100000,6,Port39696,22,8678,3694,9780106,1599502
1720729347,7676,Comp318192,Comp122535,6,Port27979,993,4071,6044,2088423,2925296
1720731516,7304,Comp131751,Comp663497,6,Port48351,25,158,10292,28282,14861648
1720731664,5859,Comp224037,Comp127895,17,Port44875,53,8116,2006,9755432,986952
1720732631,12330,Comp885616,Comp235883,6,Port18395,995,10707,3632,4068660,479424
1720732687,11136,Comp318192,Comp595110,17,Port52536,161,5352,2304,1958832,3405312
1720732730,12001,Comp826274,Comp458510,17,Port43324,68,1587,3658,398337,636492
1720733065,14180,Comp922028,Comp567603,6,Port21183,80,4975,2455,4581975,1843705
1720733136,10897,Comp852902,Comp114833,17,Port48454,67,11529,9672,6179544,2940288
1720734176,1348,Comp516294,Comp573916,6,Port42353,53,3822,11894,3336606,4852752
1720734885,2841,Comp384614,Comp224037,17,Port8598,1900,850,11632,460700,13248848
1720735890,17847,Comp668118,Comp782474,17,Port11756,137,9213,4297,10493607,1022686
1720736260,5147,Comp356695,Comp304009,17,Port21919,1900,2857,11186,1671345,11085326
1720737157,7697,Comp723487,Comp654038,6,Port3884,80,448,981,536256,849546
1720737529,6802,Comp782474,Comp744581,6,Port27235,587,8283,1332,5963760,1466532
1720737533,17824,Comp493273,Comp293600,6,Port30799,995,4060,3906,247660,1066338
1720737576,14839,Comp490789,Comp293600,6,Port51082,995,1647,3461,1115019,1924316
1720737994,8702,Comp834256,Comp396858,6,Port12087,587,648,11011,257256,495495
1720738022,12280,Comp362609,Comp364557,6,Port37634,587,2220,9118,1678320,12072232
1720738221,9928,Comp627014,Comp584383,6,Port43899,993,1796,9039,398712,13404837
1720738813,11609,Comp329842,Comp721407,6,Port30026,587,135,9674,153630,6684734
1720739037,17170,Comp679356,Comp993209,6,Port59558,25,4449,8702,4230999,7074726
1720739938,12098,Comp198162,Comp668118,6,Port21588,993,9917,6051,2449499,1421985
1720741434,2032,Comp100000,Comp827253,6,Port27339,53,4749,705,6971532,929895
1720742378,9058,Comp405733,Comp304009,6,Port1286,443,452,193,249504,223880
1720742468,14754,Comp860515,Comp114833,6,Port27522,110,10580,11707,3660680,2423349
1720742543,714,Comp675254,Comp304009,6,Port2328,53,7591,6022,303640,4895886
1720742851,6428,Comp658094,Comp663497,6,Port64495,80,11571,11436,4628400,3316440
1720743625,3620,Comp966362,Comp490789,6,Port16535,25,6988,373,566028,337938
1720744426,12978,Comp100000,Comp898521,6,Port53417,143,5725,7631,4265125,7615738
1720745130,2526,Comp329842,Comp846125,6,Port8551,143,6135,3376,5674875,2032352
1720745976,11233,Comp198162,Comp393198,6,Port18714,110,78,4372,45240,2990448
1720746119,1152,Comp952578,Comp556450,6,Port8738,25,4502,7882,5933636,8488914
1720746319,16631,Comp573916,Comp293600,6,Port24810,445,5303,5943,7689350,1586781
1720746651,5751,Comp627014,Comp187068,6,Port39907,53,3595,1615,1747170,146965
1720746899,7337,Comp972911,Comp141961,6,Port28109,995,10045,11996,9753695,7773408
1720747087,14179,Comp329480,Comp385395,6,Port40083,22,11483,8549,7188358,6471593
1720747346,6834,Comp993209,Comp606940,6,Port53041,22,5738,4327,2518982,1977439
1720747516,2073,Comp782474,Comp972911,6,Port3912,80,9424,7456,3260704,4943328
1720748522,16287,Comp922028,Comp356695,6,Port28396,110,2678,1816,2145078,343224
1720748850,2006,Comp362609,Comp499855,6,Port39339,3389,11072,5156,2745856,5821124
1720749304,8948,Comp385395,Comp131751,6,Port34792,443,8439,5098,8616219,5908582
1720749917,2237,Comp130485,Comp477748,6,Port10431,110,8807,4465,11713310,1911020
1720750201,12561,Comp803281,Comp556450,6,Port14356,995,7137,5805,4118049,5752755
1720750387,4857,Comp549343,Comp827253,6,Port25359,445,9948,10975,8704500,4181475
1720750599,16781,Comp606940,Comp246872,6,Port43041,995,6409,83,9389185,51211
1720750744,3640,Comp860515,Comp477748,6,Port64870,110,11570,6638,12368330,3358828
1720750807,12055,Comp118871,Comp993209,6,Port24792,80,7949,11287,4999921,16445159
1720751114,252,Comp150536,Mail,6,Port34699,80,5444,10666,7224188,7903506
1720751250,2037,Comp393198,Comp573916,6,Port20795,22,2501,10770,252601,10382280
1720751293,4977,Comp826274,Comp127895,17,Port3229,123,10882,4949,9782918,1712354
1720751306,15909,Comp493273,BackupServer,6,Port26723,443,674,6806,274992,9480758
1720751661,17933,Comp336148,Comp860515,6,Port23452,445,517,7135,156651,7406130
1720753103,11044,Comp499855,Comp795264,6,Port10734,445,371,10052,294574,1950088
1720753505,6057,Comp795264,Comp993209,6,Port44304,22,1295,11455,1399895,6002420
1720754059,5620,Comp892394,Comp349447,6,Port17699,445,2965,3058,3311905,2379124
1720754192,3803,Comp349447,Mail,6,Port15513,443,5885,1489,6655935,975295
1720754501,6130,Comp150536,Comp595110,6,Port26134,587,3319,3179,1530059,3843411
1720754617,8923,Comp898521,Comp547568,6,Port63242,22,5448,3153,3508512,2692662
1720754832,12334,Comp663497,Comp387691,6,Port42078,993,5375,3604,1101875,3074212
1720755125,4129,Comp658094,Comp364557,6,Port28460,587,5259,11000,4943460,6490000
1720755539,645,Comp679356,Comp744581,17,Port53966,500,715,2584,867295,3286848
1720757017,10074,Comp405733,Comp860515,6,Port2384,3389,6446,5064,4815162,5383032
1720757671,4370,Comp405733,Comp207492,6,Port22752,445,3596,4291,1783616,4591370
1720758882,7212,Comp111156,Comp147986,6,Port35897,995,6460,3264,3397960,3257472
1720759427,12812,Comp356695,Comp114833,6,Port32549,993,727,2357,719003,2380570
1720760995,16143,Comp405733,Comp923139,17,Port44646,1900,10446,11968,10665366,13691392
1720761142,9618,Comp396858,Comp852902,6,Port46295,3389,8667,7517,6370245,2863977
1720762410,16702,Comp231236,Comp946215,6,Port30440,587,4151,1226,1664551,984478
1720763999,4843,Comp385395,Comp595110,6,Port60995,53,4316,7859,2757924,1815429
1720764005,12835,Comp962233,Comp593707,17,Port60902,138,3795,7338,1965810,4226688
1720764054,17633,Comp424132,Comp955337,6,Port31678,143,11894,4310,2176602,2004150
1720764340,3883,Comp846141,Comp278057,17,Port59209,500,8423,9456,5323336,3148848
1720764689,13290,Comp293600,Comp493273,17,Port42367,68,5523,9628,7063917,8068264
1720764844,8530,Comp141961,Comp658094,6,Port9988,80,7782,9440,7291734,6390880
1720765570,15853,Comp606940,Comp385395,17,Port8738,1900,774,7669,181116,5383638
1720765904,5498,Comp962233,Comp918279,17,Port6181,123,9958,5302,12786072,6966828
1720766940,17290,Comp278057,Comp235883,6,Port14687,445,7149,2483,2509299,1410344
1720767317,14369,Comp328683,DNS,6,Port21171,53,3712,527,3478144,113832
1720767602,12691,Comp654038,Comp558739,6,Port5483,587,8317,11019,7219156,13167705
1720768008,526,Comp147986,Comp207492,6,Port40255,22,77,10092,84700,3572568
1720768170,1488,Comp150536,Comp293600,6,Port27552,80,5884,2415,6813672,3528315
1720768380,11925,Comp606940,Comp579118,6,Port39834,445,11328,9632,5290176,9737952
1720768619,8620,Comp782474,Comp962233,6,Port33476,80,9115,573,10710125,236649
1720768968,5818,Comp150536,Comp593707,6,Port18548,143,531,2848,476307,2503392
1720769483,15154,Comp364557,Comp952578,6,Port40694,445,7079,1802,3893450,2524602
1720769503,8658,Comp393198,Comp328683,6,Port62381,53,8160,4086,1558560,5626422
1720769765,8262,Comp549343,Comp588967,6,Port21458,3389,6317,3835,5489473,2373865
1720770891,5814,Comp627014,Comp516294,6,Port20850,995,3862,6151,2765192,504382
1720771838,17669,Comp593922,Comp898521,6,Port34319,3389,8147,5504,5922869,858624
1720772264,6566,Comp257122,Comp955337,6,Port52904,143,5082,1369,5320854,1809818
1720774156,4672,Comp795264,Comp664505,6,Port35310,110,11386,1799,12228564,1807995
1720774484,12138,Comp336148,Comp852902,17,Port54696,53,10056,9846,3036912,10820754
1720774861,614,Comp892394,Comp678020,6,Port5802,587,10912,6577,5150464,7188661
1720775332,10719,Comp920919,Comp207492,6,Port7374,993,5035,11065,6832495,12968180
1720775982,10163,Comp744581,Comp309437,6,Port27236,53,8129,1567,7373003,1225394
1720776001,4394,Comp574773,Comp663497,6,Port16026,995,1733,3698,1124717,2189216
1720776095,13843,Comp122535,Comp231236,6,Port2522,443,9030,1893,13174770,725019
1720776811,786,Comp458510,Comp490789,6,Port14906,993,9053,11088,9225007,5410944
1720777581,17670,Comp922028,Comp231236,6,Port18513,993,9305,1906,11910400,2163310
1720778121,15408,Comp654763,Comp499855,6,Port60352,25,243,9610,176418,576600
1720778304,3157,Comp314473,Comp663497,6,Port51491,25,5471,2308,1520938,581616
1720779748,8862,Comp437739,Comp584383,6,Port23674,22,3297,8733,3656373,10383537
1720780059,3546,Comp574773,Comp955337,6,Port62828,445,10980,5463,13527360,5386518
1720780619,11137,Comp664505,Comp362609,17,Port54986,500,6457,11629,5766101,3197975
1720781022,6345,Comp827253,Comp329842,6,Port17194,22,7338,838,4923798,77934
1720781080,8793,Comp336148,Comp349447,17,Port31861,67,5253,3895,1145154,1441150
1720781230,17225,Comp362609,Comp952578,6,Port60484,143,1367,8677,544066,1839524
1720781488,11141,Comp658094,WebServer,6,Port30520,110,7443,10987,10345770,4867241
1720781519,15608,Comp731825,Comp658094,6,Port24951,25,7330,6468,2089050,8123808
1720781816,11285,Comp493273,Comp144583,6,Port59305,445,4576,1180,4589728,1544620
1720781880,8540,Comp846125,Comp424132,6,Port43630,995,7554,7551,7614432,3458358
1720782174,271,Comp549343,Comp516294,17,Port29467,137,4687,5736,3416823,2638560
1720782298,1605,Comp962233,Comp246872,6,Port57131,22,7922,9298,11843390,11585308
1720782595,9599,Comp356695,Comp884824,6,Port49075,53,4184,6624,4296968,4378464
1720782969,9071,Comp304009,Comp573916,6,Port23461,53,9280,10774,13465280,3781674
1720783248,9038,Comp664505,Comp952578,6,Port28401,143,10647,1473,4471740,1665963
1720784028,15218,Comp517345,Comp439536,6,Port4081,25,5812,7486,6515252,5659416
1720785117,1725,Comp100000,Comp627014,6,Port7595,110,208,8848,241696,11874016
1720785284,11857,Comp898521,Comp884824,6,Port62593,25,8185,4870,11303485,6428400
1720785899,13426,Comp405733,Comp393198,6,Port4449,587,11275,5702,7216000,6813890
1720786229,11622,Comp147986,Comp387691,6,Port55005,143,84394,8343,90470546,8305349
1720786581,4246,Comp324834,Comp224037,6,Port14457,22,4299,5466,5223285,4487586
1720786992,7315,Comp567603,Comp723487,6,Port35960,22,6771,4711,7373619,3947818
1720787440,982,Comp111156,Comp663497,6,Port47618,143,4379,6977,1926760,300011
1720787838,3189,Comp668118,Comp122535,17,Port64966,500,9291,9643,4496844,2748255
1720789177,14457,Comp100000,Comp118871,17,Port25128,138,8710,1616,10391030,436320
1720789794,11114,Comp593922,Comp860515,6,Port60702,80,7501,10487,6533371,14524495
1720790509,15572,Comp847313,Mail,6,Port30319,445,4659,2400,6350217,984000
1720790644,12451,Comp723487,Comp638936,6,Port56964,143,2070,1172,1987200,1111056
1720791549,4333,Comp860515,Comp309437,6,Port7596,25,7400,2168,10885400,1396192
1720791805,14637,Comp549343,Mail,6,Port18316,110,4047,919,2092299,1062364
1720792334,12376,Comp393198,Comp826274,6,Port41217,53,10843,11423,12718839,6488264
1720792634,3449,Comp782474,Comp437739,6,Port46576,3389,758,3502,240286,4934318
1720793039,90,Comp721407,Comp198162,17,Port52856,1900,10154,9278,10834318,7338898
1720793178,13747,Comp946215,Comp114833,6,Port24114,80,9355,2189,6071395,866844
1720793495,12980,Comp364557,Comp517345,17,Port41323,138,6184,6350,4941016,4070350
1720793496,1616,Comp493273,Comp860515,6,Port41070,25,11918,5111,14528042,2923492
1720794044,8367,Comp834256,Comp517345,6,Port64543,587,8600,7913,1668400,8704300
1720795805,16449,Comp477748,Comp493273,6,Port8584,3389,502,11861,183732,6072832
1720796399,14264,Comp962233,Comp654763,6,Port2078,80,4709,7799,4035613,904684
1720797125,14708,Comp131751,Comp912181,6,Port38115,445,10085,8423,6494740,9972832
1720797130,7075,Comp744581,Comp654038,6,Port2034,53,9312,3148,8026944,4696816
1720797373,2181,Comp384614,Comp309437,6,Port13658,3389,1926,1463,1286568,593978
1720797468,6320,Comp654763,Comp847313,6,Port33280,80,2043,1039,273762,1319530
1720797591,12364,Comp499855,Comp860515,6,Port18300,25,11088,3602,15600816,349394
1720797623,15134,Comp490789,Comp923139,6,Port18210,445,548,6659,574304,3522611
1720797806,11592,Comp782474,Comp517345,6,Port23362,3389,11395,725,10597350,41325
1720797988,696,Comp356695,Mail,6,Port45312,110,6489,3156,1667673,1953564
1720798502,10629,Comp364557,Comp562571,6,Port24625,995,9689,7575,3177992,7037175
1720799199,3369,Comp744581,Comp144583,6,Port52195,53,2584,10481,2354024,15166007
1720799527,10974,Comp384614,Comp920919,6,Port11282,80,4129,11874,478964,15044358
1720800065,7418,Comp336148,Comp405733,17,Port7632,1900,8744,2832,6383120,3981792
1720800094,9594,Comp995267,Comp493273,6,Port11765,22,1948,1225,2606424,1215200
1720801354,10734,Comp593922,Comp654763,6,Port60203,110,1216,6874,1601472,4220636
1720802022,11485,Comp100000,Comp847313,6,Port18922,993,7309,11257,5781419,15343291
1720803404,93,Comp663497,Comp912181,17,Port2954,161,102,5041,38658,640207
1720803834,17391,Comp966362,Comp130485,6,Port21365,25,11267,10850,1667516,13334650
1720804358,10353,Comp387691,Comp962233,6,Port45434,3389,8108,8914,2343212,13210548
1720804387,9129,Comp860515,Comp593707,6,Port24377,25,8564,10785,3845236,776520
1720804687,6813,Comp912181,Comp141961,6,Port25828,443,6010,11408,5072440,11339552
1720805215,1881,Comp912181,Comp304009,17,Port6599,138,7485,1288,8226015,1697584
1720806006,11340,Comp255630,Comp852902,6,Port44081,143,586660,4938,352582738,15576079
1720806012,6539,Comp884824,Comp664505,6,Port15251,25,58,599,72268,876936
1720809259,16325,Comp627014,Comp847313,6,Port7322,110,2970,532,816750,234080
1720809654,11843,Comp714633,Comp364557,6,Port47139,22,8365,5702,5504170,5542344
1720810181,7936,Comp860515,Comp207492,6,Port61476,3389,1479,7937,1384344,9802195
1720810206,571,Comp922028,Comp678020,17,Port40410,1900,2944,10632,347392,1499112
1720810485,9982,Comp918279,Comp803281,17,Port61498,161,278,1550,378636,1322150
1720811340,15216,Comp993209,Comp549343,6,Port26969,53,662,399,987704,575358
1720811621,8330,Comp794320,Comp952578,6,Port34531,53,5331,1254,5970720,910404
1720813207,11704,Comp664505,Mail,17,Port24067,123,7920,11121,8442720,13689951
1720813490,2134,Comp439536,Comp606940,6,Port33898,3389,1210,7938,417450,8906436
1720813611,7321,Comp549343,Comp499855,6,Port58625,143,11791,5775,3619837,2500575
1720814789,14276,Comp114833,Comp852902,6,Port41976,3389,9307,1233,3611116,717606
1720815028,7625,Comp884824,Comp517345,6,Port2747,993,7953,4449,1884861,3363444
1720815056,15933,Comp114833,Comp852902,17,Port38445,137,864,1545,737856,1028970
1720815120,7371,Comp588967,Comp846125,17,Port25360,137,6226,361,8946762,328149
1720815395,14606,Comp431255,Comp714275,6,Port36089,110,11049,5268,11369421,5225856
1720815747,11588,Comp658094,Comp141961,6,Port37005,443,2856,6031,3787056,3877933
1720815831,17056,Comp943990,Comp852902,6,Port39033,587,6490,5427,9533810,5280471
1720817050,9593,Comp246872,Comp943990,6,Port56906,445,6770,10458,6810620,10478916
1720817490,8425,Comp593922,Comp385395,6,Port56415,993,8356,10964,1612708,15974548
1720818274,6364,Comp943990,Comp130485,6,Port63698,25,11021,1459,15407358,1796029
1720818888,11742,Comp562571,Comp304009,17,Port40445,53,1571,3313,1314927,2852493
1720819186,17641,Comp794320,Comp912181,6,Port19427,445,755,6011,633445,1791278
1720819627,3030,Comp127895,Comp130485,6,Port13657,80,1074,4811,1590594,2443988
1720820008,16855,Comp588967,Comp966362,6,Port55816,995,3206,5230,3327828,2735290
1720820285,17582,Comp562571,Comp714633,6,Port59982,80,4244,8490,853044,3896910
1720820455,13843,Comp744581,Comp678020,6,Port3427,80,10540,2159,12184240,3067939
1720821770,10450,Comp141961,Comp517345,17,Port14956,161,6245,9924,9111455,8127756
1720822024,15533,Comp962233,Comp593707,6,Port44852,587,8939,3177,3450454,4714668
1720822061,4710,Comp663497,Comp654763,6,Port11678,25,6906,4189,4930884,896446
1720822933,11411,Comp293600,Comp574773,6,Port4252,25,11430,2660,2183130,2872800
1720823311,14496,Comp723487,Comp847313,6,Port65346,993,3958,7572,4302346,6799656
1720824232,14495,Comp664505,Comp954988,6,Port7228,53,8028,8347,1990944,9624091
1720825101,10557,Comp499855,Comp744581,6,Port14791,25,3272,7490,2159520,4561410
1720825290,6939,Comp224037,Comp654038,6,Port64823,445,2800,5923,2772000,4726554
1720826132,17094,Comp293600,Comp424132,6,Port7481,110,11776,3638,14920192,2011814
1720826716,12127,Comp972911,Comp606940,6,Port52622,22,288,8252,145728,8722364
1720826889,13859,Comp679356,Comp663497,17,Port37280,161,3272,1423,4469552,456783
1720827191,11220,Comp336148,Comp846141,6,Port35854,25,4633,3742,347475,3753226
1720827253,15790,Comp396858,Comp100000,6,Port54387,110,1655,8190,468365,6248970
1720828013,8598,Comp638936,Comp744581,6,Port2400,53,9262,8306,1972806,9992118
1720829857,9840,Comp920919,Comp235883,6,Port4943,80,4314,3216,4874820,302304
1720830012,14471,Comp860515,Comp744581,17,Port13638,161,5507,4094,3127976,1252764
1720830469,9312,Comp782474,Comp385395,6,Port32641,3389,3647,3819,255290,3536394
1720830521,4409,Comp304009,Comp827253,6,Port63099,3389,10702,10641,12735380,6224985
1720830636,13632,Comp943258,Comp595110,17,Port5443,68,5061,6868,2247084,3131808
1720830713,6759,Comp573916,Comp387691,6,Port28128,53,9448,1423,9788128,1995046
1720831201,1891,Comp654763,Comp309437,6,Port28679,995,7484,1929,6331464,2625369
1720831244,6709,Comp405733,BackupServer,17,Port13700,123,11469,830,2316738,144420
1720831294,973,Comp846141,Comp385395,6,Port23213,22,7238,2897,6658960,2340776
1720831342,15808,Comp517345,Comp714633,6,Port13990,25,11829,2667,15342213,2701671
1720831643,17706,Comp966362,Comp826274,17,Port9870,138,8379,5352,4801167,6310008
1720832253,4800,Comp228954,Comp424132,6,Port34649,443,708,8967,889248,3003945
1720832591,16493,Comp547568,Comp943990,6,Port61086,445,1881,10541,816354,13513562
1720833413,12806,Comp834256,Comp595110,6,Port27095,25,9476,6702,4292628,6675192
1720833446,17201,Comp952578,Comp885616,17,Port41981,138,552,9267,160080,12260241
1720835183,2929,Comp490789,Comp141961,17,Port44256,138,2281,7859,793788,8118347
1720835752,1123,Comp972911,Comp721407,17,Port55411,68,9489,3811,3691221,4996221
1720835824,16565,Comp405733,Comp852902,6,Port54227,80,4258,7343,4206904,609469
1720835895,4848,Comp228954,Comp349447,6,Port59468,53,2606,3624,599380,1337256
1720835900,10734,Comp150536,Comp834256,17,Port53568,67,2375,3705,1983125,3023280
1720837432,16227,Comp547568,Comp606940,6,Port61032,443,3788,11848,1594748,5710736
1720837905,6172,Comp424132,Comp255630,6,Port63346,143,405418,10928,484474936,4934936
1720839092,1611,Comp593922,Comp664505,6,Port49286,25,5468,7840,6774852,8412320
1720839150,14243,Comp257122,Comp396858,17,Port32839,67,11446,7116,9477288,10595724
1720839552,8126,Comp278057,Mail,6,Port20825,993,536647,8226,414828727,1527126
1720839643,408,Comp278057,Comp920919,6,Port37884,3389,3220,9035,3129840,8384480
1720841420,6143,Comp654038,Comp721407,17,Port54500,68,1963,661,2679495,614069
1720841476,9541,Comp595110,Comp918279,17,Port49637,123,11325,4301,5118900,2787048
1720842005,15837,Comp235883,Comp714275,17,Port34582,67,10828,1259,4309544,1295511
1720842085,4072,Comp329842,Comp943990,6,Port5934,80,1473,6350,1526028,7727950
1720843074,9325,Comp387691,Comp130485,6,Port18548,22,3859,3533,2925122,727798
1720843288,3265,Comp892394,Comp972911,6,Port38260,25,8917,3961,9122091,1750762
1720843420,5227,Comp860515,Comp579118,6,Port25911,143,11791,10104,3348644,2879640
1720843915,4749,Comp458510,Comp744581,17,Port30451,138,10844,2448,15203288,2927808
1720844539,9437,Comp993209,Comp131751,6,Port20456,443,3425,10928,219200,10611088
1720844715,11944,Comp860515,Comp892394,6,Port5931,587,10761,5050,4724079,5151000
1720845076,2024,Comp847313,Comp593707,6,Port31099,80,531384,2292,400132208,12699070
1720845550,1366,Comp198162,Comp141961,6,Port29729,80,5552,1719,4436048,1404423
1720845609,13161,Comp349447,Comp231236,17,Port51429,123,4520,8570,2409160,10566810
1720846409,5291,Comp396858,Comp562571,6,Port8257,53,9758,10831,14305228,2913539
1720847320,11130,Comp782474,Comp405733,6,Port32303,22,10039,10489,5451177,11034428
1720847498,1382,Comp692997,Comp782474,6,Port56106,995,10969,2043,11298070,2570094
1720848339,10813,Comp595110,Comp517345,6,Port18304,53,5549,10546,3523615,3617278
1720848732,16369,Comp150536,Comp579118,6,Port21428,25,3200,2706,2185600,2908950
1720848868,7881,Comp111156,Comp675254,17,Port6662,68,10446,5505,12274050,781710
1720849677,10402,Comp573916,Comp396858,6,Port38089,443,3634,66,2024138,18348
1720849978,5297,Comp892394,Comp668118,6,Port56230,25,9047,3105,5636281,1894050
1720850338,5146,Comp782474,Comp458510,6,Port32085,995,6112,3839,7218272,5754661
1720850495,1177,Comp912181,Comp834256,6,Port27949,53,7032,11475,1167312,6678450
1720851112,8622,Comp405733,Comp431255,6,Port49347,587,2516,3339,1688236,2223774
1720851223,17046,Comp187068,Comp336148,6,Port29533,445,3000,3318,1338000,3848880
1720851712,2089,Comp257122,Comp356695,6,Port26742,993,7833,3280,5827752,3952400
1720851992,7498,Comp493273,Comp920919,6,Port50293,587,3119,3032,2747839,3092640
1720853273,15067,Comp892394,Comp387691,17,Port19347,53,8029,6479,5347314,544236
1720853448,8927,Comp122535,Comp567603,17,Port55841,161,11897,2468,17726530,3240484
1720854799,13687,Comp228954,Comp547568,6,Port18322,3389,989,3486,1356908,1464120
1720854803,6764,Comp187068,Comp516294,6,Port33998,25,11104,6390,2753792,4958640
1720855000,10846,Comp954988,Comp385395,6,Port17167,80,2059,9076,2015761,10056208
1720855868,17781,Comp658094,Comp995267,6,Port41819,143,1661,1286,850432,592846
1720855881,10762,Comp111156,Comp584383,6,Port29035,80,10009,4182,10839747,4349280
1720856345,14331,Comp329480,Comp638936,6,Port16452,445,2449,6848,1831852,5314048
1720856490,12484,Comp966362,Comp490789,6,Port49020,22,7770,11001,11126640,2948268
1720857065,1724,Comp493273,Comp593922,17,Port61347,137,1282,11324,1819158,4008696
1720857114,2887,Comp349447,Comp782474,17,Port2832,53,1040,10466,126880,12067298
1720857216,10947,Comp490789,Comp150536,6,Port37661,445,2416,6059,478368,775552
1720857267,6266,Comp803281,Comp424132,6,Port47376,443,6248,1177,456104,702669
1720857956,8723,Comp714633,Comp795264,6,Port47447,993,3483,11584,4172634,8908096
1720858229,8701,Comp362609,Comp574773,6,Port15252,25,2680,7459,999640,4475400
1720859026,14280,Comp431255,Comp490789,6,Port8392,3389,10051,10868,11005845,6988124
1720859426,17834,Comp794320,Comp122535,6,Port34155,110,2088,11047,1096200,16106526
1720860966,17951,Comp293600,WebServer,6,Port42113,110,1143,9507,556641,827109
1720861216,1435,Comp257122,Comp100000,6,Port19699,443,1324,5042,1220728,7426866
1720863365,13397,Comp579118,Comp122535,6,Port24825,25,10585,7296,12373865,7974528
1720863380,13055,Comp846125,Comp424132,6,Port35349,993,5709,8293,4949703,11444340
1720864049,15568,Comp654763,FileServer,6,Port30058,80,11663,10568,10251777,10356640
1720864298,7682,Comp692997,Comp918279,6,Port32216,3389,9687,2714,10801005,3848452
1720864561,9047,Comp885616,Comp246872,6,Port45031,25,3381,6659,980490,978873
1720864764,8130,Comp803281,Comp714633,6,Port64523,995,9487,7150,8576248,7779200
1720864789,6725,Comp384614,Comp490789,6,Port52396,110,5475,2486,2502075,2674936
1720866016,4443,Comp943990,Comp675254,6,Port1553,445,6721,4822,1787786,6750800
1720866065,11579,Comp579118,Comp847313,6,Port23562,995,6352,11102,3296688,1776320
1720866360,302,Comp678020,Comp658094,6,Port1651,25,9100,193,2912000,150733
1720866483,13489,Comp356695,Comp458510,17,Port57358,161,2469,6026,1261659,4790670
1720868005,15148,Comp654038,Comp364557,6,Port42596,3389,714,7311,52836,1294047
1720868441,4096,Comp803281,Comp955337,6,Port15151,25,8779,10892,9911491,10325616
1720869598,3845,Comp946215,Comp130485,6,Port55157,25,11446,3400,6272408,2519400
1720869806,9061,Comp912181,Comp654038,6,Port37337,443,6960,4717,6987840,3622656
1720869832,15234,Comp593922,Comp224037,6,Port4342,22,1410,964,1598940,998704
1720869943,2049,Comp922028,Comp224037,6,Port10782,3389,1347,4028,1664892,4555668
1720870402,7774,Comp547568,Comp387691,17,Port53235,1900,6536,11967,1000008,12038802
1720871248,3895,Comp803281,Comp118871,6,Port19684,53,10751,9191,8439535,5532982
1720871652,15336,Comp517345,Comp228954,6,Port34862,53,7366,5140,4773168,7432440
1720873132,15873,Comp431255,Comp663497,6,Port58788,993,3627,7613,1998477,2664550
1720873335,1516,Comp255630,BackupServer,6,Port19676,443,7450,11574,9066650,6203664
1720873381,2606,Comp802471,Comp329842,17,Port1769,53,1875,5276,258750,3957000
1720873859,2831,Comp517345,FileServer,6,Port6435,3389,5750,3535,2829000,1753360
1720874145,14604,Comp147986,Comp127895,6,Port60091,110,11782,10543,14126618,5682677
1720875656,16211,Comp943258,Comp246872,6,Port39725,80,7553,10205,4652648,14215565
1720876193,6707,Comp675254,Comp558739,6,Port22209,445,1235,6198,184015,1611480
1720876322,2836,Comp130485,Comp794320,6,Port6098,445,2417,141,708181,110967
1720876710,11943,Comp943258,Comp802471,6,Port45911,143,717,153,344160,111231
1720876887,16028,Comp827253,Comp458510,6,Port3581,80,4824,1410,1939248,234060
1720877076,16385,Comp231236,Comp920919,6,Port6940,80,2851,8318,2896616,2778212
1720877279,8010,Comp131751,Comp231236,17,Port39342,1900,11755,2106,3408950,922428
1720877629,14056,Comp658094,Comp574773,6,Port42393,143,3831,757,4424805,549582
1720878313,17207,Comp405733,Comp782474,6,Port37782,143,419,8182,206986,5293754
1720878542,14867,Comp846125,Comp668118,6,Port59695,25,5206,5773,728840,5224565
1720878708,8544,Comp547568,Comp100000,6,Port18387,995,8848,6366,495488,3749574
1720878729,4701,Comp198162,Comp549343,6,Port36841,587,8222,2304,7621794,2723328
1720878749,6695,Comp558739,Comp405733,6,Port20767,3389,11723,2576,13035976,1481200
1720879238,6510,Comp490789,Comp595110,6,Port24385,993,4389,2903,1053360,3730355
1720879523,17776,Comp995267,Comp962233,6,Port10743,445,6275,7728,3081025,11584272
1720879926,13190,Comp966362,Comp187068,6,Port52219,80,6712,11757,7685240,11933355
1720880316,15453,Comp405733,Comp679356,6,Port46421,445,290,10989,379030,2065932
1720880595,13990,Comp567603,Comp714275,6,Port47003,443,70,1361,77350,1829184
1720881416,8575,Comp782474,Comp405733,6,Port10197,3389,9551,8155,8987491,10046960
1720882301,14221,Comp329480,Comp558739,6,Port8616,53,4619,9092,5228708,7764568
1720882811,11520,Comp952578,Comp802471,17,Port51478,161,8259,486,3906507,260496
1720883586,13322,Comp516294,Comp278057,6,Port43969,25,11339,7649,1508087,8237973
1720884875,5416,Comp396858,Comp387691,6,Port2944,53,2935,5333,2532905,5002354
1720885267,4169,Comp678020,Comp314473,17,Port43902,1900,354159,2340,476343884,18639306
1720885652,3244,Comp952578,Comp393198,6,Port64248,25,260725,9475,252382761,5724461
1720886274,5204,Comp794320,Comp517345,6,Port49531,25,8889,11224,3475599,13962656
1720886994,17613,Comp144583,Comp228954,17,Port18937,137,1919,7179,2567622,10423908
1720887031,16956,Comp943990,Comp439536,6,Port21429,993,3654,2416,2788002,2746992
1720887132,2633,Comp663497,Comp922028,6,Port49543,143,5644,5146,3866140,2593584
1720887403,9969,Comp658094,Comp385395,6,Port26911,80,5858,6187,8693272,8395759
1720887510,16927,Comp606940,Comp499855,6,Port48550,80,365,10827,304045,13501269
1720887995,13580,Comp439536,Comp922028,6,Port62957,993,10134,9486,1743048,6924780
1720888121,11020,Comp257122,Comp127895,6,Port27182,143,73,8048,29930,1022096
1720888149,10785,Comp731825,Comp127895,17,Port38018,123,10561,9162,9578827,13119984
1720888283,5870,Comp744581,Mail,6,Port32619,993,653390,8329,580210321,9649177
1720888313,16641,Comp336148,Comp593707,6,Port33828,110,8526,3836,2387280,2393664
1720889691,1496,Comp437739,Comp668118,17,Port5905,138,8538,1601,4038474,1482526
1720889814,15638,Comp627014,WebServer,6,Port64687,993,5479,10071,4295536,1430082
1720889978,15682,Comp328683,Comp278057,6,Port35909,80,75736,6646,78160292,19105518
1720890356,4705,Comp584383,Comp885616,6,Port15833,443,878,11545,702400,3521225
1720891169,9215,Comp912181,Comp393198,6,Port38049,445,10810,8172,11901810,3399552
1720891175,15924,Comp246872,Comp803281,17,Port26695,137,1433,5688,1011698,4863240
1720891605,8537,Comp918279,Comp207492,6,Port54047,25,7899,7761,8317647,7830849
1720891820,5401,Comp952578,Comp556450,6,Port50045,995,4,7827,3892,477447
1720892013,1261,Comp692997,Comp318192,6,Port25677,80,8950,11778,6837800,10458864
1720892513,7938,Comp198162,Comp562571,6,Port47027,110,4311,4374,6302682,1176606
1720893309,5000,Comp393198,Comp795264,6,Port3158,445,5780,4563,5392740,6534216
1720893802,15322,Comp255630,Comp627014,17,Port63387,161,281,4248,341415,2489328
1720894963,15501,Comp744581,Comp111156,6,Port33983,22,2627,1294,2561325,978264
1720895233,5833,Comp966362,Comp336148,6,Port43234,110,5220,5636,7511580,5359836
1720896134,3789,Comp255630,Comp431255,6,Port42640,3389,8612,5344,5761428,1432192
1720896997,5234,Comp946215,Comp490789,6,Port21222,443,7170,2365,2265720,664565
1720898072,7234,Comp584383,Comp309437,6,Port45530,443,3127,9782,953735,14086080
1720898109,12036,Comp579118,Comp943990,6,Port26677,445,7150,8272,10653500,7271088
1720898665,2741,Comp257122,Comp278057,6,Port44933,995,2677,2898,3225785,1075158
1720899086,17994,Comp437739,Comp852902,6,Port6811,995,6664,1986,3232040,2001888
1720899464,12604,Comp364557,Comp122535,6,Port10443,22,6485,7416,4494105,9959688
1720900717,2359,Comp946215,Comp336148,6,Port60615,443,2714,62,241546,71548
1720901170,5666,Comp918279,Comp562571,6,Port48497,443,2404,1812,3440124,1130688
1720901175,12619,Comp493273,Comp972911,6,Port9324,53,6230,5273,4211480,5294092
1720901758,9070,Comp584383,Comp100000,6,Port14813,3389,7043,11887,4232843,16011789
1720902085,9485,Comp952578,Comp364557,6,Port36228,80,11758,917,4691442,371385
1720902097,747,Comp663497,Comp396858,6,Port1402,995,5946,6344,951360,7568392
1720902250,7391,Comp943258,WebServer,17,Port26918,1900,5335,6749,6145920,10096504
1720902731,11061,Comp912181,Comp826274,17,Port22091,68,5709,3022,2083785,1640946
1720903254,13497,Comp437739,Comp393198,6,Port9683,587,10494,6244,1742004,8341984
1720903383,8045,Comp396858,Comp912181,6,Port20367,443,3684,7610,5408112,547920
1720904246,9987,Comp923139,Comp885616,6,Port19925,25,4577,1647,3844680,963495
1720906068,3996,Comp141961,Comp795264,6,Port5354,25,4427,11450,672904,5072350
1720906360,14360,Comp100000,Comp224037,17,Port41896,138,7476,2951,3453912,241982
1720906660,12562,Comp324834,Comp803281,6,Port18597,995,8393,4424,7117264,4065656
1720906786,13389,Comp207492,FileServer,6,Port3040,445,5782,293,1971662,237623
1720908300,12023,Comp558739,Comp654763,6,Port2449,25,3167,7122,4702995,4223346
1720909450,17732,Comp309437,Comp324834,6,Port63341,993,8263,7127,10890634,9286481
1720909451,15837,Comp228954,Comp574773,6,Port8654,143,3305,1393,4405565,559986
1720910308,14595,Comp834256,Comp846141,6,Port59671,22,10768,3514,8528256,4357360
1720911421,6035,Comp946215,Comp714275,6,Port11773,110,7490,9200,11100180,8905600
1720912202,1203,Comp547568,Comp405733,6,Port6481,53,5291,8555,2724865,11549250
1720912515,14,Comp304009,Comp328683,6,Port36216,3389,2799,3687,2379150,184350
1720912696,14032,Comp795264,Comp952578,17,Port57043,68,9089,7557,10261481,10995435
1720912934,16182,Comp692997,Comp562571,6,Port5642,25,7316,8964,5684532,385452
1720913133,11695,Comp827253,DNS,6,Port22220,443,10590,4483,13608150,4846123
1720915034,12980,Comp437739,Comp122535,6,Port49583,22,8480,2108,1619680,2398904
1720915625,1617,Comp318192,Comp923139,6,Port5378,143,9474,260,6489690,72020
1720915851,10179,Comp231236,Comp744581,6,Port11962,25,1106,11456,1383606,1042496
1720918931,10899,Comp384614,Comp114833,6,Port20771,587,295,3841,89975,357213
1720919751,2820,Comp567603,Comp118871,6,Port53061,22,7901,9673,4756402,2215117
1720920587,13514,Comp912181,Comp654763,6,Port53206,995,3,3898,4473,1017378
1720920724,6035,Comp235883,Comp228954,6,Port46789,53,10691,8546,9996085,12408792
1720921045,3550,Comp336148,Comp356695,6,Port43978,80,10595,3992,5975580,1329336
1720921565,12527,Comp100000,WebServer,6,Port2710,995,7021,7288,4001970,8854920
1720926302,7828,Comp437739,Comp114833,17,Port16413,53,8752,11441,2975680,1475889
1720927113,9648,Comp920919,Comp131751,6,Port60484,25,5063,9044,5630056,8998780
1720927575,9765,Comp318192,Comp235883,6,Port47419,25,11497,1974,2184430,1385748
1720929053,11207,Comp499855,Comp549343,6,Port16573,995,432,6284,148176,5203152
1720929679,7437,Comp278057,Comp385395,6,Port46686,3389,3510,3240,772200,3836160
1720929996,14663,Comp802471,Comp827253,6,Port47749,143,8372,2632,9544080,910672
1720930663,15768,Comp803281,Comp549343,6,Port48947,25,9455,9988,13388280,459448
1720931057,8708,Comp922028,Comp920919,6,Port64252,25,2907,11791,485469,4268342
1720932213,3041,Comp228954,Comp499855,6,Port35902,80,9618,11101,13676796,13465513
1720932255,5020,Comp943258,Comp966362,17,Port4882,67,5530,10068,7614810,9091404
1720932388,13888,Comp396858,Comp573916,6,Port53855,25,10288,5619,8034928,7810410
1720932640,4620,Comp499855,Comp972911,6,Port1989,445,3205,6314,301270,7943012
1720932686,14005,Comp131751,Comp692997,6,Port42399,993,8304,6480,8719200,1691280
1720933105,11918,Comp972911,Comp309437,6,Port52402,25,2491,8834,2005255,1095416
1720934823,8065,Comp802471,Comp278057,6,Port9113,3389,1660,634,2083300,45014
1720935086,2277,Comp995267,Comp324834,6,Port52462,3389,8464,9921,3978080,3135036
1720935149,9711,Comp946215,Comp144583,6,Port53295,80,8171,9696,6969863,7165344
1720935220,12470,Comp593707,Comp846141,6,Port43206,25,3520,11941,4723840,764224
1720936193,2764,Comp593707,Comp593922,17,Port21910,1900,7254,7134,7348302,9331272
1720936486,14849,Comp387691,Comp579118,17,Port14052,138,11298,5487,11105934,4049406
1720936684,3513,Comp556450,Comp588967,6,Port46507,80,4004,5748,5809804,6409020
1720937101,7427,Comp574773,Comp431255,6,Port11151,3389,6021,7442,4539834,9778788
1720937264,9570,Comp493273,Comp723487,6,Port44578,25,2504,3630,728664,326700
1720937818,13302,Comp431255,Comp328683,17,Port11964,68,6216,9322,9106440,6273706
1720938206,4045,Comp257122,Comp846125,6,Port22694,993,10621,5325,2570282,5442150
1720939143,6046,Comp122535,Comp349447,6,Port33700,22,7630,3381,6439720,5054595
1720939693,14516,Comp955337,Comp731825,6,Port11454,22,1704,8823,1940856,10878759
1720939761,5933,Comp558739,BackupServer,6,Port52280,80,8886,4041,10565454,1438596
1720940081,11092,Comp658094,Comp802471,6,Port45857,3389,5066,969,5400356,421515
1720942180,7161,Comp803281,Comp827253,6,Port2077,995,219,6264,144759,7560648
1720942654,1019,Comp207492,Comp356695,6,Port55796,3389,7473,6081,2324103,6038433
1720943244,9261,Comp246872,Comp731825,6,Port47268,995,3590,3497,341050,1412788
1720943985,6442,Comp127895,Comp846141,6,Port55099,25,11661,415,5608941,315815
1720944388,4769,Comp278057,Comp658094,6,Port39840,110,11943,5708,17424837,7968368
1720944624,15451,Comp912181,Comp118871,17,Port41441,1900,8052,9267,8374080,3150780
1720945870,13936,Comp972911,Comp246872,6,Port25767,25,7576,9617,4803184,5010457
1720945973,4994,Comp246872,Comp744581,6,Port15694,3389,3659,2532,2784499,3433392
1720946202,9430,Comp678020,Comp547568,6,Port16210,445,851,5164,448477,5277608
1720947060,12955,Comp198162,Comp314473,6,Port21423,995,728,10840,978432,3956600
1720947366,959,Comp826274,Comp431255,17,Port19793,500,5565,4134,3906630,1897506
1720948669,1689,Comp654763,Comp130485,6,Port49706,587,3813,5713,4812006,7238371
1720949355,9719,Comp567603,Comp257122,17,Port34850,161,11525,8155,1313850,3661595
1720949541,16749,Comp114833,Comp954988,6,Port27529,22,3514,5487,2639014,5838168
1720949689,16694,Comp826274,Comp912181,6,Port47812,445,2576,10096,2369920,7703248
1720949851,8088,Comp547568,Comp744581,6,Port48278,22,9829,4324,9956777,1565288
1720949923,12672,Comp246872,BackupServer,6,Port61337,80,10028,5906,742072,3407762
1720950178,8848,Comp549343,Comp912181,6,Port20987,993,4519,6196,4424101,6679288
1720950248,16284,Comp150536,Comp517345,17,Port16721,137,982,8932,1242230,10816652
1720950337,10257,Comp714275,Comp593707,17,Port1431,123,1182,4056,205668,312312
1720951805,16043,Comp431255,Comp224037,6,Port11335,80,6251,3304,3263022,4500048
1720952590,6542,Comp314473,Comp962233,17,Port39956,123,10439,4319,6900179,1658496
1720953608,16759,Comp356695,Comp255630,17,Port53228,53,4641,2789,1907451,2752743
1720954458,13055,Comp946215,Comp278057,6,Port39790,587,217,2347,147994,1070232
1720954748,13818,Comp439536,Comp993209,6,Port65003,110,4500,9830,6043500,4226900
1720955765,263,Comp122535,Comp150536,6,Port41508,143,37,4142,49950,5541996
1720956132,14515,Comp499855,Comp141961,6,Port57962,25,5082,3240,4660194,3444120
1720956391,2920,Comp834256,Comp362609,6,Port18325,25,5697,9740,7588404,13402240
1720956418,16851,Comp744581,Comp100000,17,Port21920,68,8771,9461,10788330,662270
1720957155,3399,Comp923139,Comp952578,6,Port53347,110,831,2948,103044,1282380
1720957309,14867,Comp962233,Comp547568,6,Port43661,3389,5769,3658,3484476,402380
1720957337,11436,Comp364557,Comp972911,6,Port32471,995,2126,9855,2706398,7223715
1720957929,7066,Comp517345,Comp584383,6,Port62680,25,5597,3334,3833945,2380476
1720958568,16030,Comp141961,Comp588967,6,Port50207,80,11823,10335,11030859,15223455
1720958697,6988,Comp293600,Comp826274,6,Port20080,22,8893,7412,5700413,2794324
1720958934,1146,Comp847313,Comp675254,6,Port40446,22,10132,7996,638316,8091952
1720958999,1362,Comp100000,Comp721407,6,Port26573,110,464,6407,400896,9552837
1720960231,15344,Comp141961,Comp723487,6,Port27865,3389,9168,368,5473296,51888
1720961108,6921,Comp658094,Comp493273,6,Port52958,53,10391,9894,12147079,6816966
1720961312,14751,Comp892394,Comp802471,6,Port44868,587,8049,6732,10753464,4113252
1720961404,361,Comp803281,Comp892394,6,Port1819,110,9384,2074,1801728,161772
1720961430,1380,Comp111156,Comp556450,6,Port38116,443,574,9997,323162,6548035
1720961721,17785,Comp663497,Comp549343,6,Port42764,995,8865,3521,5434245,1443610
1720962037,2578,Comp114833,Comp147986,6,Port33970,993,10031,4389,10301837,2137443
1720962286,12378,Comp131751,Comp278057,6,Port20376,993,2769,7669,1711242,2684150
1720963039,6301,Comp884824,Comp834256,17,Port42863,53,5654,3393,4890710,2711007
1720963122,9001,Comp943990,Comp318192,17,Port62160,500,5072,77,6928352,47817
1720964307,2064,Comp943258,Comp499855,6,Port6568,3389,1180,3856,1063180,4295584
1720964901,4803,Comp884824,Comp304009,6,Port39918,3389,1540,8197,281820,4557532
1720965771,13649,Comp100000,Comp118871,6,Port59746,995,3609,5076,2674269,5324724
1720966044,9641,Comp127895,Comp664505,17,Port26861,138,1311,8548,1748874,6923880
1720966079,9073,Comp207492,Comp827253,6,Port22640,80,6024,842,4481856,465626
1720966973,17007,Comp922028,Comp314473,6,Port16997,53,671,3089,989725,3836538
1720967810,7394,Comp490789,Comp658094,6,Port15519,110,165,2852,223905,3179980
1720968407,14466,Comp966362,Comp122535,6,Port26254,110,7551,768,3209175,619776
1720968520,13049,Comp826274,Comp324834,6,Port50814,80,3029,7763,1950676,6357897
1720968677,8293,Comp329842,Comp314473,6,Port12750,3389,4537,2523,1406470,2914065
1720969250,5272,Comp658094,Comp962233,6,Port15940,445,4031,5669,1285889,6593047
1720969885,6373,Comp946215,Comp293600,6,Port65458,53,5630,11885,3242880,12823915
1720970610,15687,Comp424132,Comp439536,6,Port65263,445,5566,2968,3629032,611408
1720970625,5505,Comp912181,Comp966362,6,Port15662,587,1599,2336,881049,876000
1720971991,11771,Comp794320,Comp424132,6,Port28150,443,24,11170,26640,7037100
1720974069,2242,Comp962233,Comp922028,17,Port27057,1900,5318,4288,1387998,3769152
1720975523,6237,Comp574773,Comp130485,6,Port20159,3389,6785,3546,4973405,2184336
1720975568,16821,Comp356695,Comp721407,17,Port10884,123,9222,8635,12329814,10785115
1720976494,9718,Comp405733,Comp349447,6,Port5027,143,2372,1551,2628176,857703
1720976497,14804,Comp995267,Comp678020,17,Port40620,161,1006,4538,340028,3784692
1720977181,4670,Comp516294,Comp437739,6,Port3720,993,7167,2392,2795130,2533128
1720977559,13702,Comp678020,Comp847313,6,Port41083,3389,10828,10701,15072576,6324291
1720977717,17729,Comp846141,Comp293600,6,Port7161,445,2870,3559,2554300,3035827
1720979355,16652,Comp235883,Comp731825,17,Port10983,53,1029,6802,1362396,7489002
1720980295,7841,Comp439536,Comp490789,17,Port1348,68,4833,6270,6287733,3780810
1720980579,12272,Comp549343,Comp588967,6,Port26688,993,6729,5912,4602636,8613784
1720980600,16142,Comp246872,Comp593922,6,Port22125,22,7483,795,6076196,654285
1720981312,14646,Comp678020,Comp574773,6,Port22458,445,1354,3152,781258,3744576
1720981385,17604,Comp826274,Comp493273,6,Port21052,445,7879,10259,7634751,10956612
1720982025,564,Comp547568,Comp329842,6,Port61555,443,4119,6577,4069572,8076556
1720982436,9644,Comp141961,Comp993209,6,Port28770,445,368,10529,379408,10792225
1720982489,14248,Comp424132,Comp318192,6,Port53229,995,11066,6713,14341536,5544938
1720982504,13140,Comp278057,Comp328683,6,Port16050,25,6421,3820,7185099,4393000
1720982710,2765,Comp579118,Comp567603,17,Port32193,137,3663,4144,688644,2987824
1720983570,10300,Comp549343,Comp477748,6,Port5071,993,9799,9303,5399249,11935749
1720984937,2976,Comp573916,Comp714275,6,Port17706,993,9564,2852,8339808,2201744
1720984952,1649,Comp314473,Comp396858,6,Port5614,143,2477,7196,2365535,8052324
1720985070,2008,Comp714633,Comp627014,6,Port2359,3389,11527,11228,14996627,3828748
1720985306,17143,Comp654763,Comp131751,6,Port12774,80,6384,10145,4130448,3073935
1720986061,4897,Comp952578,Comp384614,6,Port11278,143,3148,4648,3900372,4015872
1720986858,8219,Comp972911,Comp499855,6,Port21447,993,5371,3323,3276310,4240148
1720987607,4615,Comp384614,Comp795264,6,Port48996,143,2253,7459,570009,8286949
1720989366,16093,Comp387691,Comp384614,6,Port10571,110,10199,7322,7475867,3836728
1720989673,16000,Comp235883,Comp329480,6,Port40419,443,3225,8669,828825,11174341
1720991268,11801,Comp955337,Comp846141,6,Port24578,445,5265,872,3343275,882464
1720991837,14915,Comp803281,Comp892394,6,Port27005,3389,822,6478,323046,5519256
1720992173,1894,Comp955337,Comp309437,6,Port60518,445,11326,113,872102,167918
1720993477,17999,Comp224037,Comp278057,6,Port31014,53,3635,11891,3664080,13995707
1720993564,7507,Comp606940,Comp147986,6,Port17900,22,7829,10496,8791967,4933120
1720993603,7209,Comp918279,Comp638936,6,Port16381,3389,4237,8877,982984,1189518
1720993624,3526,Comp393198,Comp556450,6,Port11887,143,6737,3534,6016141,1533756
1720994143,15787,Comp827253,Comp885616,6,Port52763,53,6724,8956,5197652,2659932
1720994532,3058,Comp795264,Comp127895,6,Port43910,53,3503,5344,840720,1629920
1720995136,15442,Comp675254,Comp995267,6,Port18296,25,5186,7787,4812608,6252961
1720995211,12871,Comp439536,Comp567603,6,Port32691,53,682350,2781,655056944,9444362
1720995892,13896,Comp579118,Comp884824,6,Port33630,993,2608,5695,3233920,5620965
1720996635,541,Comp499855,Comp439536,6,Port4072,445,1575,10521,1467900,6975423
1720997079,13292,Comp593707,Comp714633,6,Port59644,445,2139,2277,432078,915354
1720997099,17390,Comp952578,Comp826274,6,Port51847,22,4995,4614,3976020,5462976
1720997653,7098,Comp954988,Comp458510,6,Port35564,587,2568,3499,539280,2942659
1720998151,8099,Comp579118,Comp892394,6,Port47172,3389,3413,2149,3740648,238539
1720998354,2017,Comp658094,Comp235883,6,Port8065,3389,8230,4766,3901020,3431520
1720998877,8816,Comp547568,Comp127895,6,Port64071,110,8043,7295,6064422,2210385
1721000307,12123,Comp675254,Comp384614,6,Port42335,445,11322,657,11956032,503919
1721001347,5390,Comp562571,Comp588967,6,Port61556,80,9168,2465,11670864,325380
1721001397,13344,Comp150536,Comp309437,6,Port56777,995,5093,9806,4008191,3441906
1721002679,1542,Comp246872,Comp588967,17,Port38715,500,11143,3128,1704879,3847440
1721004343,12134,Comp675254,Comp364557,6,Port19625,53,11050,4028,4607850,1152008
1721005285,10588,Comp431255,Comp549343,17,Port45280,137,2665,8073,2491775,1574235
1721005852,4135,Comp638936,Comp955337,6,Port34070,53,2058,8956,207858,3242072
1721006094,6206,Comp595110,Comp329842,6,Port27442,445,10617,11510,6179094,15964370
1721006149,4319,Comp387691,FileServer,6,Port46917,80,10683,1905,5469696,2712720
1721007531,11233,Comp356695,Comp692997,6,Port58340,587,10151,9057,4943537,9138513
1721008495,11462,Comp439536,Comp579118,6,Port12080,3389,5524,8685,7910368,10239615
1721008538,10004,Comp584383,Comp547568,6,Port36686,995,10349,1489,14664533,2035463
1721010127,3493,Comp920919,Comp384614,17,Port51242,500,9228,10519,12448572,4954449
1721010186,3905,Comp952578,Comp588967,6,Port22025,25,8885,3750,11559385,2385000
1721010511,14596,Comp860515,Comp405733,6,Port23081,993,7226,5077,9711744,406160
1721010593,8310,Comp654038,Comp349447,6,Port1636,22,3213,9556,989604,7711692
1721011042,7841,Comp731825,Comp664505,6,Port21867,110,8966,6287,5505124,8745217
1721013281,5545,Comp721407,Comp393198,6,Port38857,3389,10534,3301,1295682,264080
1721013337,16740,Comp593922,Comp847313,6,Port63698,143,10612,3863,12766236,4164314
1721014747,4315,Comp396858,Comp517345,6,Port34920,22,7194,8880,9395364,6393600
1721014777,13839,Comp846125,Comp852902,6,Port19784,3389,473,2199,38786,3184152
1721014785,13854,Comp595110,Comp954988,6,Port53399,587,8887,5661,2550569,5106222
1721015643,4382,Comp328683,Comp898521,6,Port13133,80,3042,8969,870012,5659439
1721016219,215,Comp257122,Comp584383,6,Port13088,445,2463,10612,3435885,1973832
1721016509,4499,Comp922028,Comp860515,6,Port34651,445,943,9912,1124999,8504496
1721016784,4840,Comp228954,Comp141961,17,Port53627,1900,1889,4309,838716,6342848
1721017020,13410,Comp516294,Comp920919,6,Port14729,3389,5881,2384,623386,138272
1721017320,9560,Comp593922,Comp692997,6,Port2009,993,3322,11214,2129402,515844
1721017548,7747,Comp111156,Comp547568,17,Port47707,500,4581,7168,4090833,9597952
1721017954,8571,Comp118871,Comp304009,6,Port38912,3389,6136,4889,644280,2102270
1721017969,17148,Comp257122,Mail,17,Port45268,67,6325,10823,4579300,10032921
1721018443,16923,Comp922028,Comp834256,6,Port26625,22,5000,8714,4120000,8173732
1721018467,461,Comp847313,WebServer,6,Port8664,80,5435,5717,8000320,4230580
1721019389,15185,Comp834256,Comp257122,6,Port22411,445,10651,2342,3355065,1793972
1721019787,6503,Comp834256,Comp549343,6,Port31328,995,3397,979,1042879,1022076
1721020290,13529,Comp437739,Comp387691,6,Port28976,587,157,6369,105033,2477541
1721021434,17728,Comp329480,Comp802471,6,Port58378,443,9602,1372,4858612,414344
1721021525,9253,Comp714633,Comp556450,6,Port15448,80,961,3721,1328102,5507080
1721021574,11233,Comp246872,Comp955337,6,Port21141,25,9293,8176,11049377,425152
1721021822,7720,Comp679356,Comp364557,6,Port12857,995,3905,152,1593240,47880
1721022496,1346,Comp714275,Comp638936,6,Port37840,443,10097,11872,5331216,13106688
1721022880,659,Comp393198,Comp114833,6,Port52963,143,2013,5247,1944558,4559643
1721022989,6485,Comp150536,Comp393198,17,Port57999,137,1974,10442,2589888,5325420
1721023858,14790,Comp100000,Comp663497,6,Port15717,25,4881,2069,1630254,432421
1721024103,6146,Comp437739,Comp723487,6,Port28750,80,5028,5528,2373216,3178600
1721024257,7753,Comp574773,Comp144583,6,Port48567,995,8611,11503,8008230,1391863
1721024448,9562,Comp826274,Comp439536,6,Port3982,80,7769,7587,10060855,6433776
1721024588,5778,Comp827253,Comp852902,6,Port46915,3389,11921,9703,5507502,7296656
1721026863,8819,Comp207492,Comp943258,17,Port9693,161,8127,8220,5867694,11360040
1721027372,10919,Comp584383,Comp490789,6,Port3178,25,2425,8874,2509875,10773036
1721027562,15321,Comp782474,Comp803281,6,Port8318,143,1063,4372,701580,3169700
1721028868,13574,Comp593922,Comp663497,17,Port57863,123,3192,5439,3718680,4432785
1721029628,14719,Comp458510,Comp224037,6,Port44949,143,11802,593,9335382,620278
1721030012,9415,Comp679356,Comp782474,6,Port51946,53,9225,3109,12223125,1455012
1721030374,12575,Comp122535,Comp549343,6,Port45544,22,8892,774,8233992,709758
1721030384,2693,Comp995267,Comp517345,6,Port52379,22,3265,3892,4508965,249088
1721030522,2659,Comp424132,Comp795264,6,Port33057,53,5625,8710,7284375,12281100
1721032929,16589,Comp846125,Comp356695,6,Port53226,80,8445,2452,3310440,3464676
1721033048,10873,Comp324834,Comp257122,6,Port4675,80,11363,5742,15340050,7682796
1721033528,2032,Comp922028,Comp721407,6,Port38605,995,7002,6622,1596456,2311078
1721034714,7342,Comp943990,Comp588967,6,Port49734,443,256,1965,115712,2338350
1721035960,17452,Comp834256,Comp100000,6,Port65108,25,10258,9735,1128380,8547330
1721036382,380,Comp141961,Comp802471,17,Port24188,1900,11205,9254,2151360,13649650
1721036959,7965,Comp654763,Comp549343,6,Port12581,25,401,2248,437491,139376
1721037969,15064,Comp362609,Comp127895,17,Port47486,123,4707,434,950814,269080
1721038129,17039,Comp847313,Comp329842,6,Port5690,587,11756,54,3667872,9774
1721038832,6636,Comp995267,Comp679356,6,Port51124,22,11443,3515,7277748,4994815
1721039483,16463,Comp224037,DNS,6,Port46451,110,11571,1507,13977768,434016
1721039603,12888,Comp385395,Comp384614,6,Port45605,143,11706,209,14316438,20064
1721040078,7313,Comp198162,Comp714633,6,Port19986,25,269,5531,389512,1122793
1721040313,14031,Comp405733,Comp150536,17,Port8779,500,1813,6300,217560,9128700
1721041106,14400,Comp954988,Comp336148,6,Port40262,53,5994,223,1534464,181522
1721041226,4952,Comp826274,Comp714633,6,Port24427,25,7239,7183,4502658,1415051
1721041931,1616,Comp898521,FileServer,6,Port26293,993,4817,4839,2182101,2995341
1721042107,14055,Comp385395,Comp257122,17,Port13134,1900,3217,2404,582277,1589044
1721042341,1490,Comp827253,Comp228954,6,Port22540,445,3050,1333,2455250,1611597
1721042552,14012,Comp364557,Comp517345,6,Port54695,993,7240,9109,5241760,3279240
1721043058,6407,Comp847313,Comp892394,6,Port58649,993,11733,1293,7837644,270237
1721043429,12654,Comp329842,Comp309437,17,Port23537,138,9915,2405,713880,2727270
1721043834,10976,Comp898521,Comp993209,6,Port10187,22,2096,8551,1385456,5720619
1721044129,692,Comp993209,Comp658094,6,Port3209,3389,1777,7555,1258116,1669655
1721044240,168,Comp692997,Comp293600,6,Port13215,143,3163,11993,1126028,7975345
1721044263,11333,Comp324834,Comp385395,6,Port1652,443,8798,485,10557600,321070
1721044939,9273,Comp100000,Comp424132,17,Port44107,68,99,2333,132462,877208
1721045125,786,Comp278057,Comp692997,6,Port42486,143,8452,7939,11798992,2635748
1721045285,17561,Comp118871,Comp678020,6,Port51511,80,6963,2755,7206705,495900
1721045494,4294,Comp255630,Comp723487,17,Port22473,1900,7919,4571,8124894,5791457
1721045946,15452,Comp431255,Comp846125,17,Port54711,123,10329,3557,2726856,195635
1721047257,2102,Comp606940,Comp293600,17,Port11968,138,7093,9700,4362195,7575700
1721047408,4185,Comp678020,Comp920919,17,Port15935,137,7463,9421,343298,631207
1721047884,9520,Comp562571,Comp714633,6,Port60115,993,5762,9669,4932272,11728497
1721049384,9505,Comp584383,Comp846125,17,Port57930,137,7819,6070,9015307,3769470
1721049744,10867,Comp573916,Comp439536,17,Port39653,53,4564,5852,4637024,8614144
1721053354,3086,Comp384614,Comp396858,6,Port40347,53,796,6848,50148,814912
1721054210,4756,Comp144583,Comp329480,6,Port46223,445,304,807,259008,422868
1721054443,4739,Comp595110,Comp966362,6,Port54131,3389,8577,6558,11364525,4039728
1721055351,7929,Comp675254,Comp329842,6,Port15945,80,7649,3319,1438012,464660
1721055786,16614,Comp922028,Comp231236,6,Port5444,143,4908,11248,3985296,7626144
1721055883,8324,Comp114833,Comp923139,6,Port12960,3389,8955,2210,3626775,1569100
1721056586,17960,Comp364557,Comp918279,6,Port24047,445,5685,418,7941945,288420
1721057385,4529,Comp141961,Comp329480,6,Port16227,110,3059,11561,2578737,9456898
1721057436,4366,Comp127895,Comp794320,6,Port34884,25,7020,1894,8185320,604186
1721057942,1820,Comp493273,Comp122535,17,Port9934,138,4536,6209,3651480,2409092
1721058373,3818,Comp499855,Comp912181,6,Port38244,445,11704,4585,15741880,3521280
1721058774,5611,Comp912181,Comp885616,6,Port46857,22,8654,3231,3972186,3166380
1721058906,6910,Comp714275,Comp593707,6,Port7415,443,8978,5856,10100250,3583872
1721059271,12845,Comp846141,Comp385395,17,Port19546,123,8255,8789,5497830,6213823
1721059565,8025,Comp593922,Comp141961,17,Port35773,138,8207,1367,7230367,2028628
1721060219,12352,Comp588967,Comp187068,6,Port5296,53,9277,7938,9657357,7803054
1721060490,1607,Comp385395,Comp918279,6,Port43955,110,5183,10718,1513436,1136108
1721060611,17045,Comp692997,Comp396858,6,Port49639,3389,9861,3483,12888327,1971378
1721060988,2659,Comp141961,Comp255630,6,Port24351,993,414,8134,456228,959812
1721061514,603,Comp679356,Comp675254,6,Port1608,443,7996,11043,5093452,14543631
1721062410,7647,Comp721407,Comp235883,6,Port33327,80,6464,11186,5843456,13904198
1721062674,11723,Comp579118,Comp198162,6,Port57083,993,100,7775,100800,5598000
1721062846,4238,Comp723487,Comp235883,6,Port19898,443,7930,11289,5574790,4831692
1721063042,2935,Comp834256,Comp731825,6,Port55813,443,29,9327,28043,10157103
1721063068,15208,Comp943258,Comp744581,6,Port57181,3389,8450,6150,7224750,1894200
1721063290,14843,Comp962233,Comp235883,6,Port19138,110,6291,1509,7404507,1756476
1721064924,13528,Comp235883,Comp803281,6,Port39680,445,7294,10236,2764426,13470576
1721066769,3972,Comp658094,Comp995267,6,Port3744,22,7319,3439,336674,1038578
1721066804,9654,Comp668118,Comp678020,6,Port36587,587,3605,8841,2271150,7223097
1721066841,12411,Comp144583,Comp692997,17,Port57762,1900,7469,7738,9283967,2050570
1721067413,7787,Comp827253,Comp898521,6,Port61946,995,2653,4326,586313,4062114
1721067498,3222,Comp654038,Comp627014,6,Port13901,80,9105,9296,11809185,9528400
1721068574,14957,Comp114833,Comp946215,6,Port43920,3389,1082,7888,690316,402288
1721068875,16891,Comp898521,Comp658094,6,Port5282,443,1701,8945,585144,12692955
1721069342,2988,Comp235883,Comp860515,17,Port19075,123,8434,11432,6080914,4801440
1721069385,12655,Comp424132,Comp593922,6,Port54907,25,692,3297,847008,2360652
1721069595,15973,Comp920919,Comp516294,6,Port42424,53,11649,9168,15050508,3832224
1721070498,9742,Comp490789,Comp993209,6,Port26316,80,372,476,347820,647836
1721071322,884,Comp922028,Comp584383,6,Port63060,443,6300,8512,5096700,9788800
1721071554,12430,Comp122535,Comp431255,17,Port49959,1900,11809,1865,14371553,2769525
1721071835,16621,Comp826274,Comp336148,6,Port2543,3389,8078,2662,11034548,1602524
1721071968,4708,Comp314473,Comp387691,6,Port6180,587,7589,2347,9114389,2020767
1721072907,2499,Comp385395,Comp141961,6,Port41446,143,8311,9973,12075883,8806159
1721072924,4545,Comp860515,Comp257122,6,Port57584,445,8475,4486,10619175,1682250
1721073155,14617,Comp114833,Comp654038,6,Port11141,80,1938,4675,215118,6545000
1721073222,10029,Comp588967,Comp946215,6,Port35750,445,3705,4336,251940,5641136
1721073548,325,Comp516294,Comp122535,6,Port53695,443,403983,7488,477507980,12405070
1721074004,10578,Comp144583,Comp918279,6,Port56655,993,2542,10991,3652854,7770637
1721074529,14671,Comp827253,Comp257122,17,Port42355,1900,2498,8132,1189048,1829700
1721075021,3335,Comp827253,Comp606940,6,Port65530,25,7654,1214,11098300,328994
1721075106,10513,Comp356695,Comp324834,6,Port61471,53,11194,6182,14350708,5260882
1721075427,4120,Comp826274,Comp679356,6,Port54830,53,6708,1290,1643460,1591860
1721075684,343,Comp834256,Comp898521,6,Port44219,25,187,1987,142307,2106220
1721075800,7212,Comp396858,Comp278057,6,Port64594,25,8307,2360,3007134,2617240
1721076075,13936,Comp393198,Comp846125,6,Port2134,22,6494,8369,1000076,9883789
1721076224,12041,Comp721407,Comp131751,6,Port6795,110,9326,10506,9773648,13342620
1721077031,1828,Comp714633,Comp826274,17,Port33947,53,4526,2966,1597678,4101978
1721077772,3346,Comp314473,Comp396858,6,Port44313,25,5144,11306,4408408,6444420
1721077928,9718,Comp198162,Comp664505,6,Port59321,80,7912,3184,8093976,3511952
1721078691,5773,Comp144583,Comp955337,17,Port44789,123,8491,3685,5688970,1643510
1721078952,5976,Comp198162,Comp235883,6,Port16010,53,2646,1521,412776,1592487
1721079228,7849,Comp328683,Comp356695,6,Port59639,3389,7039,560,985460,67200
1721079852,13665,Comp946215,FileServer,6,Port6371,443,11534,7439,6839662,877802
1721079998,10363,Comp802471,Comp458510,6,Port7148,587,775,4889,79050,1618259
1721080459,15358,Comp993209,Comp574773,6,Port47465,80,3975,1408,5215200,1175680
1721080577,1840,Comp852902,Comp654763,6,Port63171,80,6405,6776,1806210,9276344
1721080637,8357,Comp860515,Comp147986,6,Port33441,110,11111,4142,911102,3785788
1721080956,9907,Comp458510,WebServer,6,Port9721,25,11618,4714,2834792,4049326
1721081521,13643,Comp318192,Comp255630,6,Port4094,80,7070,10674,7465920,11271744
1721082469,9276,Comp437739,Comp547568,6,Port64217,445,6562,4841,5899238,6457894
1721082790,16499,Comp477748,Comp606940,6,Port19081,22,4974,5436,5103324,4843476
1721082817,15080,Comp658094,Comp255630,6,Port42267,443,5345,8247,2918370,9211899
1721083349,12405,Comp892394,Comp573916,6,Port22103,587,8806,10734,4473448,6837558
1721083857,7156,Comp293600,Comp547568,6,Port14864,25,6532,8858,6662640,13216136
1721083988,5796,Comp304009,Comp912181,17,Port44109,1900,6637,5912,1353948,4439912
1721084410,9603,Comp794320,Comp547568,17,Port48706,67,10126,3667,6227490,4924781
1721084492,8340,Comp794320,Comp721407,6,Port31447,53,1663,2146,314307,3115992
1721084945,528,Comp860515,DNS,6,Port33758,443,11491,1483,7572569,1969424
1721085032,4140,Comp627014,Comp567603,17,Port32453,137,8454,9106,12300570,4735120
1721085156,15034,Comp424132,Comp477748,6,Port39171,25,7040,8842,9018240,5172570
1721085249,8251,Comp131751,Comp437739,6,Port53059,80,6954,4241,7148712,5025585
1721086344,17095,Comp584383,Comp627014,6,Port46891,80,6920,11264,6913080,15713280
1721086754,4426,Comp658094,FileServer,6,Port18985,25,6788,11596,3991344,10737896
1721086828,17420,Comp141961,Comp579118,6,Port16959,445,4208,7449,4498352,8745126
1721089216,14530,Comp860515,BackupServer,6,Port44413,110,8858,3145,11125648,2160615
1721089335,6453,Comp588967,Comp547568,6,Port42652,443,3032,6078,2595392,7846698
1721089336,10978,Comp562571,Comp349447,6,Port24735,53,7842,9865,1489980,6353060
1721089629,17791,Comp477748,Comp892394,17,Port55125,138,6317,6083,6651801,5760601
1721089952,11398,Comp257122,FileServer,6,Port28013,22,4395,5926,988875,4883024
1721090476,16770,Comp231236,Comp567603,6,Port22693,22,9647,6391,4939264,8059051
1721091958,1985,Comp228954,Comp224037,6,Port36886,995,3822,10105,1253616,12196735
1721093217,2944,Comp943258,Comp318192,6,Port13458,80,7914,4928,894282,6233920
1721093637,27,Comp654763,Comp364557,6,Port45901,80,3010,2196,3473540,478728
1721095726,5855,Comp593707,Comp147986,6,Port58891,443,2407,6165,2361267,2453670
1721095898,14205,Comp638936,Comp127895,6,Port62000,25,6902,7604,4389672,10409876
1721095919,17350,Comp329842,Comp898521,6,Port29842,445,11708,11216,6977968,2579680
1721096458,9761,Comp235883,Comp885616,6,Port18378,22,3599,1358,3519822,1588860
1721097421,7607,Comp885616,Comp235883,6,Port31928,993,1374,11311,1119810,10926426
1721097700,16768,Comp278057,Comp349447,6,Port7716,25,1445,9666,547655,5306634
1721097995,10589,Comp293600,Comp952578,6,Port44104,22,5902,8525,4373382,809875
1721098114,9670,Comp627014,Comp549343,6,Port28686,993,9392,2827,11026208,152658
1721098499,1529,Comp731825,Comp723487,6,Port8886,22,8547,2476,7230762,3322792
1721099205,3864,Comp207492,Comp477748,6,Port36293,22,2510,5130,3037100,990090
1721100227,12559,Comp437739,Comp364557,6,Port47382,443,10019,2190,7824839,2468130
1721101021,12572,Comp679356,Comp912181,6,Port15732,143,1979,7871,1272497,1967750
1721101310,8926,Comp802471,Comp187068,6,Port27139,3389,6711,9027,7536453,5587713
1721101546,12617,Comp147986,Comp387691,6,Port58471,3389,10188,5738,3514860,1095958
1721101811,12443,Comp892394,Comp920919,6,Port46820,443,9694,8300,9257770,8051000
1721101866,1180,Comp721407,Comp516294,6,Port52559,25,8425,9346,8079575,1775740
1721102018,15029,Comp207492,Comp847313,6,Port30028,587,3973,10954,1764012,10450116
1721103476,12486,Comp943990,Comp827253,6,Port32871,53,9194,8258,3797122,11899778
1721103886,3949,Comp885616,Comp898521,6,Port33085,995,4640,2804,751680,3148892
1721104116,3826,Comp794320,Comp405733,6,Port30058,445,4204,1564,1076224,1565564
1721104142,17244,Comp567603,Comp922028,6,Port10329,110,6392,11284,1144168,15368808
1721104824,4582,Comp721407,Comp675254,6,Port3652,3389,7409,9281,6957051,11489878
1721107163,583,Comp692997,Comp387691,6,Port54716,443,2510,10192,544670,11313120
1721109125,566,Comp228954,Comp499855,17,Port35659,53,11186,5081,8814568,4374741
1721109297,4109,Comp314473,Comp943258,6,Port35382,53,10403,1890,2101406,1151010
1721109400,11293,Comp846125,Comp663497,6,Port39456,445,3393,7173,4013919,6771312
1721109816,8213,Comp658094,Comp573916,6,Port27634,80,2901,7676,2985129,1496820
1721110393,13171,Comp278057,Comp955337,6,Port58544,25,828,2598,385848,3444948
1721112035,4177,Comp387691,Comp972911,6,Port31344,25,4874,5638,5424762,7509816
1721112224,4149,Comp593707,WebServer,6,Port33350,445,2051,5077,754768,2142494
1721112499,7276,Comp349447,Comp356695,6,Port35301,3389,11165,3115,10796555,3566675
1721112641,14265,Comp892394,Mail,6,Port11176,80,10769,9805,10499775,10334470
1721114448,9053,Comp943258,DNS,6,Port12209,53,9943,5828,6731411,7494808
1721114796,13716,Comp952578,Comp588967,6,Port12639,445,3379,11115,3591877,15027480
1721116801,1687,Comp826274,Comp336148,6,Port17415,25,8280,16,11782440,18000
1721117215,7376,Comp638936,Comp593922,6,Port11337,25,5895,11264,3790485,15837184
1721117349,7873,Comp834256,Comp100000,6,Port15482,445,3280,7939,1485840,4080646
1721117543,1228,Comp314473,Comp424132,6,Port61570,443,6415,8401,4394275,5779888
1721117933,5656,Comp584383,Comp852902,6,Port24291,22,1984,3453,1724096,887421
1721117999,5044,Comp228954,Comp884824,17,Port52207,137,11520,946,2534400,1220340
1721118235,8201,Comp147986,Comp329480,6,Port26392,53,1966,2777,2833006,1235765
1721118497,2978,Comp114833,Comp678020,6,Port54231,587,3618,5311,2623050,4116025
1721119344,4853,Comp562571,Comp972911,6,Port49608,445,2657,4055,3844679,1123235
1721119603,17258,Comp490789,Comp860515,6,Port55242,587,6257,2316,9028851,963456
1721119951,2575,Comp972911,Comp558739,6,Port19627,25,8064,151,1072512,154775
1721119985,14719,Comp664505,Comp224037,6,Port7193,995,11497,8371,2356885,3398626
1721121080,9771,Comp150536,Comp255630,6,Port20901,53,4664,8003,1417856,6338376
1721122264,1411,Comp721407,Comp490789,6,Port46322,3389,2416,1936,2099504,1353264
1721122375,7215,Comp385395,Comp678020,17,Port43231,67,260,9397,144560,8804989
1721123548,9242,Comp912181,Comp324834,6,Port46462,143,7175,11730,473550,4879680
1721123923,4990,Comp593922,Comp493273,6,Port65111,993,11748,11997,10138524,8961759
1721123939,4804,Comp860515,Comp972911,6,Port15527,587,764,2334,393460,193722
1721124147,12819,Comp477748,Comp860515,6,Port29678,445,11953,5126,15192263,4080296
1721124355,579,Comp127895,Comp567603,17,Port32677,68,3156,632,3632556,122608
1721124502,16708,Comp920919,Comp892394,6,Port10652,25,10900,147,13875700,162141
1721124660,5802,Comp329842,Comp884824,17,Port43758,1900,831,10122,721308,12946038
1721125080,6870,Comp235883,Comp954988,6,Port4179,993,10700,11616,11288500,7271616
1721125749,2297,Comp731825,Comp458510,6,Port58912,445,3962,2427,625996,3223056
1721125833,15857,Comp439536,Comp393198,6,Port6724,80,3298,5564,3789402,3405168
1721126387,4009,Comp852902,Comp714275,6,Port8147,143,2477,288,1731423,378432
1721126825,14467,Comp692997,Comp943990,17,Port12222,138,1604,9789,73784,7811622
1721126897,5878,Comp826274,Comp111156,6,Port58581,143,9581,6576,1485055,5576448
1721127454,571,Comp744581,Comp714633,6,Port56599,445,833,3505,408170,2229180
1721127771,7360,Comp795264,Comp846125,6,Port60530,993,5561,11630,3253185,16340150
1721127985,9419,Comp130485,Comp122535,6,Port54778,110,11383,1632,3915752,1747872
1721128081,8432,Comp802471,Comp782474,6,Port60607,995,4860,3209,5647320,2464512
1721128266,17767,Comp654763,Comp517345,6,Port31436,25,9925,8972,6868100,10775372
1721130074,9364,Comp255630,Comp458510,6,Port1335,993,8308,4904,3464436,3506360
1721130465,14022,Comp675254,Comp918279,17,Port29285,123,9544,8406,9763512,11087514
1721130932,6660,Comp912181,Comp393198,6,Port15281,443,11366,2846,7967566,2083272
1721131842,2608,Comp111156,Comp898521,6,Port16814,110,1175,7900,1382975,9653800
1721131856,8970,Comp606940,Comp405733,6,Port45617,110,3619,6695,2786630,2751645
1721131955,10078,Comp356695,Comp362609,17,Port11788,67,3858,564,4374972,488424
1721131971,7522,Comp122535,Comp314473,17,Port21780,53,801,3873,1029285,3621255
1721133035,13798,Comp187068,Comp923139,6,Port26355,22,1275,3569,197625,2887321
1721133097,17359,Comp405733,Comp731825,6,Port4964,445,1318,7096,286006,4931720
1721134885,1455,Comp884824,Comp516294,6,Port46267,3389,11396,5259,12603976,215619
1721135047,1218,Comp396858,Comp846125,6,Port50242,443,10286,5736,8671098,8391768
1721135154,4930,Comp744581,Comp606940,6,Port37053,445,7061,2034,2760851,722070
1721135269,10547,Comp847313,Comp387691,6,Port2868,445,10150,11146,852600,3243486
1721136297,765,Comp943258,Comp972911,17,Port51798,138,4127,8996,5918118,11011104
1721137425,3486,Comp918279,Comp606940,6,Port29797,445,5704,8040,1003904,1214040
1721137572,7362,Comp573916,Comp336148,6,Port18207,995,10602,3307,7580430,3816278
1721137658,6758,Comp954988,Comp396858,6,Port62154,587,1772,8191,641464,4521432
1721138350,15236,Comp803281,Comp309437,6,Port56465,995,1755,2818,1082835,3074438
1721138851,9836,Comp744581,Comp826274,6,Port29424,443,6318,5837,6886620,2066298
1721139478,15701,Comp324834,Comp922028,6,Port29620,993,3033,3218,2374839,3430388
1721139680,13676,Comp207492,Comp122535,6,Port59851,995,8021,3637,802100,5411856
1721139985,7454,Comp834256,Comp424132,6,Port13355,53,7631,7792,1274377,6046592
1721140467,17599,Comp405733,Comp721407,6,Port27409,995,3987,3767,5657553,3220785
1721140609,15187,Comp127895,Comp431255,6,Port37821,587,1390,8761,565730,8182774
1721140709,8885,Comp993209,Comp593707,6,Port23389,445,991,6047,658024,3416555
1721141455,15310,Comp692997,Comp362609,6,Port21385,993,5315,11772,6303590,9935568
1721142975,4626,Comp567603,Comp356695,6,Port7951,53,3863,2302,4882832,2251356
1721143234,3748,Comp111156,Comp668118,6,Port18231,587,407,11338,184778,861688
1721143272,14248,Comp144583,Comp439536,6,Port24125,443,8287,1589,3008181,1113889
1721143507,14203,Comp966362,Comp884824,6,Port55052,995,11486,6596,7787508,5336164
1721143649,3989,Comp547568,Mail,17,Port22763,67,11740,4468,6257420,1536992
1721146478,13571,Comp584383,Comp744581,6,Port11421,443,1414,9027,1503082,6562629
1721147121,9141,Comp664505,Comp744581,6,Port55636,443,2281,1565,2511381,962475
1721147235,10055,Comp852902,Comp721407,6,Port23719,443,572576,3057,515318932,9412004
1721147364,15240,Comp966362,Comp362609,6,Port60369,995,10974,2769,6507582,1268202
1721147419,2882,Comp231236,Comp627014,6,Port8057,993,6895,11048,7625870,14925848
1721147660,7268,Comp654763,Comp993209,17,Port2438,53,5480,6420,4274400,6227400
1721147871,5218,Comp946215,Comp490789,6,Port60485,443,11108,1970,9375152,1881350
1721149329,10026,Comp516294,Comp364557,17,Port7362,67,7958,9481,9716718,11680592
1721150116,2843,Comp714633,Comp593922,6,Port1575,25,11818,3426,11711638,243246
1721150200,2152,Comp356695,Comp962233,6,Port42519,995,10364,2697,10260360,1140831
1721150699,12531,Comp918279,Comp782474,6,Port21491,995,11979,5932,8900397,1797396
1721151842,1008,Comp324834,Comp638936,6,Port32295,3389,6689,9499,8428140,8995553
1721152075,7511,Comp803281,Comp920919,17,Port27370,123,4495,10074,328135,5429886
1721152631,17753,Comp803281,Comp100000,17,Port20176,53,738,186,122508,199764
1721153278,17980,Comp593922,Comp606940,6,Port32063,993,8758,10776,8994466,15248040
1721153481,3220,Comp364557,Mail,6,Port17791,53,3190,11964,2957130,6939120
1721153922,16687,Comp144583,Comp385395,6,Port15519,22,132,3850,59136,2009700
1721154133,6040,Comp923139,Comp349447,6,Port15518,143,9635,6203,8835295,4658453
1721154730,3575,Comp329842,Comp588967,6,Port8666,445,5089,4516,997444,3405064
1721155221,9084,Comp493273,Comp547568,6,Port34921,143,6635,5710,6144010,3214730
1721155334,8791,Comp744581,Comp892394,6,Port36409,53,9408,7827,5334336,4265715
1721156220,6741,Comp675254,Comp231236,17,Port2151,500,3949,7806,3550151,4558704
1721156437,7689,Comp884824,Comp573916,6,Port30668,3389,9801,5696,5263137,4277696
1721156680,1753,Comp574773,Comp847313,6,Port48690,80,7000,5702,7672000,3940082
1721156743,4747,Comp638936,Comp231236,6,Port1106,110,6811,5862,1382633,4138572
1721156763,3545,Comp499855,Comp336148,17,Port20402,53,3223,4896,4099656,2306016
1721157041,16779,Comp918279,Comp885616,6,Port63019,80,9465,1478,7212330,1426270
1721157431,8882,Comp898521,Comp595110,6,Port28559,22,2892,4451,1084500,3347152
1721157458,9831,Comp714633,Comp556450,6,Port2092,110,7429,8586,10727476,3211164
1721158206,7898,Comp962233,Comp714275,17,Port35025,68,9940,11733,1908480,13352154
1721158685,15923,Comp860515,Mail,6,Port27525,22,1398,9752,1151952,12921400
1721158722,14367,Comp235883,Comp627014,17,Port14659,138,4801,10337,710548,6357255
1721159094,12412,Comp654038,Comp364557,6,Port5760,25,8131,9397,11001243,7536394
1721159499,5612,Comp852902,Comp834256,6,Port58033,110,3288,6028,891048,8559760
1721159642,5552,Comp898521,Comp393198,6,Port53461,995,336,8184,136752,4092000
1721161753,16925,Comp744581,Comp846141,6,Port45027,445,4910,10037,4895270,3593246
1721161776,16741,Comp638936,Comp920919,6,Port2162,587,5961,2674,7934091,1457330
1721161839,5091,Comp952578,Comp329480,6,Port57168,110,11047,1789,7158456,1245144
1721161852,6056,Comp884824,Comp144583,6,Port31557,995,9687,3196,4058853,2195652
1721161870,5964,Comp692997,Comp356695,6,Port31696,3389,2170,6353,1193500,5832054
1721163106,14115,Comp362609,Comp547568,6,Port57645,995,3325,9434,4585175,4179262
1721163239,17087,Comp972911,Comp150536,6,Port28922,110,2223,5402,3041064,4499866
1721163733,15977,Comp692997,Comp627014,6,Port16261,80,10929,11794,2382522,2323418
1721163735,15128,Comp955337,Comp678020,6,Port16322,445,4245,3898,5747730,5542956
1721164527,6272,Comp923139,Comp731825,6,Port60817,993,10694,5543,13549298,2605210
1721164745,5706,Comp627014,Comp207492,17,Port36172,138,726,11021,599676,5653773
1721164820,16001,Comp293600,Comp731825,6,Port38370,587,6706,2048,2769578,563200
1721165187,7115,Comp356695,DNS,6,Port39290,995,899,9989,637391,5903499
1721165307,3876,Comp595110,Comp396858,17,Port15253,123,6655,1812,7793005,2649144
1721165447,15160,Comp141961,Comp962233,6,Port28114,110,132,10885,57288,9894465
1721165648,8633,Comp141961,Comp499855,6,Port62409,53,1876,3878,1016792,3928414
1721166006,1550,Comp574773,Comp228954,6,Port10402,143,1755,7622,1247805,6936020
1721166035,16131,Comp131751,Comp922028,6,Port62393,443,8509,8540,1174242,4500580
1721167400,5304,Comp721407,Comp952578,6,Port18642,995,7685,4514,4910715,5367146
1721167591,5562,Comp122535,Comp714633,6,Port20101,80,6700,6603,1574500,3565620
1721167594,9568,Comp972911,Comp885616,17,Port1943,161,2357,9081,117850,10888119
1721167894,4864,Comp228954,Comp304009,6,Port43839,80,3190,10510,1929950,15544290
1721167955,14920,Comp356695,Comp431255,6,Port21612,445,4534,1302,5200498,71610
1721168685,12449,Comp150536,Comp847313,6,Port30660,53,11745,5945,17312130,1688380
1721169112,10163,Comp224037,Comp147986,6,Port38489,110,8467,10236,5757560,11822580
1721169910,3602,Comp638936,Comp588967,6,Port41937,80,380,6670,433200,1440720
1721170448,8816,Comp654038,Comp431255,17,Port62678,500,382,345,139430,375360
1721171260,4903,Comp834256,Comp477748,6,Port36877,443,4172,1506,4042668,600894
1721171571,17318,Comp675254,Comp692997,6,Port12500,587,2509,9818,2539108,8787110
1721172035,14268,Comp562571,Comp431255,6,Port46409,443,4885,5080,2564625,5039360
1721172231,2096,Comp943258,Comp579118,6,Port4602,22,11950,8447,8281350,4240394
1721172659,9505,Comp794320,Comp920919,6,Port55444,80,2349,10711,2391282,13838612
1721172751,14041,Comp995267,Comp329480,6,Port20139,995,7163,1061,3567174,1447204
1721172781,9419,Comp884824,Comp490789,6,Port47616,443,523834,5461,621791948,6492458
1721172900,2287,Comp516294,Comp122535,6,Port11139,587,7920,1763,2977920,1969271
1721173117,2517,Comp198162,Comp995267,17,Port27260,500,6561,10106,5386581,10328332
1721173832,13191,Comp516294,Comp593707,6,Port45893,443,6193,5428,780318,2252620
1721174901,9432,Comp664505,Comp892394,6,Port41108,443,3313,10519,2289283,12948889
1721174933,9776,Comp658094,Comp846141,6,Port1394,53,11590,3598,8970660,1745030
1721176227,4859,Comp955337,Comp493273,6,Port3258,53,3209,1743,4001623,719859
1721176500,4764,Comp714275,Comp318192,6,Port64301,25,1732,10407,1018416,11208339
1721177592,7330,Comp111156,Comp356695,17,Port35141,123,1152,7358,55296,1574612
1721177632,9780,Comp627014,Comp384614,6,Port56224,445,809,2314,79282,3191006
1721177953,8437,Comp324834,Comp246872,6,Port5714,3389,4237,8331,3503999,5006931
1721177966,15829,Comp224037,Comp364557,6,Port32678,143,9794,5004,12007444,3783024
1721178036,3403,Comp396858,Comp943990,6,Port38202,445,1856,559,2487040,576329
1721178588,8499,Comp664505,Comp744581,6,Port60435,995,50,3125,61000,4134375
1721178647,4235,Comp573916,Comp493273,6,Port46865,587,6359,9001,3408424,10477164
1721178824,119,Comp431255,Comp384614,6,Port41541,80,6739,1526,5087945,911022
1721179086,7465,Comp803281,Comp892394,6,Port19955,80,6760,4051,9031360,4593834
1721179665,1019,Comp679356,Comp255630,6,Port65133,445,17,3116,21488,1919456
1721180272,6698,Comp593707,Comp692997,6,Port22161,80,2438,8795,1711476,6983230
1721180540,11387,Comp663497,Comp147986,17,Port18978,123,4179,10319,3100818,10742079
1721181065,6765,Comp558739,Comp516294,6,Port47713,445,8876,9450,1251516,7966350
1721181372,12203,Comp943990,Comp147986,6,Port65336,445,7810,8586,2233660,970218
1721181451,5310,Comp490789,Comp147986,6,Port56301,80,9774,1074,7936488,112770
1721182097,7232,Comp912181,Comp329480,6,Port12652,22,6568,10970,5221560,2654740
1721182455,15752,Comp692997,Comp954988,6,Port53626,993,4842,1941,4256118,314442
1721182998,4370,Comp993209,Comp593922,6,Port23823,110,6718,4863,3332128,5363889
1721183124,9017,Comp324834,Comp562571,6,Port15344,445,4619,9933,1713649,3178560
1721183370,12887,Comp664505,Comp224037,6,Port61363,53,1888,2884,1321600,1133412
1721183655,6517,Comp638936,Comp675254,6,Port62299,80,6910,2601,9135020,1295298
1721185626,5475,Comp593707,Comp654763,6,Port24928,22,3537,315,5153409,92925
1721186678,12559,Comp995267,Comp141961,6,Port2714,25,3173,4298,368068,5613188
1721187815,1333,Comp141961,Comp794320,17,Port14560,67,8520,5941,4762680,1009970
1721188111,4780,Comp131751,Comp224037,6,Port35939,587,793,5608,635193,1788952
1721188556,7373,Comp314473,Comp356695,6,Port4861,993,280,476,99400,175168
1721188589,3913,Comp246872,Comp638936,6,Port15678,110,4274,2459,2372070,400817
1721189509,9704,Comp679356,BackupServer,6,Port10633,25,7143,51,1621461,20655
1721189546,11149,Comp100000,Comp920919,6,Port62445,22,10077,2699,7225209,839389
1721191566,17381,Comp147986,Comp898521,6,Port23940,443,6205,7256,8252650,3903728
1721191884,10831,Comp131751,Comp606940,6,Port25542,587,3104,104,4330080,27352
1721192407,10660,Comp329480,Comp912181,6,Port28198,445,4128,1977,251808,2785593
1721192947,13065,Comp324834,Comp336148,17,Port1864,500,4542,6528,4401198,7755264
1721193608,3750,Comp336148,Comp516294,6,Port36018,22,4017,6717,5479188,6589377
1721194232,8468,Comp328683,FileServer,6,Port59889,53,8025,10754,9317025,9732370
1721194314,14979,Comp131751,Comp141961,6,Port53510,22,9587,6882,1246310,7239864
1721194734,3161,Comp293600,Comp393198,6,Port17197,143,8506,11110,5180154,15709540
1721195169,5247,Comp943990,Comp579118,17,Port1889,137,4584,8686,5216592,2023838
1721195453,3959,Comp782474,Comp131751,6,Port50915,22,3450,6605,5071500,5383075
1721196618,17267,Comp574773,Comp100000,6,Port55286,445,959,4597,448812,1475637
1721196796,6375,Comp516294,Comp952578,6,Port60487,110,9575,1335,4337475,934500
1721196926,5856,Comp147986,Comp111156,6,Port38263,3389,11544,8461,4663776,11439272
1721197032,14676,Comp424132,Comp946215,17,Port31571,500,658,11256,885668,10817016
1721197185,16371,Comp574773,Comp795264,6,Port49825,25,1565,4391,472630,4241706
1721198094,90,Comp349447,Comp668118,6,Port45562,587,2575,4266,1478050,767880
1721198408,15821,Comp130485,Comp228954,17,Port49858,161,9569,1173,2258284,1433406
1721199064,12729,Comp972911,DNS,17,Port19369,138,2596,7171,3662956,7766193
1721199575,15552,Comp993209,Comp385395,6,Port59291,587,168,3719,22848,2086359
1721199941,1562,Comp405733,Comp549343,6,Port3422,110,4031,121,3144180,63767
1721200116,709,Comp309437,Comp920919,6,Port7048,587,4373,90,1163218,79380
1721200629,6045,Comp714275,Comp130485,6,Port43264,993,4743,4027,3007062,4618969
1721201847,15297,Comp567603,Comp150536,6,Port37893,443,6182,5549,5557618,4289377
1721202242,8974,Comp364557,Comp995267,6,Port36767,993,2903,5486,3074277,7076940
1721202322,12983,Comp593707,Comp946215,6,Port59667,3389,358,8883,311818,3011337
1721202424,4412,Comp954988,Comp385395,6,Port57204,993,1288,6336,853944,6633792
1721202486,6018,Comp364557,Comp803281,6,Port47421,443,8809,9416,3964050,11713504
1721203055,15802,Comp255630,Comp846125,6,Port11648,143,7917,3564,9595404,3820608
1721203641,8822,Comp574773,Comp362609,6,Port7254,995,3127,2785,3227064,1467695
1721204449,14033,Comp723487,Mail,6,Port10038,995,11289,6474,11526069,4641858
1721205211,11518,Comp328683,Comp744581,6,Port40632,80,6494,1267,7552522,913507
1721205316,3161,Comp574773,Comp144583,6,Port47008,22,9563,9174,3452243,4495260
1721207243,16983,Comp723487,Comp556450,6,Port52625,993,9508,2225,13986268,520650
1721207833,17031,Comp898521,Comp100000,6,Port7676,53,3602,10981,4977964,3426072
1721209192,14041,Comp490789,Comp860515,6,Port18755,3389,7093,11804,4837426,11473488
1721209740,8451,Comp654038,Comp567603,6,Port22830,22,7117,6449,2398429,2373232
1721209755,7713,Comp922028,Comp955337,6,Port41827,995,5467,3745,3203662,4475275
1721210742,5359,Comp846141,Comp231236,6,Port4027,587,7624,4064,4627768,4864608
1721211059,11617,Comp723487,Comp679356,17,Port55240,67,4034,5151,5889640,3291489
1721211453,5581,Comp349447,Comp692997,6,Port6223,22,1178,5751,543058,3289572
1721211486,3346,Comp588967,Comp860515,6,Port34819,995,542,907,766930,1331476
1721211719,1093,Comp972911,Comp885616,6,Port61206,25,5363,2370,2021851,137460
1721212123,7631,Comp362609,Comp490789,6,Port13551,25,10956,9471,15261708,3939936
1721212155,14676,Comp664505,Comp918279,6,Port45362,993,2573,632,3594481,662336
1721212346,14243,Comp794320,Comp923139,6,Port36485,587,7103,5381,6591584,7070634
1721212677,15289,Comp955337,Comp826274,17,Port53915,53,1970,10500,388090,7455000
1721213655,10919,Comp943990,Comp384614,6,Port38957,110,7578,1048,7130898,1144416
1721213886,15617,Comp111156,Comp458510,6,Port55744,445,2209,11106,3026330,3964842
1721214000,14098,Comp714633,Comp892394,6,Port27012,445,5286,5675,7368684,7905275
1721214102,14520,Comp803281,Comp477748,6,Port11600,110,9699,5080,6857193,4521200
1721214135,9177,Comp111156,Comp795264,6,Port44867,110,4473,8559,3310020,9594639
1721214815,1538,Comp584383,Comp122535,6,Port63450,22,11210,9326,6726000,2769822
1721215024,6843,Comp995267,Comp198162,6,Port28979,22,560,5676,196560,4325112
1721215123,15249,Comp549343,Comp860515,6,Port53922,3389,1007,997,1000958,1098694
1721215319,13365,Comp860515,Comp387691,17,Port57627,68,2028,11623,2997384,7473589
1721215661,226,Comp405733,Comp439536,6,Port42668,3389,2926,106,1258180,152852
1721216495,1688,Comp516294,Comp304009,6,Port52093,22,5107,10459,6480783,13073750
1721217061,11854,Comp562571,Comp122535,17,Port37344,68,10966,5208,1962914,1187424
1721217088,17614,Comp918279,Comp847313,6,Port52941,143,2901,6177,351021,7820082
1721217723,13165,Comp943258,Comp918279,17,Port22712,161,4283,9180,5803465,5498820
1721218125,17070,Comp654038,Comp574773,6,Port34962,995,534,11286,108936,10146114
1721218679,1196,Comp579118,Comp336148,6,Port6043,110,8574,1805,5521656,1147980
1721218954,15846,Comp228954,Comp384614,6,Port13690,587,6552,9736,8694504,10368840
1721219104,2309,Comp943258,Comp517345,6,Port38383,110,541,7933,297009,5283378
1721220818,15917,Comp490789,Comp458510,6,Port47757,993,5569,4419,2667551,3159585
1721221081,17536,Comp141961,Comp477748,17,Port2944,500,2622,5108,259578,4546120
1721222161,9199,Comp847313,Comp304009,17,Port5470,67,5057,9256,5340192,3313648
1721222302,9586,Comp147986,Comp884824,17,Port1434,68,3411,1680,1729377,1112160
1721222491,8963,Comp675254,Comp385395,6,Port34413,110,9410,6070,1994920,679840
1721223271,9958,Comp995267,Comp955337,6,Port22650,25,690,8666,505770,1083250
1721224638,14761,Comp955337,DNS,6,Port4441,443,7194,6469,2071872,6430186
1721224865,5067,Comp118871,Comp721407,6,Port52221,25,9518,5374,12173522,2396804
1721225456,5099,Comp314473,Comp834256,6,Port35113,443,17,6247,19227,6353199
1721225704,17432,Comp955337,Comp393198,6,Port1670,995,10853,6138,15953910,7052562
1721226418,15298,Comp993209,Comp118871,6,Port45274,25,9143,9644,13431067,9750084
1721227284,9725,Comp114833,Comp966362,6,Port59822,995,3352,9851,4230224,6442554
1721228433,3616,Comp517345,Comp846125,6,Port28067,445,5791,11022,4476443,9489942
1721228906,17199,Comp493273,Comp499855,6,Port62287,22,8171,865,2353248,1022430
1721228951,15824,Comp567603,Comp187068,6,Port27919,587,6202,3834,632604,2066526
1721229045,5910,Comp918279,Comp943990,17,Port6019,53,9078,10521,1570494,6828129
1721229520,9739,Comp627014,Comp579118,6,Port8945,445,10674,7703,4077468,3027279
1721230330,7549,Comp567603,Comp329480,6,Port5343,443,4296,4521,5709384,1505493
1721230880,15177,Comp846125,Comp826274,6,Port20496,443,1311,7540,458850,1017900
1721231258,12370,Comp723487,Comp860515,6,Port25851,110,5177,5557,905975,794651
1721231992,8877,Comp328683,Comp954988,6,Port29684,25,7193,10649,10106165,2726144
1721232291,17423,Comp150536,Comp207492,17,Port32030,67,9300,6697,6277500,7781914
1721232501,10952,Comp675254,Comp723487,6,Port56734,993,3386,5366,2204286,5135262
1721232654,8713,Comp111156,Comp314473,6,Port1772,3389,11138,7482,5346240,1256976
1721233027,16682,Comp187068,Comp384614,6,Port58954,53,441,2281,627543,2648241
1721233607,8096,Comp943990,Comp595110,6,Port16437,110,6967,9248,3817916,10496480
1721234029,7528,Comp437739,Comp431255,17,Port62541,1900,5249,2437,6792206,3326505
1721234138,6994,Comp356695,Comp362609,17,Port9742,67,8338,284,12406944,412936
1721234251,3965,Comp314473,Comp638936,6,Port7492,53,3404,615,2375992,99630
1721234458,5027,Comp943990,Comp439536,6,Port8862,993,11183,793,11876346,637572
1721236904,1638,Comp794320,Comp141961,6,Port20133,143,18,1208,1368,1483424
1721236987,13106,Comp255630,Comp336148,6,Port61764,443,9788,608,11559628,236512
1721237097,10620,Comp405733,Comp593707,17,Port30887,137,5915,3614,8635900,3295968
1721237586,16786,Comp431255,Comp593707,6,Port11684,445,6191,11529,2005884,1982988
1721237695,10999,Comp846125,Comp860515,17,Port42424,68,3734,1230,201636,589170
1721238027,1448,Comp846125,Comp954988,6,Port33797,587,4701,8113,488904,11926110
1721238065,11173,Comp490789,Comp966362,6,Port46362,110,5210,10453,6715690,11487847
1721238657,3155,Comp593922,Comp393198,6,Port48862,22,3733,9710,1478268,4087910
1721238837,669,Comp127895,Comp141961,17,Port51731,161,141,4344,90663,6446496
1721239109,11927,Comp147986,Comp547568,6,Port10783,22,4806,633,2547180,212055
1721239422,494,Comp228954,Comp606940,6,Port33013,443,4821,4421,2309259,2621653
1721240025,7364,Comp892394,Comp679356,6,Port41709,22,8663,7218,2434303,4965984
1721240343,16117,Comp235883,Comp356695,6,Port36930,995,5645,9090,3590220,8690040
1721241222,4610,Comp803281,Comp972911,6,Port63766,3389,6594,1701,9159066,717822
1721241376,12519,Comp593922,Comp207492,6,Port62992,80,5592,3616,3137112,1518720
1721242525,6780,Comp141961,Comp952578,6,Port53400,80,5088,7217,6156480,7354123
1721242649,2040,Comp679356,Comp567603,6,Port16508,443,8603,8582,8998738,2909298
1721243429,3547,Comp396858,Comp827253,6,Port35144,53,8107,3731,9760828,921557
1721243637,1344,Comp962233,BackupServer,6,Port52876,995,11895,9869,10420020,2536333
1721243805,2717,Comp364557,Comp668118,6,Port18330,25,5962,9621,3469884,4993299
1721244298,2914,Comp884824,Comp885616,17,Port46944,67,335,4322,139025,371692
1721245734,15898,Comp714275,Comp304009,6,Port17100,53,7023,6432,3153327,585312
1721246519,14524,Comp384614,Comp293600,6,Port10061,993,4752,5733,3849120,6283368
1721246753,6361,Comp207492,Comp431255,6,Port16503,25,1150,8025,724500,6660750
1721247071,13015,Comp387691,Comp943258,17,Port60793,500,10280,3866,6486680,978098
1721247725,3678,Comp324834,Comp658094,6,Port65237,995,7595,3954,4389910,1629048
1721248025,11496,Comp826274,Comp827253,6,Port56204,143,7508,5077,10391072,5214079
1721248285,3644,Comp884824,Comp664505,6,Port18524,53,7637,2590,7476623,3133900
1721248731,11534,Comp627014,Mail,6,Port51311,445,11803,6968,15839626,9121112
1721249423,6438,Comp654763,Comp439536,6,Port15104,445,8257,11496,11518515,4104072
1721249436,15459,Comp187068,Comp593922,6,Port9202,25,8561,4195,8055901,5352820
1721249474,15031,Comp558739,Comp692997,17,Port17716,1900,9012,10331,1559076,6839122
1721250130,6002,Comp884824,Comp100000,6,Port10034,445,316715,5569,438968095,16982054
1721250318,741,Comp721407,Comp884824,6,Port42343,110,8449,1989,6235362,1754298
1721250827,5800,Comp384614,Comp118871,17,Port45098,137,913,5954,535931,1315834
1721250976,5076,Comp141961,Comp918279,6,Port3324,587,4829,5993,3105047,4290988
1721251776,7658,Comp336148,Comp668118,6,Port7944,25,3303,294,554904,201684
1721252752,10338,Comp314473,Comp675254,17,Port31930,53,10688,5752,10784192,5228568
1721259829,17814,Comp922028,Comp364557,6,Port8334,22,7006,1963,763654,596752
1721260209,1130,Comp141961,Comp731825,17,Port54453,123,6189,9533,6758388,1239290
1721260439,9988,Comp111156,Comp993209,6,Port26846,110,6269,6496,7873864,3800160
1721261418,3090,Comp627014,Comp803281,6,Port27655,110,8187,3650,5370672,5383750
1721262603,9844,Comp318192,Comp255630,6,Port1370,143,9151,31,5481449,26970
1721263755,11463,Comp579118,Comp362609,6,Port46278,143,2419,6851,2472218,5747989
1721265349,14572,Comp547568,Comp912181,17,Port47568,1900,11923,8450,15440285,8281000
1721265397,10080,Comp207492,Comp846125,17,Port49819,1900,9143,5088,1636597,3973728
1721265849,3205,Comp595110,Comp304009,6,Port35873,995,2482,10865,1759738,3889670
1721266409,16446,Comp516294,Comp100000,6,Port18413,110,7270,2355,3714970,3480690
1721266563,7297,Comp802471,Comp458510,6,Port6067,443,5141,9054,287896,3359034
1721267224,8632,Comp675254,Comp293600,6,Port21381,25,4520,5948,235040,5793352
1721268143,11544,Comp847313,Comp593922,17,Port36091,500,10402,3769,8436022,4914776
1721268175,4770,Comp593922,Comp556450,6,Port8546,445,3428,3458,3959340,3461458
1721268789,17784,Comp385395,Comp993209,6,Port4513,53,10057,5398,9131756,7659762
1721269301,803,Comp558739,Comp336148,17,Port15020,123,7642,966,3079726,288834
1721269624,2781,Comp593922,Comp920919,6,Port5584,80,9806,7808,6854394,7628416
1721269698,17822,Comp490789,Comp663497,6,Port1940,445,8943,4905,12967350,853470
1721270592,8137,Comp574773,Comp606940,6,Port32342,993,7445,8165,9403035,6956580
1721271407,16078,Comp431255,Comp458510,6,Port49092,25,2286,6182,489204,1897874
1721271655,16300,Comp912181,Comp847313,6,Port33268,80,11918,11729,11679640,11729000
1721271912,17826,Comp493273,Comp664505,6,Port6911,53,7709,991,7338968,511356
1721272645,13059,Comp826274,Comp731825,6,Port22893,587,4295,5915,2456740,1342705
1721273339,12299,Comp396858,Comp567603,6,Port3317,995,3076,6435,1759472,8391240
1721274778,11048,Comp257122,Comp362609,6,Port41135,53,1396,2994,1520244,4038906
1721275091,12300,Comp293600,Comp549343,6,Port16063,110,3789,8068,5319756,2331652
1721275499,4628,Comp516294,Comp228954,17,Port26013,500,1591,4346,805046,1495024
1721275661,14673,Comp668118,Comp966362,6,Port59214,587,10655,9162,14842415,870390
1721275945,3370,Comp517345,Comp111156,6,Port38890,110,5228,11069,6608192,11257173
1721277240,8631,Comp424132,Comp627014,17,Port50365,53,7512,10243,871392,13766592
1721277384,6736,Comp141961,Comp714275,6,Port23589,443,9659,7592,4327232,2763488
1721278072,13706,Comp405733,Comp362609,6,Port61064,22,11537,8615,7879771,6021885
1721278607,4592,Comp257122,Comp834256,17,Port47147,123,5434,10371,5504642,11096970
1721279169,3718,Comp714633,Comp144583,6,Port34290,443,628,11767,232360,8072162
1721279598,14552,Comp122535,Comp393198,6,Port38394,3389,7336,8689,4739056,9905460
1721280409,8763,Comp943990,Comp852902,6,Port41228,443,11362,10955,1988350,12488700
1721280424,12972,Comp385395,Comp328683,6,Port11348,995,4296,11585,803352,12986785
1721280612,15820,Comp431255,Comp654763,6,Port17259,110,1228,2110,828900,2285130
1721280815,15033,Comp549343,Comp356695,6,Port45296,587,8578,6014,8226302,3999310
1721281263,7199,Comp627014,Comp304009,6,Port29460,995,7448,4288,5213600,2632832
1721281426,3080,Comp318192,Comp846125,17,Port51597,137,1838,11398,1100962,10554548
1721282003,17280,Comp898521,Comp588967,6,Port34948,443,44,8928,33704,1749888
1721282437,5580,Comp122535,Comp150536,6,Port5273,3389,6241,10630,6028806,9705190
1721282581,13845,Comp499855,FileServer,6,Port43912,443,1783,4195,1929206,364965
1721283210,13834,Comp573916,Comp198162,17,Port40373,1900,2222,10117,1839816,11037647
1721284352,7968,Comp309437,Comp654763,6,Port24549,143,3708,974,645192,899002
1721284608,2944,Comp852902,Comp860515,6,Port52016,995,5623,11269,562300,8654592
1721284662,8498,Comp439536,Comp658094,6,Port23650,445,9816,2758,5300640,1329356
1721285117,2621,Comp364557,Comp385395,6,Port8420,143,5166,6306,1751274,4918680
1721286380,6339,Comp255630,Comp144583,6,Port8844,53,10035,8596,8258805,8312332
1721286714,6895,Comp898521,Comp802471,17,Port59191,53,7255,8913,7704810,9260607
1721287162,9329,Comp257122,Comp654038,6,Port25285,80,4713,2546,1918191,3531302
1721287545,3356,Comp972911,Comp558739,6,Port27783,993,6115,6664,4415030,1919232
1721287759,15225,Comp731825,Comp827253,6,Port20731,143,1695,6366,606810,662064
1721288007,1421,Comp847313,Comp595110,6,Port48623,110,11708,9315,8441468,9240480
1721289079,17741,Comp349447,Comp678020,6,Port40086,143,3623,3850,2144816,1066450
1721289902,5630,Comp912181,Comp744581,6,Port59023,110,10803,9165,464529,2346240
1721290275,8812,Comp314473,Comp356695,6,Port58728,993,7741,7395,7826151,3261195
1721290639,15760,Comp679356,Comp114833,6,Port64867,110,3529,9100,1700978,9991800
1721290811,11776,Comp918279,Comp477748,6,Port22254,143,5840,10502,6605040,1375762
1721292040,1018,Comp100000,Comp847313,6,Port38694,443,1455,5141,1479735,3120587
1721292371,10874,Comp827253,Comp966362,6,Port23376,445,7387,5186,2393388,1006084
1721292473,10190,Comp431255,Comp802471,6,Port46458,110,777,9555,1037295,12087075
1721292933,16787,Comp127895,Comp147986,6,Port49290,22,7669,9382,552168,10808064
1721293835,10134,Comp860515,Comp362609,17,Port17261,68,2376,10517,2086128,1777373
1721293911,17858,Comp923139,Comp794320,17,Port56483,1900,1543,6605,1868573,2899595
1721294203,9555,Comp846125,Comp187068,17,Port19735,500,2666,7635,2210114,5436120
1721294463,3462,Comp946215,Comp846141,17,Port64459,67,1072,709,914416,501263
1721296543,9099,Comp246872,Comp329480,6,Port55908,443,10664,5455,7742064,1549220
1721296912,16513,Comp892394,Comp827253,6,Port2196,3389,11231,2955,1426337,2130555
1721297680,311,Comp852902,Comp114833,6,Port26715,22,11098,10238,11430940,13391304
1721297712,7181,Comp228954,Comp846125,17,Port26078,53,8619,1469,12333789,531778
1721297921,855,Comp638936,Comp847313,6,Port54080,3389,2766,9341,3333030,2073702
1721297985,15154,Comp318192,Comp549343,6,Port47758,995,9106,10041,1138250,6054723
1721298708,9202,Comp130485,Comp731825,6,Port4288,110,9105,5635,3296010,4214980
1721300365,12890,Comp131751,WebServer,6,Port55256,443,2839,8018,3562945,3648190
1721300521,17429,Comp314473,Comp255630,6,Port15103,143,10029,6958,10851378,1342894
1721300580,14980,Comp714633,Comp144583,6,Port24875,3389,11963,8269,6878725,1356116
1721302254,7344,Comp884824,Comp593922,6,Port11997,143,4530,8229,1793880,9907716
1721302511,16827,Comp847313,Comp884824,17,Port11186,67,7060,3036,5047900,704352
1721302944,8502,Comp318192,Comp584383,6,Port35026,110,10459,8259,899474,3724809
1721303451,17614,Comp664505,Comp714275,6,Port6487,110,3149,10821,535330,12465792
1721303466,17677,Comp356695,DNS,6,Port6219,587,11863,3732,1767587,3384924
1721303522,3990,Comp884824,Comp150536,6,Port51713,110,3639,3678,4526916,279528
1721304064,14024,Comp127895,Comp898521,6,Port23207,22,11613,3512,1242591,1011456
1721304566,12562,Comp100000,Comp549343,6,Port42843,53,2808,10940,2375568,7953380
1721305416,13862,Comp995267,Comp393198,6,Port64648,995,8903,10648,3997447,5888344
1721306238,3020,Comp304009,Comp955337,6,Port4305,110,6304,4173,7211776,6188559
1721306533,9085,Comp668118,Comp384614,6,Port52260,25,4460,11244,1003500,2305020
1721306830,2727,Comp943990,Comp794320,17,Port8098,137,5269,9137,7213261,712686
1721306936,16162,Comp952578,Comp356695,6,Port50091,3389,2724,4824,446736,4071456
1721307092,15719,Comp654038,Comp130485,6,Port20764,143,8064,9901,10281600,14257440
1721307095,10461,Comp892394,Comp356695,6,Port9740,445,1079354,10960,866721959,8628044
1721307732,2338,Comp224037,Comp122535,6,Port15779,993,7029,10422,583407,13027500
1721307744,11820,Comp920919,Comp349447,17,Port24542,137,3314,5648,314830,8409872
1721307781,7907,Comp549343,Comp852902,6,Port48101,80,8038,2600,9484840,1682200
1721308419,14176,Comp567603,Comp405733,6,Port44930,443,5261,2006,2846201,1297882
1721309000,1788,Comp329480,Comp318192,6,Port48029,443,11053,9928,7162344,14782792
1721309099,7319,Comp943258,Comp827253,6,Port2419,80,3170,8794,3933970,8424652
1721309320,6509,Comp847313,Comp231236,6,Port63942,22,6219,8506,2624418,7128028
1721309357,17158,Comp477748,Comp150536,6,Port29020,3389,5953,550,5048144,251900
1721309677,5369,Comp912181,Comp144583,6,Port8207,445,10629,11584,5048775,16217600
1721309851,17784,Comp235883,Comp499855,6,Port60929,993,1325,1366,177550,558694
1721310263,16596,Comp558739,Comp257122,6,Port52167,143,7413,6966,11045370,4270158
1721310531,10568,Comp721407,Comp638936,6,Port6335,443,9708,11292,5698596,14397300
1721310935,3145,Comp336148,Comp567603,6,Port29206,143,4338,2905,5539626,2280425
1721312407,3997,Comp993209,Comp972911,6,Port59488,143,6061,6211,4042687,7117806
1721312637,310,Comp627014,Comp898521,6,Port45062,587,3535,10082,4616710,15042344
1721312781,13948,Comp922028,Comp309437,6,Port13572,3389,5034,3196,1464894,3128884
1721312863,13059,Comp385395,Comp692997,6,Port46208,993,11400,1220,9439200,337940
1721314030,5799,Comp885616,Comp664505,6,Port13223,587,4358,5764,2545072,6559432
1721314445,13163,Comp912181,Mail,6,Port23720,22,2422,9540,3606358,8729100
1721314902,10388,Comp923139,Comp499855,6,Port13631,443,6957,6938,3694167,2046710
1721315326,14697,Comp860515,Comp516294,6,Port45755,3389,5639,5311,6575074,1067511
1721315898,1561,Comp336148,Comp431255,6,Port61101,110,9358,7666,7112080,10755398
1721317169,3580,Comp567603,Comp396858,6,Port3893,443,438,621,273750,120474
1721317201,14533,Comp782474,Comp549343,6,Port39972,80,10830,4178,11458140,2937134
1721317236,6654,Comp573916,Comp516294,6,Port17048,53,8422,10535,8261982,15570730
1721317540,17263,Comp972911,Comp593922,6,Port49458,587,10098,4648,7462422,6079584
1721317650,15854,Comp884824,Comp349447,6,Port10011,80,4890,11581,586800,14649965
1721317701,1696,Comp493273,Comp255630,6,Port24661,445,5346,6597,785862,7349058
1721318903,7265,Comp431255,Comp794320,6,Port14307,445,4014,11206,3668796,8247616
1721319157,13169,Comp912181,Comp567603,6,Port57359,995,10008,7519,1200960,3436183
1721320030,2455,Comp962233,Comp362609,6,Port6350,3389,854,5026,789096,6780074
1721320140,15495,Comp846125,Comp922028,6,Port38565,443,542102,11056,656485646,13052731
1721321480,1768,Comp579118,Comp228954,6,Port8793,22,3118,3239,3716656,1998463
1721321997,1972,Comp517345,Comp567603,6,Port39720,443,7658,4707,8071532,6829857
1721325735,9782,Comp393198,Comp517345,6,Port50563,995,11566,8669,5077474,5028020
1721327238,4443,Comp846141,Comp946215,6,Port49557,143,8095,10496,8086905,986624
1721327733,11505,Comp678020,Comp122535,6,Port3175,443,532,2319,163324,2126523
1721328265,7054,Comp224037,Comp885616,6,Port50933,993,4796,11918,6584908,7889716
1721328653,4874,Comp100000,Comp431255,6,Port20175,143,376,5167,64296,4903483
1721329001,15061,Comp304009,Comp150536,6,Port45012,110,5833,4068,4841390,3844260
1721329020,2871,Comp567603,Comp144583,6,Port63201,143,2088,1542,1566000,1478778
1721330009,8882,Comp579118,Comp309437,6,Port8695,995,8311,327,1221717,175272
1721330283,3033,Comp664505,Comp827253,17,Port24423,123,6403,6688,1997736,2728704
1721330789,2466,Comp118871,Comp187068,6,Port56938,80,3695,7252,4001685,3655008
1721331091,3694,Comp943258,Comp918279,6,Port10153,445,10288,1126,9351792,1631574
1721332865,4615,Comp593707,Comp309437,6,Port17855,587,8963,10843,2473788,12285119
1721333799,7417,Comp516294,Comp679356,6,Port36446,995,7525,6526,1843625,4000438
1721333919,8413,Comp962233,Comp364557,6,Port65290,995,4249,640,4299988,881280
1721333948,2498,Comp920919,Comp567603,6,Port20036,993,3267,10096,3280068,11670976
1721335028,707,Comp231236,Comp918279,6,Port25893,993,7026,2365,4391250,1948760
1721335084,1704,Comp293600,Comp782474,6,Port52360,143,9480,8074,654120,9753392
1721335225,11358,Comp723487,Comp943258,6,Port8765,110,10051,8113,814131,11552912
1721335914,17531,Comp304009,Comp912181,6,Port22159,443,9328,9724,2425280,8450156
1721336317,456,Comp562571,Comp723487,6,Port21415,587,279,9715,33759,1816705
1721336661,626,Comp898521,Comp638936,6,Port26899,443,11817,11827,10068084,7912263
1721336838,14055,Comp654038,Comp731825,17,Port38023,500,2884,1039,1767892,386508
1721337460,13049,Comp405733,Comp349447,6,Port15321,22,121,4378,43197,4645058
1721337699,13209,Comp834256,Comp658094,17,Port26276,67,6734,4364,6114472,733152
1721338662,3115,Comp114833,Comp309437,17,Port60171,123,5464,4514,5835552,3263622
1721338953,15578,Comp952578,Comp721407,6,Port54483,993,1274,2864,368186,1933200
1721339960,11225,Comp130485,Comp255630,6,Port62714,993,2573,2806,2449496,1692018
1721340050,2839,Comp885616,Comp549343,6,Port45034,993,2468,11578,481260,11056990
1721340114,2082,Comp549343,Comp593707,17,Port38585,53,5278,10786,4829370,9017096
1721341778,10846,Comp885616,Comp324834,6,Port14794,22,8989,8189,5294521,2718748
1721341894,14022,Comp827253,Comp847313,6,Port11272,995,8184,6659,1636800,8044072
1721343561,14058,Comp714275,Comp324834,17,Port35786,67,310,5707,376340,3960658
1721344880,10575,Comp336148,Comp943258,17,Port27143,123,2085,8185,638010,2201765
1721345026,9283,Comp794320,Comp943990,17,Port51829,68,7320,10348,8666880,10751572
1721345105,12517,Comp606940,Comp923139,6,Port1646,53,9634,5115,5520282,3135495
1721345681,2355,Comp721407,Comp150536,6,Port58519,995,410,6451,425580,6276823
1721346003,6568,Comp884824,Comp499855,6,Port12023,53,4029,10945,4319088,12488245
1721346319,1781,Comp558739,Comp943990,6,Port26502,993,1391,10936,919451,10476688
1721346534,15099,Comp892394,Comp731825,6,Port24004,3389,5827,2758,5902751,3897054
1721346672,10906,Comp207492,Comp567603,6,Port60663,995,4684,2865,3208540,2647260
1721347201,13990,Comp663497,Comp943990,6,Port47499,443,2088,2451,1931400,1460796
1721348026,8957,Comp384614,Comp385395,6,Port3344,995,11577,328,4271913,485440
1721348436,16737,Comp595110,Comp224037,6,Port56054,993,9151,8333,6039660,6591403
1721348553,16732,Comp547568,Comp328683,17,Port44678,53,6550,5144,1572000,5565808
1721349025,11095,Comp293600,Comp336148,6,Port5418,110,9186,380,5934156,198740
1721349258,15009,Comp846125,Comp966362,6,Port51471,445,3747,2451,236061,3345615
1721349582,11872,Comp364557,Comp150536,6,Port3211,993,11220,6385,7158360,9015620
1721350422,13027,Comp224037,Comp966362,6,Port28450,53,4936,10028,6392120,14330012
1721350490,4449,Comp663497,Comp826274,6,Port11481,53,4632,7955,2626344,4820730
1721350565,17683,Comp803281,Comp714633,6,Port1731,110,6825,6395,5214300,8281525
1721351577,3319,Comp885616,Comp278057,6,Port37119,110,6939,2237,8944371,2283977
1721351580,12503,Comp458510,Comp954988,17,Port45346,500,7433,3463,327052,616414
1721352283,10923,Comp384614,Comp884824,6,Port31969,3389,9989,9382,10178791,12937778
1721352703,1663,Comp131751,Comp654763,17,Port23123,123,3215,9282,2610580,7536984
1721352812,13943,Comp329842,Comp668118,6,Port34149,80,8484,10418,4589844,8511506
1721352972,1397,Comp573916,Comp714275,17,Port10817,68,2368,6322,987456,3774234
1721353055,9172,Comp329842,Comp920919,6,Port4248,445,2884,3276,2610020,4209660
1721353153,14685,Comp424132,Comp995267,6,Port11159,53,5944,6033,3940872,1091973
1721353243,2254,Comp207492,Comp318192,17,Port4523,500,6293,10754,3882781,6463154
1721353348,6493,Comp130485,Comp826274,17,Port50644,67,7738,2169,7900498,1871847
1721353390,9150,Comp846141,Comp721407,6,Port40292,110,1672,10163,1041656,3313138
1721353674,16637,Comp144583,Comp349447,6,Port13112,143,9799,11942,11974378,4179700
1721354457,6876,Comp860515,Comp122535,6,Port37787,445,6685,9838,3041675,9237882
1721354661,2129,Comp424132,Comp595110,6,Port32254,995,7113,7908,7554006,7030212
1721355681,2366,Comp144583,Comp918279,17,Port8204,161,8966,4910,7728692,6058940
1721355850,3578,Comp952578,Comp336148,6,Port63625,3389,8309,10257,11200532,12646881
1721356205,15599,Comp638936,Comp593707,6,Port61525,993,5147,1929,3211728,127314
1721357567,13917,Comp920919,Comp574773,6,Port49976,143,5808,9116,2218656,5606340
1721357808,7520,Comp860515,Comp127895,6,Port53194,143,2795,4820,1735695,6150320
1721358281,15254,Comp744581,Comp802471,6,Port36324,587,6801,6035,6835005,8605910
1721358708,16531,Comp658094,Comp803281,6,Port52879,22,2436,5558,1624812,989324
1721360023,15609,Comp499855,Comp309437,17,Port35104,123,7625,116,10209875,134444
1721360220,82,Comp943258,Comp678020,6,Port11737,53,5014,11839,1338738,4486981
1721361028,1785,Comp198162,Comp588967,6,Port11818,993,2836,8000,1389640,9712000
1721361203,13058,Comp324834,Comp658094,6,Port56117,993,5711,7200,8423725,4975200
1721361465,6873,Comp955337,Comp324834,6,Port29823,993,11208,1208,13528056,245224
1721362259,2860,Comp668118,Comp884824,17,Port48080,1900,6746,9345,1025392,3158610
1721362941,11635,Comp692997,Comp362609,6,Port10371,80,4144,11537,5851328,16324855
1721363548,6399,Comp127895,Comp846125,6,Port29914,80,5401,9775,3570061,11339000
1721363869,16538,Comp499855,Comp141961,6,Port6416,22,7256,2991,7110880,269190
1721364368,10382,Comp384614,Comp782474,6,Port15264,80,1843,2176,117952,3098624
1721364521,4303,Comp387691,DNS,6,Port8064,143,6731,4407,1877949,5605704
1721364584,16822,Comp278057,Comp954988,6,Port14450,995,404,271,427836,226556
1721364633,10806,Comp898521,Comp118871,6,Port40157,53,10240,6618,4300800,549294
1721365322,5334,Comp228954,Comp663497,6,Port1373,995,7315,5498,1543465,3705652
1721365350,2584,Comp328683,Comp993209,17,Port13510,500,1364,6031,1407648,1670587
1721365396,9990,Comp668118,Comp692997,6,Port45600,25,5592,11879,1996344,6806667
1721367020,13451,Comp385395,Comp318192,17,Port10658,500,10610,7861,13835440,3930500
1721367170,15046,Comp993209,Comp336148,6,Port36865,143,11578,5002,3473400,5402160
1721367393,2296,Comp562571,Comp885616,6,Port56964,3389,1645,9401,121730,10500917
1721367633,7778,Comp393198,Comp952578,17,Port51345,53,3246,4436,1980060,1295312
1721368366,17999,Comp198162,Comp324834,6,Port8895,3389,1735,9091,895260,12300123
1721369980,11895,Comp654038,Comp721407,6,Port10541,80,4426,11192,4302072,11393456
1721370212,1661,Comp336148,Comp122535,6,Port46545,995,10347,10897,3942207,11038661
1721370280,16507,Comp328683,Comp118871,6,Port23377,3389,8478,6226,12471138,7303098
1721372182,12336,Comp328683,Comp293600,6,Port27925,445,3085,5638,2023760,6213076
1721372573,8283,Comp782474,Comp952578,6,Port31780,25,3904,4770,4196800,5681070
1721372888,13986,Comp228954,Comp654763,6,Port38381,80,7341,6410,8522901,2967830
1721373074,11671,Comp723487,Comp141961,6,Port30001,25,7163,11234,9526790,11705828
1721373100,4644,Comp131751,Comp387691,6,Port2530,993,5563,10488,4305762,15354432
1721374903,14336,Comp293600,Comp852902,6,Port7120,80,5055,7277,1880460,8303057
1721375098,4587,Comp198162,Comp314473,17,Port1025,67,11211,3387,8923956,2150745
1721375342,4121,Comp638936,Comp826274,6,Port18113,80,6041,4518,3993101,4346316
1721375634,10731,Comp314473,Comp627014,17,Port53746,1900,9385,2951,8718665,4048772
1721375754,336,Comp663497,Comp595110,6,Port63716,993,11518,2238,4422912,2231286
1721375940,11348,Comp664505,Comp795264,6,Port31695,110,4020,109,3183840,128293
1721375964,9910,Comp972911,Comp235883,6,Port2780,143,9346,9286,13439548,12433954
1721376394,12969,Comp329842,Comp364557,17,Port5624,138,9761,8861,10190484,5103936
1721376421,2868,Comp943258,Comp439536,6,Port53601,25,2632,2149,3782184,1136821
1721376557,10445,Comp384614,Comp912181,17,Port23181,1900,2710,8251,531160,4455540
1721377110,7949,Comp847313,Comp966362,6,Port57900,993,1940,1984,1928360,1146752
1721377254,3141,Comp955337,Comp130485,6,Port33689,995,7387,3320,539251,3426240
1721377417,8134,Comp731825,Comp314473,6,Port57742,445,9138,3102,3070368,2323398
1721377424,16634,Comp584383,Comp562571,17,Port9764,123,9019,1558,11246693,2201454
1721377940,14837,Comp847313,Comp955337,6,Port56389,25,4652,8748,869924,9115416
1721378487,2999,Comp228954,Comp803281,17,Port36269,137,8438,510,6235682,520710
1721378648,15241,Comp100000,DNS,6,Port29248,80,358,4864,50478,6940928
1721379317,10174,Comp918279,Comp127895,17,Port35134,53,7880,5854,3743000,7557514
1721379454,850,Comp329480,Comp278057,6,Port22130,22,5689,6925,1251580,602475
1721379999,16560,Comp852902,Comp278057,6,Port39914,443,9959,2321,7001177,3365450
1721380060,9467,Comp490789,Comp309437,6,Port50700,995,11612,5656,11356536,7505512
1721380064,16433,Comp955337,Comp257122,17,Port53295,138,6674,9520,6600586,4959920
1721380480,1771,Comp898521,Comp387691,6,Port64133,3389,7462,4491,10454262,1720053
1721380641,3023,Comp827253,Comp668118,6,Port27653,110,11140,11400,2417380,9416400
1721380816,16234,Comp588967,Comp573916,6,Port50623,587,4120,5157,2570880,7725186
1721381942,4295,Comp714275,Comp723487,6,Port58346,53,1738,9322,1397352,8660138
1721382183,9888,Comp549343,Comp593922,6,Port2170,445,6077,1369,1002705,1211565
1721382186,10833,Comp147986,Comp922028,6,Port31646,80,4269,10219,858069,3648183
1721383041,17069,Comp663497,Comp714633,6,Port46230,993,7617,5756,3755181,7770600
1721383713,6069,Comp946215,Comp593922,6,Port30515,143,9396,11889,12158424,14314356
1721383883,13567,Comp714275,Comp458510,6,Port7475,22,748163,8407,503513794,15864385
1721383978,13156,Comp627014,Comp918279,6,Port43323,53,3697,8889,3183117,3751158
1721384564,12616,Comp638936,Comp794320,17,Port27223,137,6778,1781,5720632,2361606
1721384603,9403,Comp278057,Comp993209,6,Port40861,143,5315,6807,6500245,7297104
1721385685,1280,Comp593922,Comp593707,6,Port1111,80,2228,8856,1860380,5570424
1721386378,4790,Comp588967,DNS,6,Port1761,443,9274,9720,10127208,7814880
1721386456,10097,Comp852902,Comp966362,6,Port39917,3389,3987,4516,1957617,1011584
1721387846,7399,Comp144583,Comp130485,6,Port64402,587,6463,6766,7949490,8531926
1721389488,3323,Comp721407,Comp235883,6,Port42276,80,10903,2080,948561,1998880
1721389749,12440,Comp574773,Comp257122,6,Port61839,587,2252,5190,1213828,4079340
1721389831,8302,Comp627014,FileServer,6,Port55681,3389,5127,5710,2076435,5327430
1721390576,14132,Comp516294,Comp235883,17,Port19170,161,2098,390,509814,349440
1721390643,9869,Comp384614,Comp131751,6,Port7626,53,5242,10999,4314166,7402327
1721390784,6652,Comp593922,Comp668118,6,Port37059,22,3615,7715,4847715,2345360
1721392351,1959,Comp516294,Comp595110,6,Port41049,995,10985,2196,3042845,1627236
1721392471,1890,Comp549343,Comp574773,6,Port50729,993,3636,10770,4839516,13128630
1721393038,9129,Comp431255,Comp147986,6,Port34635,110,7369,8297,9513379,979046
1721393219,6359,Comp562571,Comp356695,6,Port60405,995,1640,8317,2179560,5214759
1721393322,12928,Comp228954,Comp349447,6,Port55469,445,5473,11195,262704,13859410
1721393644,11348,Comp431255,Comp141961,6,Port38822,3389,10016,4849,14863744,4296214
1721396139,5118,Comp439536,DNS,6,Port36595,3389,8064,4261,5354496,323836
1721396439,13677,Comp860515,Comp802471,6,Port2245,3389,3392,7402,3086720,9437550
1721396547,10185,Comp556450,Comp723487,6,Port51399,110,11662,10662,5656070,1258116
1721396691,15833,Comp567603,Comp396858,6,Port44935,445,9627,9755,7586076,7208945
1721396713,17156,Comp314473,Comp782474,6,Port58840,53,4829,9439,4070847,1944434
1721396937,17314,Comp918279,Comp293600,6,Port7028,995,11681,9170,14063924,4034800
1721397710,2285,Comp490789,Comp826274,6,Port10448,80,2248,419,1209424,257266
1721397952,9529,Comp995267,Comp207492,6,Port44323,143,3984,5894,796800,2516738
1721398129,519,Comp424132,Comp231236,6,Port32588,445,11166,4268,10004736,5625224
1721398222,15843,Comp257122,Comp198162,6,Port38920,993,11642,4340,13772486,3758440
1721398455,12647,Comp721407,Comp860515,6,Port29060,587,9877,10271,612374,5823657
1721399261,4718,Comp834256,Comp885616,6,Port42354,3389,2295,4762,2811375,2214330
1721400416,10931,Comp574773,Comp336148,6,Port43505,587,2623,10041,3181699,7691406
1721400748,10074,Comp385395,Comp147986,17,Port13233,67,7769,10894,6852258,5817396
1721400915,9779,Comp885616,Comp923139,6,Port50078,443,672,5461,956928,6646037
1721400979,9709,Comp318192,Comp595110,6,Port32867,110,11894,2038,7207764,778516
1721401730,17714,Comp362609,Comp663497,6,Port38156,995,11297,8381,2643498,8774907
1721401900,13836,Comp918279,Comp329842,6,Port40889,110,9700,10355,9680600,7155305
1721402945,7245,Comp198162,Comp579118,6,Port49050,445,11618,4872,10804740,2070600
1721403481,13916,Comp328683,Comp834256,6,Port20396,80,2757,2343,3790875,1686960
1721404128,2538,Comp846141,Comp437739,17,Port1461,53,10575,6246,3881025,1336644
1721405068,5136,Comp364557,Comp558739,6,Port12740,110,3088,11770,833760,9498390
1721405498,2113,Comp127895,Comp731825,17,Port63327,53,1455,6204,1500105,6743748
1721405679,15945,Comp723487,Comp384614,6,Port15389,993,3149,5380,1555606,4868900
1721405746,430,Comp679356,Comp198162,6,Port17110,993,9297,5279,2872773,327298
1721405808,16046,Comp668118,Comp141961,6,Port56376,587,11315,8801,11541300,7903298
1721407007,14981,Comp744581,Comp207492,6,Port16232,22,7343,4091,2276330,315007
1721407489,17068,Comp255630,Comp517345,6,Port30992,53,2945,8752,3698920,5041152
1721408470,13786,Comp721407,Comp827253,6,Port24930,53,7210,11838,3561740,11435508
1721408740,8238,Comp678020,Comp731825,6,Port43671,587,6115,9270,6066080,12551580
1721409322,14608,Comp114833,Comp675254,6,Port39377,995,6215,11143,5481630,16324495
1721410151,17773,Comp584383,Comp898521,6,Port34240,110,4199,9472,3787498,7454464
1721411279,16065,Comp329842,Comp387691,6,Port33379,80,1665,10123,805860,3553173
1721411369,14128,Comp562571,Comp111156,6,Port54835,443,4335,468,715275,586872
1721411469,13801,Comp663497,Comp556450,6,Port38535,3389,10684,4235,10395532,2367365
1721411978,11757,Comp803281,Comp595110,6,Port33828,110,4899,3280,3297027,2797840
1721412385,16052,Comp972911,Comp387691,6,Port58270,80,249,10358,365034,3407782
1721412651,7781,Comp255630,Comp127895,17,Port7044,67,4141,2756,5544799,1601236
1721412944,9014,Comp122535,Comp437739,6,Port54793,995,5532,11613,818736,8593620
1721413752,15163,Comp834256,Comp131751,6,Port13796,587,7199,8383,4081833,9372194
1721414187,4724,Comp437739,Comp278057,6,Port22422,443,7699,1487,4973554,2011911
1721414391,13754,Comp846125,Comp803281,6,Port1879,587,5106,8199,3043176,2443302
1721414709,1987,Comp595110,Comp573916,6,Port37884,22,1719,4111,1884024,3519016
1721415146,10540,Comp439536,Comp574773,6,Port54667,993,5292,3564,2974104,5185620
1721416708,628,Comp231236,Comp972911,6,Port25652,25,40,11928,10520,763392
1721417314,17948,Comp329842,Comp912181,6,Port43813,110,6072,9522,3454968,8331750
1721417583,15156,Comp131751,Comp329842,6,Port26378,110,5342,9160,6351638,10625600
1721417792,4491,Comp517345,Comp144583,6,Port50001,587,4274,3739,2692620,717888
1721417916,2704,Comp387691,Comp794320,6,Port65448,53,7942,7950,3621552,8069250
1721418557,11551,Comp314473,Comp144583,6,Port47151,53,9054,4115,10584126,2695325
1721419520,16229,Comp405733,Comp972911,6,Port22982,995,3166,7235,430576,6634495
1721419862,5780,Comp714633,Comp574773,6,Port54212,143,6042,4786,4253568,5168880
1721420827,17307,Comp567603,Comp593707,6,Port3473,587,6117,7314,1162230,1828500
1721420864,8241,Comp364557,Comp664505,6,Port64695,443,6111,8935,5658786,1241965
1721421110,7951,Comp714633,Comp235883,6,Port55184,445,4840,3781,6548520,1894281
1721421124,6101,Comp912181,Comp668118,6,Port43180,587,2518,141,1724830,59361
1721423382,4873,Comp362609,Comp396858,6,Port41073,443,2058,1161,3031434,535221
1721424287,6022,Comp324834,Comp794320,17,Port17298,123,371,10877,487865,15108153
1721424732,3113,Comp638936,Comp516294,6,Port28850,993,626,11512,689852,12007016
1721426221,6783,Comp424132,Comp679356,17,Port7564,500,9711,8304,2913300,4650240
1721426438,5216,Comp918279,Comp654038,17,Port22879,161,840,1284,73080,1186416
1721427955,1021,Comp795264,Comp384614,6,Port39069,995,10265,7039,2248035,1914608
1721428341,6527,Comp516294,FileServer,6,Port24387,110,10758,5189,5895384,1593023
1721428602,718,Comp556450,Comp714633,6,Port50747,80,2895,2847,1838325,521001
1721428757,3258,Comp329480,Comp431255,17,Port56062,500,5316,4551,1839336,3012762
1721431205,13048,Comp255630,Comp627014,6,Port37252,443,4321,9426,6317302,8888718
1721431263,453,Comp654038,Comp387691,6,Port23014,443,4726,11956,5312024,9349592
1721431440,5597,Comp314473,Comp111156,6,Port20606,993,4296,10473,4558056,8943942
1721432437,12315,Comp966362,Comp246872,17,Port36290,500,4109,2445,4067910,679710
1721433112,382,Comp654763,Comp993209,6,Port47455,587,8210,6018,7709190,5927730
1721433358,13272,Comp803281,Comp679356,6,Port9197,443,4952,6338,6571304,5361948
1721433474,1467,Comp714633,Comp847313,6,Port29923,995,2247,3509,1368423,5045942
1721433645,994,Comp668118,BackupServer,6,Port29445,3389,4546,5220,1113770,2088000
1721433787,3526,Comp593922,Comp329480,17,Port19512,1900,11744,4566,5519680,579882
1721434304,15486,Comp714275,Comp654038,6,Port16361,110,11853,834,4433022,587136
1721434510,868,Comp782474,Comp141961,6,Port55284,80,743,4995,1066948,1638360
1721434777,1777,Comp664505,Comp493273,6,Port28924,22,6909,4369,5990103,1288855
1721434877,17030,Comp207492,Comp574773,6,Port38216,3389,11685,3670,7747155,1398270
1721435919,10981,Comp356695,Comp114833,6,Port3494,587,2327,7365,179179,7600680
1721436061,10230,Comp364557,Comp834256,6,Port19309,3389,826,8546,890428,5665998
1721436708,728,Comp966362,Comp638936,6,Port15449,993,2544,563,2503296,740908
1721437002,7093,Comp579118,Comp678020,6,Port22222,143,3810,4106,4659630,886896
1721437047,10375,Comp884824,Comp846125,17,Port55318,123,11216,370,2590896,518000
1721437483,9589,Comp846141,Comp547568,6,Port37903,22,3009,9854,3005991,6286852
1721438066,9384,Comp679356,BackupServer,6,Port59227,993,3984,11126,2262912,9112194
1721438129,2031,Comp118871,Comp424132,6,Port28307,80,3116,5564,1180964,6849284
1721438177,17800,Comp187068,Comp477748,6,Port50699,110,4699,11340,1724533,8584380
1721438594,12633,Comp144583,Comp675254,17,Port11379,138,11936,7547,5490560,2098066
1721439073,4349,Comp567603,Comp588967,6,Port53621,143,1006,10428,1116660,4077348
1721439222,17452,Comp912181,Comp100000,6,Port40406,3389,5500,11375,401500,15674750
1721439756,5427,Comp309437,Comp431255,6,Port3526,443,7367,7044,10483241,993204
1721440103,2352,Comp562571,Comp336148,6,Port45479,993,1435,5352,2087925,7332240
1721440236,16074,Comp393198,Comp846141,6,Port31943,25,534,8903,775902,9125575
1721440615,2747,Comp714275,Comp593707,6,Port1031,110,11787,2044,14828046,1610672
1721440834,1096,Comp654038,Comp328683,6,Port55663,53,3231,3559,1654272,1783059
1721441072,11316,Comp573916,Comp228954,17,Port35658,53,2912,6599,1831648,8545705
1721441600,4753,Comp318192,Comp437739,6,Port40156,3389,4184,2416,941400,210192
1721441645,2735,Comp336148,Comp892394,6,Port38257,443,871,5960,1168882,6424880
1721443576,1843,Comp802471,Comp336148,6,Port6868,110,1764,10270,2053296,3553420
1721443748,2269,Comp387691,Comp324834,6,Port22446,110,291,9390,76824,5258400
1721443827,17297,Comp573916,Comp118871,6,Port46291,53,1441809,10695,817505846,336500
1721444742,12069,Comp795264,Comp846125,17,Port22876,68,5559,10322,561459,8876920
1721447158,15171,Comp547568,Comp131751,17,Port58332,138,3289,3988,3815240,1016940
1721447223,11136,Comp884824,Comp329480,6,Port21516,25,11020,8551,2611740,1795710
1721449319,9780,Comp692997,Comp714633,6,Port30670,110,3664,4464,4154976,2321280
1721449464,3920,Comp782474,Comp122535,6,Port29753,25,204,11657,271116,8894291
1721450321,17411,Comp549343,Comp324834,6,Port2242,3389,1196,2121,1706692,3009699
1721450391,14817,Comp385395,Comp952578,6,Port53403,53,8702,3230,2384348,4040730
1721452004,9510,Comp304009,Comp114833,6,Port9773,110,6399,11299,1791720,7050576
1721452736,1895,Comp692997,Comp782474,6,Port31281,993,3125,2870,434375,2565780
1721453534,13682,Comp356695,Comp723487,17,Port59591,1900,2969,7433,3681560,8652012
1721454582,5987,Comp100000,Comp384614,6,Port65126,110,543713,3495,280012675,16230293
1721454690,3765,Comp595110,Comp860515,6,Port15877,443,5063,3413,3088430,3962493
1721455380,13299,Comp664505,Mail,6,Port25290,143,8445,8050,5447025,8114400
1721455835,15068,Comp721407,Comp892394,17,Port37521,138,7657,9538,4226664,10167508
1721456234,11050,Comp293600,Comp588967,6,Port46134,445,8974,2790,6856136,4090140
1721456727,1332,Comp595110,Comp852902,17,Port17152,53,495,11794,271755,6946666
1721457146,10801,Comp198162,Comp387691,17,Port36438,67,6708,1061,2575872,146418
1721458435,16539,Comp627014,Comp692997,6,Port54846,143,157318,1200,160622317,5436802
1721458446,12353,Comp490789,Comp228954,6,Port50200,993,2427,11732,2951232,6124104
1721459299,4779,Comp918279,Comp846125,6,Port54057,53,6993,665,1482516,83790
1721459447,11636,Comp593922,Comp678020,6,Port58334,445,76,3775,109516,1007925
1721459886,4482,Comp668118,Comp795264,6,Port56591,443,10918,1453,6965684,1190007
1721460652,15736,Comp846141,Comp627014,6,Port34033,587,8847,2668,4105008,3833916
1721461531,15224,Comp385395,Comp714633,6,Port63873,143,7476,888,5150964,474192
1721462134,10238,Comp846141,Comp638936,6,Port32923,587,7195,4304,10065805,3602448
1721462855,2435,Comp567603,Comp920919,6,Port46796,22,8039,3547,9815619,1057006
1721462905,7223,Comp593707,Comp324834,6,Port61840,587,5071,1901,6257614,435329
1721463183,2175,Comp547568,Comp490789,6,Port3813,993,11602,8624,4188322,10193568
1721463315,13789,Comp714275,Comp995267,6,Port61256,143,2563,429,3416479,400257
1721464351,12252,Comp130485,Comp122535,6,Port54044,22,9727,5691,10407890,1798356
1721464681,4667,Comp424132,Comp847313,6,Port65342,443,9143,3664,1161161,2821280
1721465091,15412,Comp318192,Comp393198,6,Port50875,993,10050,7803,6663150,6921261
1721465244,13672,Comp329842,Comp362609,6,Port11118,143,851,4054,1069707,510804
1721465447,16854,Comp658094,Comp826274,6,Port20505,25,5342,5672,4364414,2711216
1721466480,5040,Comp654038,Comp654763,6,Port1254,110,7712,9732,6902240,12671064
1721466528,3145,Comp731825,Comp972911,17,Port40238,68,7427,1732,4359649,985508
1721468162,8647,Comp309437,Comp437739,6,Port29235,80,8261,5227,784795,5619025
1721468430,4773,Comp393198,Comp827253,6,Port31648,443,7611,6745,10137852,6225635
1721469502,13305,Comp314473,Comp147986,6,Port48333,110,2679,8841,3054060,415527
1721470395,7659,Comp675254,Comp721407,6,Port53939,587,9935,6438,4331660,9161274
1721470747,11298,Comp593707,Comp549343,17,Port5724,137,5800,8828,2273600,12721148
1721470825,3092,Comp946215,Comp431255,17,Port60175,123,11648,9550,9271808,9693250
1721471596,1543,Comp477748,Comp663497,6,Port25125,443,6242,9467,7509126,2575024
1721471767,16877,Comp558739,Comp627014,6,Port49538,443,6450,7385,1070700,9393720
1721472085,8038,Comp692997,Comp499855,6,Port38535,143,7095,11022,6761535,440880
1721472689,2509,Comp122535,Comp309437,17,Port29652,68,10453,272,13338028,213248
1721472787,14613,Comp547568,Comp517345,6,Port14735,25,10814,5983,8197012,3966729
1721473732,2389,Comp606940,Comp228954,17,Port13257,123,7017,9624,820989,10182192
1721474177,17941,Comp144583,Comp943990,6,Port48191,110,6557,1247,485218,305515
1721474417,6949,Comp309437,Comp362609,6,Port21757,445,654,9818,180504,12940124
1721475397,8402,Comp549343,Comp946215,6,Port15831,110,808,463,1081104,403736
1721477088,4669,Comp794320,Comp918279,6,Port1395,995,264127,9438,248808149,17221629
1721477268,1547,Comp714275,Comp952578,6,Port55257,587,4140,2242,1055700,1107548
1721477395,7358,Comp141961,Comp278057,6,Port26544,110,5241,8010,7133001,8346420
1721479223,6591,Comp477748,Comp803281,6,Port23491,80,7540,9950,9432540,3084500
1721479975,8065,Comp782474,Comp100000,6,Port25007,587,2663,9770,676402,4621210
1721480465,8819,Comp912181,Comp364557,6,Port39644,22,3998,6892,4173912,10186376
1721480635,11351,Comp827253,Comp364557,6,Port32110,22,516,10900,269352,14431600
1721481065,1322,Comp860515,Comp794320,6,Port36128,25,9215,1681,1299315,882525
1721481508,6526,Comp846141,Comp111156,6,Port18951,110,6102,2837,793260,2414287
1721481919,15556,Comp118871,Comp678020,17,Port20148,500,2279,1591,1893849,1026195
1721482214,17132,Comp393198,Comp654763,17,Port56684,500,7153,8632,9091463,2874456
1721482496,9698,Comp224037,Comp493273,6,Port29349,53,1716,10698,2477904,5017362
1721482622,6591,Comp364557,Comp517345,6,Port63792,80,9368,11165,10014392,2199505
1721482991,7490,Comp207492,Comp111156,6,Port55599,143,2773,6240,3846151,7874880
1721483046,14079,Comp314473,Comp385395,6,Port46937,22,3244,1584,1245696,632016
1721483694,7149,Comp439536,Comp141961,17,Port36398,161,10513,2062,2659789,674274
1721483739,17008,Comp231236,Comp955337,6,Port55049,110,8916,7515,1792116,7297065
1721483810,510,Comp885616,Comp627014,6,Port4610,3389,8171,10760,2385932,2431760
1721484417,10907,Comp493273,Comp362609,6,Port33218,3389,7222,11855,8233080,17023780
1721486466,9340,Comp912181,Comp721407,6,Port47023,445,6241,8648,1647624,11467248
1721486876,8129,Comp224037,Comp714275,17,Port8001,123,2305,10569,1546655,6785298
1721488401,8560,Comp593922,Comp898521,6,Port12794,22,3604,5733,4122976,1760031
1721488604,2860,Comp364557,Comp923139,17,Port5236,123,11552,2353,16091936,574132
1721488706,6226,Comp593922,Comp556450,6,Port32380,110,11023,5580,3020302,7209360
1721489364,6362,Comp584383,Comp794320,6,Port35956,80,8716,1193,2719392,814819
1721490068,11856,Comp562571,Comp943258,17,Port31250,68,10665,8071,1429110,7134764
1721490840,10768,Comp972911,FileServer,6,Port4568,22,9650,3953,1958950,873613
1721492043,7399,Comp131751,Comp574773,6,Port32408,80,4793,4059,2918937,5041278
1721492215,9311,Comp362609,Comp439536,6,Port58315,993,8586,36,4284414,28620
1721492434,10292,Comp231236,Comp627014,17,Port3024,500,9032,11998,13105432,1703716
1721495223,850,Comp627014,Comp744581,6,Port51084,443,1661,5128,1142768,774328
1721496633,15930,Comp198162,Comp228954,6,Port18596,443,10962,9414,5371380,13612644
1721496661,16063,Comp723487,Comp955337,6,Port5846,3389,5916,6234,4289100,766782
1721497681,6550,Comp658094,Comp187068,6,Port4297,25,3760,7691,4124720,3668607
1721498220,13699,Comp654763,Comp954988,6,Port1845,143,5689,5615,3026548,325670
1721498869,7163,Comp993209,Comp834256,6,Port27793,53,3945,8249,986250,1031125
1721499755,1218,Comp654038,Comp329842,6,Port33148,143,3990,2397,2609460,2938722
1721500308,15586,Comp431255,Comp679356,17,Port41107,67,6550,11953,6196300,13817668
1721500709,4818,Comp114833,Comp663497,6,Port6260,445,11971,5134,5997471,2685082
1721501337,6446,Comp860515,Comp118871,17,Port43219,67,4900,129,4351200,38700
1721501712,10363,Comp304009,Comp723487,6,Port48746,443,2577,11430,1322001,4606290
1721502349,7909,Comp658094,Comp606940,6,Port5188,995,9137,273,12426320,150696
1721502700,4785,Comp114833,Comp257122,6,Port44577,53,3540,5667,4729440,6647391
1721503982,14414,Comp349447,Comp493273,6,Port8693,80,6443,9420,6997098,8553360
1721504496,6408,Comp943990,Mail,6,Port29366,80,3042,4445,3839004,3058160
1721505046,10654,Comp972911,Comp826274,6,Port43699,993,2543,2512,549288,351680
1721505410,11979,Comp384614,Comp795264,6,Port57210,443,3024,2886,3002832,600288
1721505924,16810,Comp385395,Comp293600,6,Port35291,53,4277,8221,2698787,2745814
1721506110,8621,Comp846141,Comp114833,6,Port29113,53,11466,6885,13472550,2402865
1721506254,8472,Comp356695,Comp558739,6,Port54789,110,8055,6040,322200,4554160
1721506499,16436,Comp993209,Comp595110,6,Port14969,25,8348,6171,2621272,8016129
1721507461,8622,Comp952578,Comp954988,6,Port14258,587,642,3824,251022,2504720
1721507837,5361,Comp235883,Comp918279,6,Port31111,995,306110,11220,362435280,5074269
1721508125,773,Comp584383,Comp314473,6,Port8787,3389,4106,2776,5986548,2370704
1721509527,5847,Comp995267,Comp362609,6,Port2458,53,10651,10050,14357548,1507500
1721509696,3552,Comp593922,Comp424132,6,Port24378,143,194,9320,136770,10279960
1721509892,5487,Comp329842,Comp995267,6,Port10863,443,9193,80,376913,9680
1721510214,9720,Comp972911,DNS,17,Port42122,67,9850,2051,12864100,1138305
1721510921,9447,Comp516294,BackupServer,6,Port36414,143,3335,6627,2918125,9483237
1721511079,3368,Comp898521,Comp675254,6,Port32374,53,1407,1904,104118,1199520
1721512851,8354,Comp424132,Comp458510,6,Port33041,25,1842,10230,1807002,11570130
1721513981,8165,Comp144583,Comp912181,6,Port7384,110,927,5303,1227348,2317411
1721514148,771,Comp606940,Comp714633,6,Port26991,25,10123,10042,13271253,12893928
1721514272,5100,Comp847313,Comp111156,6,Port5623,22,9439,1431,12629382,765585
1721514318,13009,Comp943990,Comp141961,6,Port23919,443,8073,288,11818872,106848
1721514962,375,Comp198162,Comp314473,6,Port44743,995,1074,7698,1067556,877572
1721515383,5417,Comp147986,Comp885616,6,Port64661,443,11402,9624,10649468,4686888
1721515679,8552,Comp884824,Comp638936,6,Port20182,22,8211,11903,1716099,10546058
1721516363,2997,Comp966362,Comp255630,6,Port18063,995,9936,9450,9568368,1247400
1721516815,11633,Comp593922,Comp584383,17,Port44213,138,4558,8974,6007444,2620408
1721518319,12884,Comp658094,Comp349447,6,Port60239,80,2373,695,2909298,379470
1721518811,6088,Comp606940,Comp860515,6,Port20049,80,9860,7238,13340580,7853230
1721519368,4144,Comp664505,Comp309437,17,Port55092,53,617,8563,177696,7800893
1721520065,13977,Comp593922,BackupServer,6,Port21332,143,2195,4735,730935,478235
1721520860,3871,Comp405733,Comp141961,6,Port42270,25,1844,11990,2384292,1115070
1721521678,2629,Comp431255,Comp393198,6,Port14559,80,1013,11855,1430356,1505585
1721521825,595,Comp678020,Comp122535,6,Port17929,80,6614,10272,5344112,5361984
1721521893,1644,Comp654038,Comp962233,17,Port64485,161,2741,10559,3634566,4804345
1721522850,15689,Comp966362,Comp235883,17,Port26124,137,11593,6816,11998755,1431360
1721522856,16827,Comp396858,Comp490789,6,Port2060,443,11185,9847,3791715,6695960
1721522917,9826,Comp885616,Comp499855,6,Port50835,80,2022,854,1575138,771162
1721523149,16589,Comp324834,Comp187068,6,Port9233,445,9949,2760,6108686,2903520
1721523174,12724,Comp127895,Comp966362,17,Port8164,138,470,7967,560710,11894731
1721524764,7318,Comp588967,Comp499855,6,Port54974,3389,3430,1482,1821330,1556100
1721524889,12839,Comp654763,Comp246872,6,Port23512,993,7918,9755,2343728,14427645
1721525201,7559,Comp606940,Comp584383,6,Port9937,80,2474,2135,1897558,3119235
1721525639,17314,Comp827253,Comp499855,6,Port63971,22,936,4190,713232,5346440
1721525665,15318,Comp593707,Comp424132,6,Port19132,445,1882,3104,2516234,1716512
1721526284,15205,Comp100000,Comp574773,17,Port41856,67,7903,6494,403053,668882
1721526607,9549,Comp654038,Comp100000,6,Port17976,995,2655,980,3493980,123480
1721526743,9329,Comp424132,Comp952578,6,Port38513,110,2952,9746,1027296,12777006
1721527546,2108,Comp943990,Comp943258,6,Port45987,80,2461,10661,728456,13827317
1721528160,11749,Comp130485,Comp723487,17,Port49905,161,10582,8964,6878300,4401324
1721528539,2068,Comp826274,Comp547568,6,Port27551,995,10658,2222,8995352,2457532
1721528843,9729,Comp118871,Comp336148,6,Port40760,25,9659,3486,13493623,2450658
1721529476,2361,Comp437739,Comp231236,6,Port55252,3389,240,2719,196560,377941
1721529786,8568,Comp922028,Comp499855,6,Port55234,53,3007,7225,757764,7188875
1721530110,14053,Comp198162,Comp329842,6,Port49242,995,10561,10657,7361017,1715777
1721531210,5551,Comp118871,DNS,17,Port26805,138,6648,10550,9200832,2426500
1721531455,10834,Comp424132,Comp692997,6,Port35286,443,498,11497,539334,8450295
1721531652,4679,Comp723487,Comp328683,6,Port63446,53,2989,8274,1067073,1174908
1721532023,5396,Comp920919,Comp654038,6,Port17091,587,9922,2661,9753326,1431618
1721532244,3291,Comp606940,Comp943258,17,Port45699,53,10548,4778,11718828,5442142
1721532811,2918,Comp679356,Comp329842,6,Port52144,143,5109,3530,2253069,3212300
1721534368,6697,Comp962233,Comp826274,6,Port32042,143,1819,763,1473390,91560
1721534808,2223,Comp324834,Comp556450,6,Port56890,445,927,9601,507996,3446759
1721535176,16047,Comp424132,Comp714633,17,Port28649,138,2704,6936,822016,10334640
1721536943,13345,Comp100000,Comp349447,17,Port54974,500,9588,11643,12819156,16765920
1721537360,3990,Comp593707,Comp141961,6,Port42592,22,9919,10094,5028933,13939814
1721538238,15945,Comp558739,Comp207492,6,Port4360,80,3078,7796,1585170,6135452
1721538392,6576,Comp731825,Comp318192,6,Port54139,995,11727,524,2204676,350032
1721538823,9559,Comp567603,Comp679356,17,Port46050,123,10536,5311,7248768,6033296
1721539208,12581,Comp803281,Comp846125,6,Port15368,110,11850,5698,11601150,8188026
1721539625,13909,Comp278057,Comp595110,17,Port46436,123,9027,8094,13179420,1804962
1721540354,140,Comp826274,Comp257122,6,Port34028,22,6876,6804,8058672,9164988
1721540772,5097,Comp224037,Comp574773,6,Port61863,53,11781,9363,15209271,8801220
1721541119,6059,Comp579118,Comp547568,6,Port20680,3389,8264,264,12238984,64680
1721542730,10542,Comp314473,Comp364557,6,Port18021,445,9982,1351,10580920,1760353
1721542791,15703,Comp439536,Comp574773,6,Port4792,22,4834,11432,6240694,983152
1721544090,7885,Comp437739,Comp144583,6,Port51752,993,2892,5223,1396836,381279
1721544942,8343,Comp972911,Comp668118,6,Port64580,110,6881,9872,7459004,5686272
1721545985,1579,Comp892394,DNS,6,Port45478,443,4911,10287,4699827,8517636
1721547258,9470,Comp100000,Comp385395,6,Port24849,995,4213,1447,2944887,960808
1721548415,8773,Comp675254,Comp567603,6,Port57712,995,8359,8465,8166743,3386000
1721548446,11460,Comp356695,Comp207492,6,Port17367,25,7328,2086,8002176,2083914
1721548577,15242,Comp405733,Comp579118,6,Port45750,110,3793,1845,2427520,1361610
1721548626,10209,Comp803281,Comp144583,6,Port39536,80,2899,2931,3681730,627234
1721549642,933,Comp884824,Comp579118,6,Port56017,995,6558,9062,603336,11155322
1721549712,14710,Comp827253,Comp654763,6,Port63713,993,3926,1117,2014038,548447
1721549931,8588,Comp187068,Comp147986,6,Port24220,445,2852,8009,1639900,8385423
1721550387,8757,Comp654763,Comp558739,6,Port7173,22,2666,4575,3337832,2525400
1721550451,15718,Comp954988,Comp187068,6,Port11192,993,7955,3175,6212855,3622675
1721550469,10616,Comp955337,Comp562571,17,Port48717,500,4984,2878,6987568,1297978
1721551252,14221,Comp588967,Comp714275,6,Port24464,80,4106,4128,5859262,1440672
1721551466,15842,Comp943258,Comp304009,6,Port10048,143,1383,4189,980547,619972
1721552786,8882,Comp549343,Comp396858,6,Port53604,143,663,3772,730626,4733860
1721553600,17684,Comp884824,Comp207492,6,Port42880,80,8339,6218,3327261,6796274
1721553714,3085,Comp847313,Comp246872,6,Port9517,995,11613,11918,2287761,11155248
1721553896,15682,Comp884824,Comp130485,6,Port47035,22,3897,5418,2950029,5022486
1721554146,15273,Comp293600,Comp431255,6,Port42179,22,10126,2204,4860480,310764
1721554410,1795,Comp349447,Comp723487,6,Port64552,3389,7218,7339,7983108,4704299
1721556866,2757,Comp309437,Comp884824,6,Port64733,110,3645,9952,2919645,12927648
1721557102,666,Comp922028,Comp328683,6,Port63946,993,6801,7196,1611837,3324552
1721557378,4983,Comp490789,Comp324834,6,Port58763,993,1556,6367,1086088,770407
1721558730,17846,Comp744581,Comp654763,17,Port52199,53,4053,8028,2537178,10155420
1721558758,2237,Comp235883,Comp198162,6,Port44323,443,8822,10566,414634,866412
1721559239,608,Comp127895,Comp130485,6,Port36166,587,10214,918,8528690,959310
1721559278,8262,Comp231236,Comp588967,6,Port52158,995,2648,11782,3720440,14809974
1721559800,6363,Comp803281,Comp224037,6,Port63335,143,10929,10718,14743221,12089904
1721560376,11325,Comp187068,Comp396858,6,Port8538,587,7265,11532,9873135,680388
1721560693,10917,Comp579118,Comp349447,6,Port9824,3389,2751,5979,3700095,8059692
1721561447,14888,Comp257122,Comp477748,17,Port33204,123,9349,10251,12976412,1732419
1721561770,7469,Comp336148,Comp744581,6,Port19965,25,10572,981,1924104,1258623
1721562556,8304,Comp803281,Comp943990,17,Port35338,53,3269,4962,2173885,317568
1721563253,408,Comp892394,Comp144583,6,Port21101,443,1269,10554,1059615,7978824
1721563921,17472,Comp588967,Comp954988,6,Port51517,445,3416,3255,4290496,4312875
1721564028,3839,Comp802471,Comp679356,17,Port58981,68,9078,9162,5301552,3884688
1721564076,10725,Comp884824,Comp235883,17,Port19254,68,740,3833,794760,402465
1721564517,15851,Comp431255,Comp714275,6,Port50853,443,3470,7069,4094600,1194661
1721566028,10879,Comp943258,Comp885616,17,Port7893,137,3838,7837,3020506,4576808
1721566282,11257,Comp714633,Comp993209,17,Port52425,67,201,10534,78792,5962244
1721567932,3156,Comp562571,Comp574773,6,Port46060,25,764928,4102,764163865,5912130
1721568515,12762,Comp493273,Comp384614,6,Port46856,445,9672,9449,6664008,6680443
1721569280,3422,Comp885616,Comp654038,6,Port32802,110,1870,5218,532950,2807284
1721570558,12452,Comp147986,Comp493273,6,Port7924,995,10639,4720,10426220,4257440
1721570793,10379,Comp794320,Comp556450,6,Port55362,443,11437,956,4426119,443584
1721571261,8812,Comp593922,Comp731825,6,Port8101,445,10448,915,13791360,456585
1721571323,12976,Comp490789,Comp846141,6,Port32085,993,8669,9252,11685812,12360672
1721571528,12956,Comp255630,Comp424132,17,Port12269,68,5377,1255,6775020,1487175
1721571692,3685,Comp228954,Comp118871,17,Port55618,137,2447,1337,2473917,1553594
1721572043,6760,Comp834256,Comp147986,6,Port38067,993,10955,2224,2278640,1321056
1721572131,8712,Comp593707,Comp207492,6,Port33785,993,6367,4044,9391325,5386608
1721572219,2732,Comp114833,DNS,6,Port21497,22,5424,1952,737664,1048224
1721573853,6412,Comp150536,Comp714275,6,Port51517,995,4697,7085,4067602,7729735
1721573892,746,Comp593922,Comp782474,6,Port14575,25,2619,9864,3179466,11205504
1721575832,7898,Comp431255,Comp100000,6,Port47520,80,4588,6374,747844,3327228
1721576270,3704,Comp431255,Comp567603,17,Port63552,161,9578,7981,7327170,7486178
1721576715,3999,Comp918279,Comp678020,6,Port18189,445,6720,10717,4952640,3332987
1721576933,14731,Comp852902,Comp567603,6,Port45280,443,4746,10734,1551942,6440400
1721577455,2533,Comp588967,Comp731825,6,Port20983,443,1298,7904,263494,6425952
1721577646,2173,Comp257122,Comp393198,17,Port61002,1900,4980,818,6812640,827816
1721577857,5769,Comp255630,Comp549343,6,Port59032,53,2584,9468,3501320,5302080
1721579532,423,Comp966362,Comp943990,6,Port21265,80,4773,9091,840048,9809189
1721581276,15640,Comp892394,Comp573916,6,Port15926,143,1797,3641,801462,3564539
1721581278,17764,Comp384614,Comp439536,6,Port6349,995,11373,1947,6960276,2533047
1721581709,14494,Comp396858,Comp405733,6,Port46021,443,2088,1587,684864,152352
1721581989,14387,Comp362609,Comp573916,6,Port60350,587,1490,3315,204130,2615535
1721582167,1830,Comp246872,Comp595110,6,Port10385,993,7862,8919,6179532,9632520
1721582377,9982,Comp898521,Comp547568,6,Port53673,995,4126,11351,2826310,7446256
1721582473,1581,Comp664505,Comp593922,6,Port49740,143,11953,1842,14558754,878634
1721582708,5415,Comp100000,Comp293600,6,Port31471,143,4849,4978,2288728,4425442
1721583116,8873,Comp187068,Comp952578,6,Port15428,22,7813,10009,6133205,7146426
1721583679,12267,Comp141961,Comp304009,6,Port43147,22,10010,1030,4984980,687010
1721584152,4993,Comp336148,Comp198162,6,Port39348,143,11816,11316,1122520,16611888
1721585121,4611,Comp962233,Comp549343,17,Port53378,67,9715,218,10705930,143226
1721585901,14821,Comp654038,Comp962233,17,Port37424,138,6924,3395,7782576,1201830
1721586876,4036,Comp393198,Comp826274,6,Port4173,110,9773,389,9860957,24896
1721587403,8751,Comp122535,Comp946215,6,Port14153,443,3400,9132,302600,1926852
1721587442,5163,Comp187068,Comp595110,6,Port25578,993,10442,5124,11026752,4217052
1721587475,15348,Comp493273,Comp952578,17,Port32725,138,10467,5248,9650574,1815808
1721588055,9627,Comp834256,Comp952578,6,Port23598,25,4606,6559,3145898,1305241
1721589179,1948,Comp127895,Comp573916,6,Port57746,3389,807,3587,758580,1983611
1721590234,2664,Comp349447,Comp995267,6,Port19161,443,8216,9084,1651416,3551844
1721591042,17461,Comp228954,Comp439536,17,Port44926,500,1230,5173,423120,4252206
1721591048,16926,Comp224037,Comp663497,6,Port24341,80,209,9551,47652,1165222
1721591278,13808,Comp393198,Comp490789,6,Port65062,80,11371,7761,7857361,11416431
1721591391,1396,Comp114833,Comp898521,6,Port60124,53,6811,8099,9174417,11095630
1721592089,13174,Comp187068,Comp304009,6,Port51637,143,7802,11856,382298,15531360
1721592472,11894,Comp923139,Comp860515,6,Port50368,993,10565,6078,7300415,1762620
1721592488,16923,Comp826274,Comp574773,6,Port42534,587,11147,3600,5060738,3898800
1721593053,8753,Comp324834,Comp802471,17,Port38906,500,11478,8735,16161024,515365
1721593154,8465,Comp898521,Comp714633,6,Port37357,995,1595,8471,1505680,9241861
1721593297,11387,Comp558739,Comp198162,6,Port2762,80,3887,5801,1414868,6984404
1721593397,2680,Comp678020,Comp664505,6,Port61499,22,9219,4018,4185426,1824172
1721595282,13418,Comp439536,Comp336148,6,Port64352,25,346,11163,306902,8003871
1721595550,8944,Comp714633,Comp922028,6,Port35022,993,2818,3016,307162,4204304
1721597101,3383,Comp658094,Comp362609,6,Port57185,110,6177,946,852426,311234
1721597408,14674,Comp127895,Comp385395,17,Port27001,138,4120,7582,4218880,6270314
1721597472,4761,Comp794320,Comp127895,6,Port8267,143,2074,975,2511614,470925
1721597835,15471,Comp328683,Comp387691,6,Port54858,995,10787,9135,12113801,2530395
1721598254,4910,Comp517345,Comp847313,6,Port33888,443,5375,10106,1558750,10459710
1721598341,8794,Comp293600,Comp679356,6,Port61681,995,4935,8608,6410565,12283616
1721598632,7862,Comp437739,Comp362609,6,Port14778,80,7889,2833,2903152,2450545
1721598639,13181,Comp517345,BackupServer,6,Port31919,993,8046,11311,10604628,8811269
1721599669,3352,Comp228954,Comp131751,6,Port44082,443,5912,1062,2784552,869778
1721600312,4445,Comp111156,Comp396858,6,Port9877,53,10647,1288,8134308,343896
1721601108,3465,Comp714275,Comp892394,17,Port65317,138,3552,3649,5104224,1215117
1721601289,4150,Comp396858,Comp993209,6,Port40271,80,10450,6487,6625300,7220031
1721601308,8152,Comp795264,Comp356695,17,Port12109,500,10419,8523,10564866,7628085
1721603568,10553,Comp329842,Comp437739,17,Port48819,500,107,3490,95765,1329690
1721603708,15546,Comp654763,Comp147986,6,Port57692,53,9056,10986,1349344,747048
1721604231,7592,Comp118871,Comp847313,6,Port25128,445,1899,9803,2273103,3068339
1721604734,7378,Comp328683,Comp304009,6,Port40372,443,5827,2769,3280601,2151513
1721604756,2899,Comp860515,Comp884824,17,Port49271,123,11023,744,8079859,319920
1721604914,1781,Comp782474,Comp943990,6,Port10412,445,2347,8422,1135948,9323154
1721605923,13704,Comp293600,Comp892394,6,Port35283,995,6749,2109,10069508,1864356
1721606180,11392,Comp593707,Comp962233,6,Port37098,3389,9332,3381,7876208,862155
1721606222,9579,Comp593707,Comp405733,6,Port20465,995,5762,9264,5589140,4326288
1721606312,7994,Comp304009,Comp246872,6,Port20357,143,938,2269,753214,208748
1721606756,9367,Comp946215,Comp150536,6,Port41635,587,784,4255,383376,421245
1721607426,15222,Comp675254,Comp627014,6,Port49517,53,6214,11128,5561530,12663664
1721607967,3408,Comp714275,Comp493273,6,Port26115,995,301,8181,360598,4949505
1721609232,8978,Comp993209,Comp556450,6,Port10476,53,186,7440,33108,9872880
1721609433,4341,Comp827253,Comp995267,6,Port51783,25,11441,11982,2974660,4577124
1721609516,1889,Comp549343,Comp304009,6,Port12228,993,6395,9246,1790600,4706214
1721610743,12469,Comp231236,Comp627014,6,Port1222,993,5686,5518,7994516,4337148
1721611684,12688,Comp384614,Comp852902,17,Port21820,1900,1205,7974,1061605,3588300
1721611861,15334,Comp668118,Comp356695,6,Port53806,3389,9437,6395,5058232,4540450
1721611866,386,Comp663497,Comp278057,6,Port49842,25,6125,4362,2021250,950916
1721611891,3190,Comp721407,Comp437739,6,Port20801,22,2640,11703,2745600,1802262
1721611959,10342,Comp490789,Comp431255,6,Port34530,3389,9034,7119,7281404,9226224
1721614061,14622,Comp255630,Comp675254,6,Port62931,53,2845,8956,2708440,3564488
1721615632,16920,Comp918279,Comp562571,6,Port47395,53,6037,4919,6544108,929691
1721615768,14185,Comp439536,Comp898521,6,Port49999,993,6723,2361,1203417,1062450
1721616232,16288,Comp517345,Comp131751,17,Port6674,1900,3348,1469,3451788,957788
1721616382,14668,Comp207492,Comp304009,17,Port16573,137,10512,9651,11489616,7209297
1721619379,5683,Comp995267,Comp744581,6,Port7734,3389,8442,6253,3748248,7240974
1721619666,10471,Comp966362,Comp579118,6,Port64168,25,3463,6190,1714185,7675600
1721621055,11437,Comp141961,Comp356695,6,Port23102,3389,1879,1453,1698616,677098
1721621239,6333,Comp439536,Comp493273,6,Port33252,80,3946,9448,2351816,3391832
1721622564,15940,Comp100000,Comp846125,17,Port36607,1900,5584,3163,7806432,695860
1721622624,13878,Comp131751,Comp692997,6,Port34758,80,6607,7182,1189260,1939140
1721623181,9303,Comp309437,Comp679356,6,Port4384,80,4802,4203,1373372,340443
1721623532,8639,Comp885616,Comp922028,17,Port59698,67,481,2727,587782,111807
1721624247,14267,Comp826274,Comp328683,6,Port25561,443,8114,1958,8389876,1272700
1721624248,3994,Comp385395,Comp100000,6,Port60272,995,4545,9773,5885775,9040025
1721624299,3935,Comp846141,Comp692997,6,Port50377,25,4026,1139,297924,1407804
1721624558,7243,Comp795264,Comp278057,6,Port45981,445,6675,24,1575300,12360
1721624730,2296,Comp993209,Comp852902,17,Port46367,67,10023,3679,12639003,1699698
1721625060,8239,Comp396858,Comp731825,17,Port64145,138,58,10656,71108,10847808
1721625984,7785,Comp898521,Comp834256,6,Port20593,3389,11529,8424,14353605,8162856
1721627307,9096,Comp384614,Comp654038,6,Port22240,22,7656,9823,10343256,10284681
1721628914,8308,Comp675254,Comp364557,6,Port44288,110,6561,2455,2466936,707040
1721629698,16156,Comp318192,Comp922028,6,Port16012,143,612,11641,111384,1222305
1721629707,4941,Comp993209,WebServer,6,Port52887,445,8535,1411,4028520,1178185
1721630176,7401,Comp885616,Comp562571,6,Port2911,80,8639,426,12923944,276900
1721630233,13288,Comp437739,Comp328683,6,Port58906,80,6725,5725,5339650,2387325
1721630315,5127,Comp493273,Comp679356,6,Port23367,995,9620,5251,442520,7629703
1721630618,11817,Comp952578,Comp356695,6,Port1317,53,10064,3493,11322000,950096
1721631364,17322,Comp827253,Comp131751,17,Port39901,67,10065,2029,12772485,894789
1721632349,6757,Comp692997,Comp884824,6,Port18795,22,3922,3854,854996,4370436
1721632990,4355,Comp246872,Comp362609,6,Port20724,143,673713,4487,456104086,8199229
1721633692,3422,Comp329842,Comp231236,6,Port32083,445,688,7216,775376,2720432
1721635117,201,Comp396858,Comp362609,6,Port38416,3389,6739,4317,9683943,3561525
1721635323,5114,Comp562571,Comp517345,6,Port9808,993,1752,2931,1622352,1911012
1721635721,15296,Comp114833,Comp207492,6,Port4145,22,3691,7170,1967303,3011400
1721637074,4586,Comp547568,Comp955337,6,Port30788,587,8120,6991,11108160,7123829
1721637181,17180,Comp952578,Comp547568,6,Port23867,80,5095,5249,2883770,6178073
1721637274,17153,Comp898521,Comp122535,6,Port38577,995,10361,1320,9988004,184800
1721638226,12278,Comp235883,Comp122535,6,Port49279,993,1045,11586,1322970,521370
1721638382,17655,Comp782474,Comp122535,17,Port40671,138,11663,6235,9493682,8467130
1721638668,7338,Comp721407,Comp364557,6,Port7754,110,8485,3333,9138345,1236543
1721638877,17213,Comp679356,Comp795264,6,Port65296,993,5166,8709,6550488,1436985
1721639064,9788,Comp562571,Comp304009,6,Port47139,3389,297,5025,272052,4547625
1721639247,1454,Comp547568,Comp424132,6,Port4192,445,502,1970,327806,1004700
1721639857,14976,Comp595110,Comp490789,6,Port50266,53,4961,8407,4861780,11593253
1721640522,17108,Comp499855,Comp714275,6,Port57831,110,6869,1112,4293125,1603504
1721640965,15936,Comp405733,Comp892394,6,Port37715,993,6075,3318,6293700,175854
1721641122,7503,Comp584383,Comp714275,6,Port54728,445,3568,7952,563744,2536688
1721642731,1846,Comp638936,Comp393198,6,Port58187,53,7801,8685,850309,7964145
1721642799,10538,Comp329842,Comp920919,6,Port63217,80,7371,11894,5402943,6303820
1721643263,15624,Comp490789,Comp714275,6,Port62604,53,4119,8504,869109,374176
1721643935,15132,Comp396858,Comp118871,6,Port13525,143,3907,2780,4321142,1987700
1721644108,11112,Comp198162,Comp314473,6,Port3261,143,5314,8546,1615456,8110154
1721644617,14154,Comp384614,Comp860515,6,Port43069,443,8918,9018,6857942,13391730
1721644728,581,Comp329842,Comp567603,6,Port44833,3389,7048,8100,2100304,5184000
1721644958,11222,Comp556450,Comp714275,6,Port37723,445,1526,8953,2113510,10671976
1721645189,1953,Comp714633,Comp802471,6,Port16324,445,11078,9809,14069060,6611266
1721645482,13488,Comp147986,Comp431255,6,Port62232,110,2426,6818,101892,6954360
1721645680,820,Comp431255,Comp860515,6,Port27356,445,8063,11939,4958745,17335428
1721647372,10708,Comp846141,Comp255630,6,Port48859,3389,202,7732,285830,9479432
1721647380,17074,Comp678020,Comp349447,6,Port41224,22,3053,664,2301962,687904
1721647763,2015,Comp574773,Comp393198,6,Port58800,110,6777,2070,8620344,2583360
1721649080,7677,Comp952578,Comp224037,6,Port46974,22,10167,5965,1728390,1944590
1721649534,736,Comp198162,Comp593922,6,Port41964,53,6753,5224,4497498,6279248
1721649570,12881,Comp663497,Comp384614,17,Port55226,138,661,9756,866571,14594976
1721650249,16656,Comp972911,Comp549343,6,Port4524,445,11467,8070,3715308,11782200
1721650486,31,Comp573916,Comp198162,6,Port46529,993,3268,0,176472,0
1721650840,9827,Comp516294,Comp593922,6,Port38842,3389,4376,5468,4866112,3630752
1721651126,14277,Comp405733,Comp493273,6,Port51175,53,1298,6541,208978,6809181
1721651295,457,Comp920919,Comp224037,6,Port15485,587,8355,11769,4002045,1730043
1721651926,8677,Comp127895,Comp198162,6,Port39671,80,5365,7917,6572125,8178261
1721652629,2322,Comp207492,Comp892394,6,Port19352,80,2635,2164,3536170,956488
1721652682,16624,Comp826274,Comp595110,6,Port8575,445,7643,2300,1757890,2944000
1721653532,9171,Comp846141,Comp846125,17,Port38138,1900,2352,3791,1799280,3548376
1721653891,9376,Comp324834,Comp847313,6,Port2406,445,6372,4809,7633656,2991198
1721654120,17949,Comp517345,Comp954988,6,Port7032,25,155510,1303,119898425,16374393
1721654275,14198,Comp255630,Comp490789,6,Port35201,110,9735,9473,5363985,10003488
1721654320,5650,Comp714633,Comp207492,6,Port58991,80,8337,813,6944721,668286
1721654907,11330,Comp952578,Comp782474,6,Port47184,22,6810,800,7988130,762400
1721655767,5345,Comp556450,Comp995267,6,Port2018,22,408,1526,39984,99190
1721656323,9370,Comp147986,Comp584383,6,Port8047,143,2792,1618,315496,1095386
1721656358,14620,Comp493273,Comp405733,6,Port28834,25,6934,6768,1352130,7735824
1721656936,17068,Comp431255,Comp803281,6,Port28718,587,6437,9816,3463106,13516632
1721657264,17127,Comp654763,Comp826274,6,Port3598,22,6403,11310,2849335,6243120
1721657747,8921,Comp393198,Comp516294,6,Port17550,53,8826,9710,6548892,3951970
1721660018,16110,Comp118871,Comp130485,6,Port9211,3389,10858,8229,5200982,8805030
1721661183,16063,Comp558739,Comp356695,6,Port37608,587,6035,7084,5751355,2599828
1721662890,9836,Comp384614,Comp993209,6,Port43493,443,1615,3713,822035,4960568
1721662926,650,Comp517345,Comp187068,17,Port26216,161,5304,4994,6683040,4794240
1721664178,2143,Comp231236,WebServer,6,Port37894,22,3034,10469,1492728,14562379
1721664718,11833,Comp593707,Comp847313,6,Port14021,995,6349,1267,2514204,401639
1721665182,14946,Comp579118,Comp574773,6,Port55962,993,7077,9904,9164715,1604448
1721665316,16409,Comp675254,Comp731825,6,Port1307,3389,6577,9737,6583577,12180987
1721665419,4377,Comp920919,Comp943990,17,Port33562,138,6980,690,767800,318090
1721665531,16187,Comp923139,Comp246872,6,Port21766,22,3727,2900,972747,1551500
1721666651,14878,Comp114833,Comp130485,6,Port30110,993,2123,3720,235653,1603320
1721668898,8731,Comp955337,Comp255630,6,Port34322,143,10250,10958,12300000,7166532
1721669272,6733,Comp714275,Comp293600,6,Port42699,587,4818,5266,4606008,7119632
1721669273,8498,Comp187068,Comp678020,6,Port60969,110,2492,9310,3493784,9645160
1721670374,12158,Comp954988,Comp943990,6,Port37227,587,11944,7208,6198936,1045160
1721671371,14589,Comp556450,Comp549343,17,Port15698,500,394,971,42946,1293372
1721674016,3090,Comp130485,Comp802471,6,Port34836,3389,4157,8002,2947313,5473368
1721674140,6030,Comp549343,Comp424132,17,Port34070,1900,8898,7625,1388088,7983375
1721674879,2162,Comp356695,Comp562571,17,Port56805,123,4931,10450,1237681,5987850
1721675185,16868,Comp923139,Comp803281,6,Port37569,445,10107,11047,12017223,1955319
1721677210,7327,Comp884824,Comp574773,6,Port57023,143,4307,7048,2554051,4595296
1721678738,4513,Comp336148,Comp439536,17,Port42906,68,7713,10550,10219725,5623150
1721679482,3660,Comp918279,Comp885616,6,Port37914,587,5130,1672,4052700,110352
1721680092,1340,Comp314473,Comp627014,6,Port22220,22,5627,7360,5548222,8353600
1721680646,8483,Comp595110,Comp993209,6,Port17540,110,5975,6930,7510575,8995140
1721681371,13894,Comp362609,Comp802471,6,Port7441,587,11702,2063,8343526,2815995
1721681621,5815,Comp744581,Comp187068,17,Port36392,53,9119,6465,4614214,2560140
1721682594,7285,Comp654038,Comp638936,6,Port60462,445,4449,8162,5169738,7876330
1721682812,11457,Comp349447,Comp567603,6,Port1839,3389,5000,4982,6260000,4065312
1721683952,6404,Comp556450,Comp675254,17,Port62488,67,4871,7993,2323467,7273630
1721684377,13305,Comp329480,Comp431255,6,Port56464,53,8833,8942,10961753,10775110
1721684402,5777,Comp207492,Comp309437,6,Port29295,995,7093,7064,10547291,4188952
1721685124,8032,Comp675254,Comp918279,6,Port21256,110,6413,4777,2064986,2106657
1721686068,17647,Comp723487,Comp329480,6,Port38478,445,908561,3188,654164570,11137206
1721686601,15051,Comp198162,Comp349447,6,Port56214,53,4781,7929,793646,8016219
1721686859,10290,Comp141961,Comp362609,6,Port2896,443,6664,10803,8896440,7248813
1721687089,7054,Comp847313,Comp141961,6,Port30012,587,9974,5542,13365160,2676786
1721687256,17854,Comp972911,Comp493273,6,Port4069,995,11598,6030,14938224,723600
1721688260,8326,Comp329842,Comp912181,6,Port42569,3389,732,10945,401868,9587820
1721688802,6185,Comp362609,Comp943990,6,Port5969,993,2850,3565,3995700,253115
1721689127,10729,Comp336148,Comp668118,6,Port21450,443,8222,9691,6972256,7045357
1721689702,7452,Comp574773,Comp922028,6,Port48682,995,1783,3062,238922,2881342
1721689771,16010,Comp318192,Comp362609,6,Port49534,25,7326,3095,9377280,2206735
1721689805,3812,Comp396858,Comp860515,17,Port15683,67,5083,3372,6943378,2643648
1721690651,902,Comp384614,Comp638936,6,Port34117,53,2290,631,1103780,280795
1721691106,7747,Comp318192,Comp802471,6,Port12923,110,6048,5533,2431296,2196601
1721691329,17069,Comp493273,Comp130485,6,Port39193,995,6109,4244,5314830,5402612
1721691506,1117,Comp405733,Comp678020,6,Port1561,587,8558,2770,4826712,3720110
1721691545,14547,Comp923139,Comp304009,6,Port53522,443,9911,9079,9643403,2487646
1721691764,11,Comp922028,Comp658094,17,Port2501,161,11462,6208,6659422,2116928
1721691995,10036,Comp731825,Comp943258,6,Port40283,445,5269,2349,1881033,1317789
1721692374,8155,Comp131751,Comp111156,6,Port27176,53,8264,2304,3132056,2446848
1721692798,2876,Comp141961,Comp714633,6,Port15442,3389,9446,9714,9446000,1262820
1721693073,13428,Comp852902,FileServer,6,Port35968,445,11846,3251,8055280,3871941
1721693682,3156,Comp324834,Comp387691,6,Port10167,587,7803,4737,483786,236850
1721693714,7867,Comp654763,Comp141961,6,Port38380,143,2956,1435,2299768,1816710
1721693975,10050,Comp826274,Comp437739,6,Port42618,22,4104,9650,4883760,955350
1721694469,9324,Comp593922,Comp943990,6,Port30564,143,2507,4288,644299,5424320
1721695433,570,Comp141961,Comp668118,6,Port24354,53,2373,8458,939708,11984986
1721696279,8021,Comp884824,Comp439536,6,Port30671,53,3679,4871,2074956,5840329
1721696649,11786,Comp573916,Comp558739,6,Port62738,587,5980,9619,8330140,14197644
1721696699,9482,Comp131751,Comp147986,17,Port49610,53,9445,4844,5175860,3429552
1721697257,13141,Comp147986,Comp150536,17,Port1399,53,3494,10747,4412922,10489072
1721698950,13961,Comp558739,Comp995267,6,Port19704,587,2238,8698,2293950,8263100
1721699101,3229,Comp884824,Comp385395,6,Port2628,445,1519,5770,2260272,328890
1721700022,14468,Comp424132,Comp493273,6,Port16359,443,2355,5800,2088885,7493600
1721700543,16106,Comp314473,Comp920919,6,Port51244,3389,5194,7443,2607388,7956567
1721700947,15085,Comp663497,Comp627014,6,Port56138,25,4941,8316,5360985,5430348
1721701049,15323,Comp912181,Comp663497,6,Port30507,110,4786,8478,818406,2992734
1721701836,3824,Comp517345,Comp922028,6,Port45489,443,3811,397,4512224,404543
1721702104,11736,Comp803281,Comp744581,6,Port24930,110,5439,3178,2072259,4681194
1721703012,8241,Comp493273,Comp141961,6,Port31787,25,7758,5239,7858854,1425008
1721703809,17712,Comp692997,Comp224037,6,Port54513,143,535,6443,474010,8910669
1721704011,14958,Comp922028,Comp892394,17,Port18790,161,10682,1077,4187344,930528
1721704079,2908,Comp439536,Comp458510,6,Port21560,53,3668,2396,2721656,2853636
1721704390,16953,Comp431255,Comp885616,17,Port9835,68,1664,5545,1286272,1358525
1721705181,12548,Comp356695,Comp207492,6,Port15108,143,2097,5364,2430423,1029888
1721706139,9774,Comp328683,Comp131751,6,Port3438,995,6561,7382,4730481,7411528
1721706782,8029,Comp675254,Comp593707,17,Port53647,138,6249,835,774876,378255
1721707488,8874,Comp558739,Comp731825,17,Port56011,138,1061,9560,157028,5640400
1721708534,13877,Comp962233,WebServer,17,Port28215,53,5991,3614,6050910,3426072
1721708726,13762,Comp885616,Comp588967,6,Port39304,445,2658,6602,3575010,2455944
1721708888,9937,Comp144583,Comp114833,6,Port17073,80,10933,11367,7379775,6115446
1721709223,17850,Comp860515,Comp517345,6,Port3980,995,3709,4554,641657,2577564
1721710593,4182,Comp387691,Comp224037,6,Port34293,143,11993,3762,3465977,2084148
1721710684,7667,Comp922028,Comp962233,17,Port11254,161,6949,3173,10180285,3376072
1721710708,10777,Comp224037,Comp255630,6,Port55747,22,11572,7828,12335752,2043108
1721710952,2972,Comp111156,Comp588967,6,Port19059,995,6658,11489,572588,15682485
1721711878,8979,Comp744581,Comp584383,17,Port48609,138,1512,6717,632016,7287945
1721712272,15017,Comp795264,Comp144583,17,Port17995,138,7717,2379,8527285,133224
1721712563,12159,Comp846125,Comp627014,17,Port9180,68,1038284,11353,767291936,13931944
1721715025,12787,Comp606940,Comp100000,6,Port36401,110,9827,508,4510593,144780
1721715687,2911,Comp558739,Comp692997,6,Port12851,993,4697,4924,4960032,1290088
1721717276,2612,Comp946215,Comp846125,17,Port26792,123,2247,1510,3055920,1615700
1721717633,7954,Comp257122,Comp393198,6,Port19946,25,1364,398,1846856,160394
1721718144,5823,Comp556450,Comp384614,6,Port57937,443,8920,11970,11087560,10413900
1721718261,182,Comp679356,Comp224037,17,Port33476,1900,2795,1020,1556815,464100
1721718300,9958,Comp328683,Comp207492,6,Port47434,3389,8004,10873,608304,5501738
1721719268,13576,Comp437739,Comp364557,6,Port39011,993,1614,6539,984540,6663241
1721719670,13166,Comp954988,Comp678020,6,Port59777,445,957,3843,68904,3808413
1721719951,1857,Comp328683,Comp562571,6,Port29378,110,8526,10354,7434672,735134
1721720105,14051,Comp892394,Comp207492,17,Port56686,67,4136,46,3805120,60076
1721721788,6854,Comp795264,Comp396858,6,Port58971,445,6807,8284,3668973,7430748
1721721900,2804,Comp111156,Comp638936,6,Port60463,80,333,9206,85914,3829696
1721721981,8495,Comp972911,Comp336148,6,Port45909,110,2257,4367,1819142,890868
1721722622,3902,Comp966362,Comp885616,17,Port64246,67,1083,3606,64980,2700894
1721723293,12111,Comp827253,Comp431255,17,Port49090,1900,3358,109,1487594,114995
1721724234,13394,Comp439536,Comp385395,6,Port21132,143,3406,265,4945512,18550
1721725454,13062,Comp144583,Comp952578,6,Port11152,993,4494,527,6174756,244001
1721725622,2090,Comp852902,Comp952578,6,Port14550,80,2918,5479,2810034,7785659
1721726243,6274,Comp439536,Comp794320,6,Port38038,53,5480,6369,3211280,1184634
1721728123,8967,Comp966362,Comp714633,6,Port11678,3389,10802,5089,594110,6157690
1721730133,17726,Comp207492,Comp860515,6,Port16354,993,1034,8430,1022626,3262410
1721731065,9828,Comp329480,Comp458510,6,Port41543,143,10725,4341,8108100,3372957
1721731308,11761,Comp638936,Comp579118,6,Port22489,443,4951,9484,5352031,10944536
1721731870,6109,Comp595110,Comp573916,6,Port44954,110,6934,7840,1872180,11665920
1721732313,5318,Comp562571,Comp198162,6,Port65362,587,8063,11244,10094876,10355724
1721732500,14334,Comp329480,Comp490789,6,Port6690,22,8820,8712,10716300,3145032
1721732634,15021,Comp384614,Comp952578,6,Port42386,587,11325,1535,7531125,244065
1721733072,998,Comp235883,Comp147986,6,Port53992,53,11995,6710,971595,7555460
1721733454,9698,Comp606940,Comp207492,6,Port10072,53,1181,7887,850320,6972108
1721733912,13994,Comp100000,Comp847313,17,Port51541,500,4922,167,2859682,194221
1721734385,2842,Comp912181,Comp714275,6,Port33754,53,6469,528,7445819,781968
1721735277,11628,Comp255630,Comp898521,17,Port41568,138,6269,268,2426103,335804
1721736157,8526,Comp224037,Comp852902,6,Port4349,3389,11896,2056,785136,1587232
1721737166,9130,Comp898521,Comp336148,6,Port29126,3389,7814,10580,11502208,11003200
1721737225,10690,Comp547568,Comp675254,6,Port24696,143,4830,2881,1893360,2742712
1721738825,15702,Comp231236,WebServer,6,Port10936,25,11046,2237,1701084,711366
1721739003,1564,Comp606940,Comp329480,6,Port50235,445,8770,5353,11322070,2628323
1721739099,3641,Comp439536,Comp309437,17,Port33640,500,9564,4776,10434324,826248
1721739553,6211,Comp336148,Comp852902,6,Port57667,110,7530,11920,3252960,6877840
1721739831,14414,Comp658094,Comp228954,6,Port11292,587,508493,1242,373234163,17839425
1721740639,10661,Comp147986,Comp122535,6,Port48168,3389,11647,10089,12159468,13610061
1721740767,3380,Comp573916,Comp922028,17,Port40052,1900,8555,2751,10539760,3557043
1721740820,426,Comp431255,Comp314473,6,Port43024,445,1791,3719,1045944,4098338
1721741446,17828,Comp714633,Comp150536,6,Port21020,443,3023,5824,1064096,3645824
1721741957,2479,Comp127895,Comp147986,17,Port45589,138,4091,11704,249551,596904
1721742446,590,Comp329842,Comp678020,17,Port16978,68,3059,2826,3939992,2365362
1721742509,7318,Comp439536,Comp884824,6,Port50199,3389,7451,4127,9149828,313652
1721742810,9957,Comp424132,Comp860515,6,Port29477,587,6567,7908,9371109,608916
1721744035,4656,Comp679356,Comp393198,6,Port31960,993,55267,8040,71848126,7127324
1721745681,3025,Comp654763,Comp349447,6,Port38486,995,8355,4407,2932605,3336099
1721746846,1558,Comp574773,Comp304009,6,Port6460,110,3443,1575,1342770,1784475
1721747513,7344,Comp898521,Comp846125,17,Port24729,1900,1911,9461,752934,6026657
1721748556,17133,Comp328683,Comp675254,6,Port14140,3389,11479,10805,8138611,12652655
1721748917,2663,Comp579118,Comp803281,17,Port63187,53,3774,7223,5457204,5922860
1721748952,10310,Comp517345,Comp567603,6,Port28230,587,2792,10473,2926016,14075712
1721749114,3489,Comp846141,Comp638936,6,Port1404,445,8593,3047,5783089,1788589
1721749266,12127,Comp293600,Comp228954,17,Port2703,138,9162,10368,10224792,4955904
1721749497,1098,Comp118871,Comp127895,6,Port59914,80,1824,9700,2296416,1455000
1721749633,3659,Comp111156,Comp547568,6,Port11137,80,671,10828,422059,3887252
1721750392,145,Comp574773,Comp826274,6,Port1068,53,10196,11185,12938724,1163240
1721753728,11672,Comp955337,Comp573916,6,Port14711,993,6049,4144,399234,1214192
1721753882,12947,Comp493273,Comp803281,6,Port15004,3389,5473,1440,2698189,2053440
1721755528,3088,Comp100000,Comp231236,6,Port6177,3389,5045,8988,1447915,7495992
1721756393,8162,Comp860515,Comp664505,17,Port65300,138,7032,8035,2116632,7400235
1721756491,5278,Comp803281,Comp658094,17,Port4838,123,8082,7771,2715552,4670371
1721756606,821,Comp246872,Comp490789,6,Port47994,53,965,7569,554875,7410051
1721756620,671,Comp595110,Comp679356,6,Port55015,22,3186,489,3498228,420540
1721757166,16901,Comp794320,Comp499855,6,Port42601,445,11454,8036,10354416,11057536
1721757303,11653,Comp573916,Comp499855,6,Port9562,995,2004,5809,1368732,6976609
1721757410,11981,Comp141961,Comp692997,17,Port47865,67,10890,374,8330850,315656
1721757619,5316,Comp257122,Comp100000,6,Port22294,445,4816,10266,1478512,12124146
1721758543,4757,Comp547568,Comp255630,17,Port27364,500,2281,337,2543315,316106
1721758743,14305,Comp943990,Comp898521,6,Port17240,995,7137,2802,8150454,4180584
1721758861,7897,Comp547568,Comp675254,6,Port51614,22,7957,3537,6691837,2840211
1721760101,1838,Comp111156,Comp664505,17,Port38432,137,232713,9394,248072955,6688024
1721760684,8807,Comp912181,Comp437739,6,Port11014,25,9517,962,11572672,284752
1721760804,9389,Comp794320,Comp329480,17,Port27309,1900,766,4612,929924,1314420
1721761334,10259,Comp349447,Comp328683,17,Port52239,137,1464,4392,279624,2169648
1721762650,9664,Comp744581,Comp328683,6,Port61511,443,7459,4977,1230735,6181434
1721763645,15434,Comp692997,Comp493273,6,Port61634,993,6929,10469,4718649,13934239
1721764412,4398,Comp393198,FileServer,6,Port9727,3389,8389,3903,1031847,2439375
1721764447,10618,Comp606940,Comp802471,17,Port56355,123,10205,4253,642915,2926064
1721765640,15978,Comp573916,Comp147986,17,Port37554,123,11160,4906,2577960,3699124
1721766005,17617,Comp966362,WebServer,6,Port48741,143,6081,4714,1313496,1593332
1721766955,17369,Comp517345,Comp556450,6,Port25909,25,6016,11449,3098240,9433976
1721767403,13082,Comp892394,Comp198162,6,Port43045,445,11085,3210,5808540,4006080
1721767474,1921,Comp943990,Comp884824,6,Port17681,587,11529,1361,14249844,1546096
1721767680,17793,Comp396858,Comp356695,6,Port34640,80,574,5059,778344,844853
1721768313,581,Comp562571,Comp892394,17,Port15590,161,6069,1002,1747872,557112
1721769028,9913,Comp573916,Comp675254,6,Port26520,143,11030,9570,6562850,9311610
1721769251,8041,Comp898521,Comp278057,6,Port27343,25,614,10706,480148,9688930
1721769268,12212,Comp826274,Comp579118,6,Port56869,110,117337,9970,132357225,7123783
1721769833,14089,Comp517345,Comp852902,6,Port41554,143,8989,9658,4701247,10923198
1721770462,13282,Comp424132,Comp235883,6,Port42792,110,1872,5052,1907568,2440116
1721771005,4083,Comp562571,Comp574773,17,Port19330,68,7690,8380,5083090,6075500
1721771362,13585,Comp349447,Comp385395,6,Port29080,110,5171,4762,5517457,1347646
1721772152,13640,Comp477748,Comp795264,6,Port31526,445,4013,10254,597937,11135844
1721774212,440,Comp802471,Comp692997,6,Port51652,22,7449,2340,5527158,1623960
1721774384,11472,Comp995267,Comp364557,6,Port12993,80,8822,1688,4349246,926712
1721775848,2295,Comp246872,Comp885616,6,Port4514,995,10718,11707,4940998,13369394
1721776076,10116,Comp304009,Comp954988,17,Port33609,161,5010,4326,3622230,6095334
1721776543,4099,Comp111156,Comp954988,6,Port53479,3389,1915,3731,919200,4977154
1721776628,6451,Comp993209,Comp884824,6,Port48349,22,10365,8021,11878290,1900977
1721777446,4887,Comp364557,Comp207492,6,Port53324,995,4009,4111,1242790,5056530
1721778241,15518,Comp111156,Comp364557,6,Port26405,80,9112,8968,12237416,7775256
1721778361,16296,Comp424132,Comp328683,6,Port15766,22,9575,5158,5448175,1026442
1721778534,14369,Comp384614,Comp723487,6,Port43596,25,702,9407,567918,5700642
1721778540,13007,Comp860515,Comp130485,6,Port3454,993,4920,965,1402200,352225
1721779351,6540,Comp431255,FileServer,17,Port58794,67,1018,8730,1406876,3631680
1721781328,2579,Comp493273,Comp141961,6,Port47066,443,7259,3942,7099302,3705480
1721781917,10228,Comp995267,Comp314473,6,Port33531,995,9539,5075,11093857,3192175
1721782087,7674,Comp396858,Comp731825,6,Port13918,25,6720,11167,9045120,12015692
1721782427,5083,Comp384614,Comp231236,17,Port17173,161,3886,5786,5801798,7035776
1721785632,4376,Comp595110,Comp723487,6,Port65279,3389,11678,893,4799658,46436
1721786108,2897,Comp349447,Comp588967,17,Port1962,500,1027,5500,534040,6836500
1721786295,14937,Comp731825,Comp834256,6,Port1616,993,1699,2885,667707,715480
1721786881,5785,Comp349447,Comp664505,17,Port23439,53,4394,5696,3392168,273408
1721787120,16520,Comp803281,Comp458510,6,Port15848,25,11381,2613,15375731,462501
1721787862,12055,Comp884824,WebServer,6,Port44681,443,10733,7716,11988761,879624
1721788538,2958,Comp852902,Comp131751,6,Port3737,3389,6770,2820,5883130,1517160
1721788808,1126,Comp912181,Comp131751,6,Port51699,25,11426,5584,8352406,7063760
1721789521,7498,Comp795264,Comp692997,6,Port51514,25,10849,11455,11988145,11833015
1721790553,1469,Comp328683,Comp654763,6,Port15829,110,7044,7653,5085768,5242305
1721790748,17151,Comp349447,Comp336148,6,Port38356,143,1416,8502,1894608,12047334
1721791314,16330,Comp309437,DNS,6,Port44355,445,10794,9268,9239664,6960268
1721792800,11827,Comp396858,Comp885616,6,Port55758,25,7698,11037,7774980,1876290
1721793013,5273,Comp584383,Comp692997,6,Port48282,3389,1695,10633,1747545,723044
1721793267,15625,Comp638936,Comp847313,17,Port63124,500,10081,10291,11320963,8006398
1721793635,11647,Comp721407,Comp679356,6,Port8505,53,4786,4092,3527282,1505856
1721795684,6439,Comp114833,Comp595110,6,Port40383,3389,9442,7496,5702968,4370168
1721796065,15837,Comp654763,Comp955337,17,Port50877,138,3140,9817,2025300,4820147
1721796503,3775,Comp293600,Comp573916,6,Port15974,443,120,6717,169080,4171257
1721797656,10220,Comp668118,Comp490789,6,Port15114,143,5446,1526,1089200,2203544
1721798483,12443,Comp439536,Comp955337,6,Port7001,80,5427,6109,5790609,849151
1721799144,16341,Comp235883,Comp246872,6,Port64616,443,10364,2594,14944888,516206
1721799528,2474,Comp362609,Comp490789,6,Port56908,993,1385,8274,199440,3806040
1721800916,5178,Comp860515,Comp593922,6,Port8828,22,10956,10315,10320552,11594060
1721801081,15118,Comp654763,Comp207492,6,Port16836,995,1834,8421,1667106,3435768
1721804625,8993,Comp100000,Comp144583,6,Port30584,53,11213,6611,5920464,2664233
1721804862,13587,Comp547568,Comp224037,6,Port58666,3389,8475,7193,1508550,7825984
1721805341,13923,Comp130485,Comp439536,6,Port54288,3389,4320,6462,4445280,5932116
1721805388,5489,Comp517345,Comp458510,6,Port57684,3389,11478,5387,9205356,5263099
1721806029,5966,Comp846141,BackupServer,17,Port54458,138,4310,2723,4900470,2728446
1721807333,8977,Comp439536,Comp920919,6,Port41525,995,7609,8104,1285921,7852776
1721807577,503,Comp384614,Comp579118,6,Port19796,995,195,4194,273780,3569094
1721807593,14385,Comp782474,Comp207492,6,Port39988,445,1229,1880,1173695,1500240
1721807910,2079,Comp714275,Comp477748,17,Port32903,161,4241,9602,2909326,11128718
1721809529,16828,Comp606940,Comp593707,6,Port62363,110,2928,6618,2067168,3567102
1721809707,14018,Comp588967,Comp314473,6,Port29955,995,2729,6244,3899741,3184440
1721810041,6339,Comp663497,Comp293600,6,Port49796,445,4547,6231,3851309,2461245
1721812229,1302,Comp795264,Comp847313,6,Port12218,445,7303,933,6477761,1168116
1721812896,14220,Comp721407,Comp493273,6,Port45103,25,1505,6416,1485435,359296
1721813078,8074,Comp147986,Comp679356,6,Port30300,53,9025,6523,4476400,2250435
1721813179,3501,Comp962233,Comp130485,6,Port29134,53,10175,6129,4120875,1562895
1721813640,7733,Comp731825,Comp834256,6,Port49714,443,10028,84,11391808,49140
1721813819,16263,Comp884824,Comp329842,6,Port32247,143,2334,9003,1181004,3250083
1721813926,12392,Comp654038,Comp293600,6,Port4824,993,10566,7368,940374,5724936
1721813968,12352,Comp782474,Comp943990,6,Port26114,80,1555,9089,1155365,13306296
1721814121,9262,Comp593707,Comp516294,6,Port63165,25,1284,6046,69336,4008498
1721815087,2750,Comp955337,Comp246872,6,Port62073,445,8708,3954,7541128,5757024
1721815755,17092,Comp952578,Comp309437,6,Port40657,25,9125,9998,8942500,4909018
1721816478,13317,Comp127895,Comp293600,6,Port42190,995,1522,4209,2112536,4882440
1721816683,9273,Comp834256,Comp246872,17,Port17981,53,4988,5439,4618888,1310799
1721816968,13033,Comp692997,Comp962233,6,Port51366,143,4924,197,2722972,183407
1721818005,6532,Comp567603,Comp668118,6,Port39693,3389,8672,1953,8472544,2220561
1721819589,13361,Comp131751,Comp579118,6,Port3423,443,6186,1359,5585958,1380744
1721819843,17423,Comp664505,Comp638936,17,Port62273,1900,7209,5082,8088498,7155456
1721821869,6208,Comp795264,Comp638936,6,Port56015,143,963,3147,1334718,2882652
1721822262,151,Comp556450,Comp198162,6,Port6287,993,11722,3989,2121682,3574144
1721824191,13316,Comp439536,Comp356695,6,Port27966,587,6669,9188,7255872,9040992
1721824851,15337,Comp952578,Comp517345,6,Port48925,22,8023,8195,9747945,4556420
1721825533,14878,Comp278057,Comp424132,6,Port48579,25,5762,9574,2990478,3446640
1721826174,17551,Comp309437,Comp627014,6,Port11819,3389,2956,9790,1859324,13324190
1721826249,6248,Comp579118,Comp658094,6,Port3606,22,8021,2976,5173545,4359840
1721826468,16525,Comp356695,Comp114833,6,Port64544,110,3461,7387,2024685,10334413
1721826940,3744,Comp954988,Comp654763,17,Port58689,68,2630,10437,3479490,11939928
1721827115,10568,Comp606940,Comp387691,6,Port48658,993,6629,3657,3420564,1338462
1721827433,15981,Comp593922,Comp663497,17,Port43591,161,4280,4508,2906120,1717548
1721827788,16477,Comp847313,Comp396858,17,Port45310,53,10732,6377,9583676,3131107
1721828066,11172,Comp127895,Comp558739,17,Port30538,1900,7916,9576,3221812,7555464
1721828413,9829,Comp943258,Comp606940,6,Port45174,3389,4481,1767,4745379,678528
1721829425,8287,Comp892394,Comp567603,6,Port20607,110,428,5602,343684,6677584
1721830215,15615,Comp846125,Comp127895,6,Port6422,995,4093,2908,1178784,474004
1721830379,15835,Comp860515,Comp393198,6,Port21088,22,1390,8551,432290,11714870
1721830633,4313,Comp309437,Comp606940,6,Port19982,445,2631,2903,207849,2032100
1721831959,2448,Comp224037,Comp150536,6,Port20596,587,3403,4275,3025267,2565000
1721832758,14651,Comp884824,Comp362609,6,Port31405,587,7830,4156,9466470,2896732
1721833942,14590,Comp638936,Comp328683,6,Port9476,143,1277,847,1898899,631862
1721834731,1796,Comp122535,Comp458510,6,Port27329,587,1944,8017,1949832,6774365
1721834846,8835,Comp111156,Comp847313,6,Port30945,143,475,3048,691125,1499616
1721835372,9117,Comp606940,Comp721407,6,Port13158,445,11004,5889,16307928,2844387
1721835544,766,Comp144583,Comp593922,6,Port30279,995,11848,8365,11089728,4926985
1721835614,11953,Comp231236,Comp100000,6,Port44526,587,3578,9442,2100286,2521014
1721837351,17507,Comp943258,Comp556450,6,Port27598,587,5469,11015,7290177,4097580
1721837665,3808,Comp918279,Comp493273,6,Port1184,3389,3614,1513,3480282,984963
1721837821,14005,Comp654763,Comp111156,6,Port46382,53,6404,7539,7876920,625737
1721838184,1457,Comp329480,Comp293600,6,Port38346,445,6614,3939,2447180,2568228
1721838957,3866,Comp654763,Comp692997,6,Port28107,445,3059,9227,4365193,5969869
1721839226,10173,Comp795264,Comp558739,6,Port2497,22,7739,4664,5154174,200552
1721839387,16626,Comp246872,FileServer,17,Port6765,1900,93,169,122202,122863
1721840072,15937,Comp493273,Comp499855,6,Port6146,993,7733,10272,4539271,10333632
1721840363,16836,Comp324834,Mail,6,Port55992,53,9008,9120,12187824,10743360
1721840955,17776,Comp100000,Comp562571,6,Port20946,110,636,3965,649992,2398825
1721841251,14408,Comp954988,Comp827253,6,Port28448,587,8685,10026,3256875,8050878
1721841590,6541,Comp424132,Comp396858,6,Port45926,80,8850,4925,2265600,758450
1721841700,2289,Comp658094,Comp922028,17,Port43297,67,11670,4951,3150900,2554716
1721842592,14800,Comp246872,Comp255630,17,Port5178,137,9674,3599,5668964,3627792
1721842823,3355,Comp516294,Comp885616,6,Port61013,80,254,5926,26416,4243016
1721843765,9372,Comp431255,Comp995267,6,Port18126,993,981,11933,824040,17088056
1721843973,13572,Comp993209,Comp692997,17,Port50531,137,1645,628,1648290,754856
1721844221,624,Comp318192,Comp556450,6,Port54704,110,6981,7120,7860606,9711680
1721844358,16448,Comp884824,Comp235883,6,Port35782,587,8545,2095,11980090,1554490
1721844741,5461,Comp827253,Comp439536,6,Port11482,53,7896,1485,9538368,224235
1721845290,3871,Comp922028,Comp304009,6,Port36184,3389,3961,677,5905851,575450
1721847447,6693,Comp678020,Comp547568,6,Port16800,53,2411,3278,2220531,4654760
1721847786,8295,Comp884824,Comp654763,17,Port55828,67,766,8776,983544,2562592
1721847903,8181,Comp972911,Comp141961,6,Port49698,993,4488,8834,5250960,12738628
1721848765,2787,Comp573916,Comp130485,6,Port54158,80,3612,9598,4525836,489498
1721849344,3408,Comp918279,Comp187068,6,Port54461,993,3645,1744,2329155,1632384
1721849616,8604,Comp847313,Comp923139,6,Port12549,445,1053,1304,839241,1821688
1721851393,4077,Comp852902,Comp714275,17,Port2979,1900,3495,11784,4802130,4100832
1721851606,11565,Comp114833,Comp846125,6,Port41440,110,10051,11059,7025649,4766429
1721851636,16184,Comp898521,Comp364557,6,Port40628,53,2890,8400,2673250,10231200
1721851857,334,Comp309437,Comp663497,6,Port56873,587,10523,10074,10249402,5510478
1721851999,651,Comp235883,Comp198162,6,Port42171,22,1038,9652,320742,9613392
1721853581,11573,Comp595110,FileServer,17,Port52846,137,7643,6915,557939,1431405
1721853923,515,Comp100000,Comp562571,6,Port23519,25,1295,5708,1366225,5827868
1721854335,11515,Comp834256,Comp794320,6,Port9069,22,4627,11739,5547773,9250332
1721857820,8826,Comp714275,Comp516294,17,Port3473,137,11445,8115,10186050,6256665
1721858179,8190,Comp387691,Comp246872,6,Port29131,25,9225,10589,9215775,11817324
1721858615,10918,Comp458510,Comp122535,6,Port1148,3389,6164,2485,844468,1722105
1721858961,16117,Comp567603,Comp993209,6,Port34456,993,7579,2671,2182752,2780511
1721859701,2295,Comp593922,Comp328683,6,Port26877,3389,7924,7556,8851108,4994516
1721860055,2427,Comp437739,Comp920919,6,Port17655,25,416718,11448,365461739,1529676
1721860120,12539,Comp846141,Comp324834,6,Port39158,3389,7115,7446,2333720,6336546
1721860434,924,Comp547568,Comp437739,6,Port44859,445,6131,5315,5609865,2434270
1721861045,7720,Comp692997,Comp574773,6,Port3584,993,909,298,82719,394254
1721861217,8925,Comp198162,Comp966362,6,Port31746,995,11500,1858,13685000,927142
1721861964,7051,Comp972911,Comp955337,6,Port61644,80,6794,2770,536726,3919550
1721863793,9595,Comp318192,Comp567603,6,Port20216,587,3481,2401,4393022,3479049
1721864458,2043,Comp954988,Comp228954,6,Port51412,445,1619,8427,592554,7196658
1721864847,4801,Comp396858,Comp943258,6,Port22755,110,7250,8210,2965250,5796260
1721865111,92,Comp803281,Comp802471,6,Port18549,445,9389,4555,13060099,1944985
1721865325,17309,Comp954988,Comp912181,6,Port56289,53,9696,11850,11916384,14907300
1721865411,14975,Comp952578,Comp567603,6,Port24018,53,10630,4723,5644530,2040336
1721865676,4567,Comp884824,Comp952578,6,Port56904,3389,10726,5343,3271430,4979676
1721866050,655,Comp349447,Comp918279,6,Port43255,587,7476,6314,1495200,7658882
1721866088,4863,Comp278057,Comp920919,6,Port53431,443,11361,6877,6987015,2090608
1721866799,17209,Comp723487,Comp150536,6,Port53587,587,890,2293,790320,669556
1721868043,14597,Comp118871,Comp490789,6,Port59979,110,4740,3602,3597660,5176074
1721868937,11863,Comp431255,Comp663497,6,Port36815,53,5806,8257,7832294,12228617
1721869415,16610,Comp966362,Comp385395,6,Port62459,3389,8392,10145,10196280,5204385
1721869987,3179,Comp278057,Comp744581,6,Port4876,3389,3590,5081,1507800,1925699
1721870202,9650,Comp517345,Comp141961,6,Port32752,53,3483,1381,4719465,1349237
1721870418,14290,Comp304009,Comp954988,6,Port26606,993,10839,10218,7739046,9104238
1721870429,343,Comp356695,Comp920919,6,Port7262,143,7792,6986,506480,2871246
1721870741,7830,Comp802471,Comp318192,6,Port57363,587,7621,5235,9777743,1853190
1721870999,6398,Comp627014,Comp318192,6,Port52638,25,2211,7034,2467476,6189920
1721871052,3183,Comp860515,DNS,17,Port49323,161,6004,9873,3350232,4353993
1721871182,4031,Comp692997,Comp147986,6,Port41887,25,5057,13,6680297,10790
1721871862,17426,Comp122535,Comp579118,6,Port39857,993,7446,4321,10141452,4506803
1721872355,9198,Comp663497,Comp362609,6,Port25571,110,11042,11286,15823186,4751406
1721872941,1469,Comp627014,Comp954988,6,Port45109,80,3342,3609,4585224,3154266
1721873330,12286,Comp364557,Comp834256,6,Port63957,587,9731,11692,4194061,17339236
1721874310,10640,Comp588967,Comp955337,6,Port17232,3389,7604,3377,6493816,2786025
1721874646,7064,Comp127895,Comp278057,6,Port22873,110,5958,5609,1739736,1374205
1721874846,7147,Comp952578,Comp782474,6,Port8073,587,11400,839,11799000,933807
1721874852,9672,Comp246872,Comp593922,6,Port59577,587,1762,8707,1353216,5973002
1721875095,16718,Comp972911,Comp118871,6,Port35220,143,574631,2873,759663187,10184841
1721875134,13677,Comp955337,Comp384614,6,Port39252,993,4783,10184,6480965,865640
1721875947,7209,Comp714633,Comp954988,6,Port18215,25,8184,1557,4124736,1678446
1721876219,4431,Comp111156,Comp318192,6,Port3387,995,1665,1400,832500,1450400
1721877856,1957,Comp954988,Comp304009,6,Port52947,110,8835,5631,759810,253395
1721878725,3528,Comp731825,Comp324834,17,Port56525,138,572448,1015,528370348,18219829
1721879068,2474,Comp114833,Comp458510,6,Port23027,3389,4186,3950,2515786,2867700
1721879470,14501,Comp111156,Comp387691,17,Port50195,138,10878,8271,16240854,7088247
1721879675,10364,Comp574773,Comp396858,6,Port37926,993,7592,6057,9360936,5687523
1721880614,667,Comp846125,Comp885616,6,Port42472,443,5897,6713,4157385,7109067
1721881016,16671,Comp257122,Comp658094,6,Port12169,993,3972,1088,3451668,1493824
1721881054,2711,Comp396858,Comp654763,6,Port40672,587,1073,8152,1026861,9415560
1721881194,11618,Comp884824,Comp943990,6,Port11420,995,1334,1094,1811572,539342
1721881775,223,Comp846125,Comp955337,6,Port15141,110,8600,6863,12839800,9951350
1721881887,10599,Comp678020,Comp954988,6,Port24042,3389,3290,9489,2138500,7002882
1721882258,9997,Comp364557,Comp231236,6,Port14860,587,891,8716,513216,11339516
1721883699,16359,Comp846141,Comp573916,6,Port59673,80,5259,4234,5684979,3167032
1721884370,10801,Comp884824,Comp437739,6,Port2905,53,4754,1858,2082252,951296
1721884726,8805,Comp437739,Comp593922,17,Port59343,53,11495,9967,2816275,10913865
1721885055,9559,Comp721407,Comp356695,6,Port10967,445,2764,2587,1249328,2848287
1721886072,11400,Comp246872,Comp336148,6,Port57163,25,3211,5948,1608711,1284768
1721886324,7457,Comp679356,Comp584383,6,Port22731,25,1976,2844,1857440,426600
1721886569,12849,Comp278057,Comp293600,6,Port60449,993,2259,357,2516526,409122
1721886667,9522,Comp714633,Comp246872,6,Port35907,53,6403,4998,1773631,1189524
1721887546,17445,Comp802471,Comp846141,6,Port32612,53,2675,6603,280875,4688130
1721887947,3491,Comp567603,Comp679356,6,Port9462,445,8636,9114,2418080,6480054
1721888224,13126,Comp329842,Comp723487,6,Port28992,995,9810,8709,13439700,5930829
1721889077,14872,Comp584383,Comp114833,6,Port36994,110,5846,9976,2449474,7092936
1721889243,12926,Comp549343,Comp731825,6,Port64466,445,2874,9767,2330814,13947276
1721890648,17653,Comp847313,Comp499855,6,Port18011,587,9849,4815,8164821,3746070
1721890851,7813,Comp721407,Comp424132,6,Port6366,445,11596,4093,5160220,5345458
1721891345,9731,Comp846125,Comp588967,6,Port17407,587,11008,7224,14002176,5295192
1721891591,2772,Comp493273,FileServer,6,Port16703,53,11040,5755,1490400,4189640
1721891681,6739,Comp324834,Comp654763,6,Port62177,445,9686,3542,7865032,3456992
1721892926,2875,Comp678020,Comp714633,6,Port10717,22,8859,381,5696337,145161
1721893033,14252,Comp675254,Comp943258,6,Port65042,443,11477,5709,13565814,8180997
1721893458,14079,Comp966362,Comp692997,6,Port8321,993,4073,5631,1331871,7883400
1721893465,3476,Comp675254,Comp439536,6,Port53371,993,11148,11290,16030824,3296680
1721893545,14452,Comp130485,Comp278057,6,Port27772,22,247,9750,295412,2476500
1721894176,5774,Comp993209,Comp141961,6,Port4532,995,9990,3231,11188800,1812591
1721895104,13135,Comp627014,Comp654763,6,Port40624,143,4009,1324,3054858,419708
1721895459,16919,Comp952578,Comp127895,6,Port48029,22,3512,9455,3434736,1399340
1721898415,14929,Comp852902,Comp385395,6,Port55126,445,8104,5846,2779672,7132120
1721898494,3354,Comp257122,Comp387691,6,Port12534,443,2092,506,106692,167486
1721900107,3245,Comp584383,Comp477748,6,Port40852,110,11925,9045,13451400,5228010
1721900258,2018,Comp675254,Comp349447,6,Port37745,587,8724,4142,6054456,6134302
1721900951,15155,Comp130485,Comp668118,17,Port29570,500,231,2053,127974,1276966
1721901017,9834,Comp579118,Comp304009,6,Port58679,53,10146,7905,4372926,766785
1721901145,2806,Comp721407,Comp606940,6,Port28323,445,1295,9422,1223775,3721690
1721901218,10573,Comp654038,Comp385395,6,Port25551,80,9877,9312,7783076,3268512
1721901889,9538,Comp658094,Comp384614,6,Port34911,25,9754,3291,9997850,2800641
1721901998,10749,Comp293600,Comp827253,6,Port60945,80,7723,7106,11028444,4704172
1721902362,11425,Comp678020,Comp141961,6,Port56978,995,7205,5590,9071095,849680
1721902570,2961,Comp362609,Comp723487,6,Port46722,443,9958,10430,5048706,4870810
1721902889,6970,Comp892394,Comp477748,6,Port6238,80,10205,2276,4010565,1645548
1721902907,12980,Comp141961,Comp556450,6,Port20442,110,8486,9849,2325164,8233764
1721904137,16363,Comp654038,Comp884824,6,Port1999,995,2051,4155,1784370,2696595
1721904340,4361,Comp972911,Comp336148,6,Port7147,445,7984,7410,9940080,11011260
1721904400,10280,Comp860515,Comp584383,17,Port54677,161,2418,6026,988962,4561682
1721904407,17065,Comp396858,Comp678020,6,Port53623,445,559,4177,830674,4456859
1721904500,10821,Comp827253,Comp943990,17,Port7637,161,1822,2777,1213452,2427098
1721904841,4104,Comp405733,Mail,17,Port30574,68,5526,4364,6509628,2758048
1721904843,10509,Comp499855,Comp393198,6,Port19037,110,11564,7288,5492900,590328
1721905084,312,Comp966362,Comp675254,6,Port5713,80,407,7381,98494,7654097
1721905455,8804,Comp362609,Comp675254,17,Port25634,161,890,7479,701320,9677826
1721907070,10221,Comp147986,Comp826274,6,Port7676,443,1109,7878,935996,10343814
1721907441,1017,Comp802471,Comp692997,6,Port48508,3389,744106,613,816284328,4872636
1721907726,3652,Comp663497,Comp324834,6,Port63404,445,6492,4735,4096452,1770890
1721907746,17797,Comp593707,Comp952578,6,Port28282,143,9856,3779,9737728,2641521
1721909068,11314,Comp846125,WebServer,6,Port16700,22,570,4770,549480,5180220
1721909197,8253,Comp517345,Comp952578,6,Port33251,445,9653,4587,2519433,5082396
1721909312,4126,Comp477748,Comp920919,17,Port63380,123,10958,2121,11133328,1985256
1721909541,2235,Comp349447,Comp131751,6,Port11320,445,953,11578,500325,1285158
1721910095,7706,Comp328683,WebServer,6,Port44966,80,5404,3,6582072,3333
1721910160,9820,Comp318192,Comp943990,6,Port7032,995,9776,7147,7488416,6182155
1721910628,3232,Comp584383,Comp477748,17,Port20409,137,8399,5537,3275610,896994
1721911417,14415,Comp946215,Mail,6,Port29366,22,2222,8441,671044,6972266
1721911577,7719,Comp207492,Comp393198,17,Port25779,161,1774,9970,2568752,11066700
1721911639,1005,Comp714275,Comp309437,6,Port12545,3389,5349,7786,5825061,10939330
1721912371,2458,Comp795264,Comp304009,6,Port51152,22,10171,9198,3590363,10945620
1721912584,15509,Comp664505,Comp714275,6,Port44447,443,11383,3286,8787676,1386692
1721912946,6084,Comp150536,Comp547568,17,Port29113,1900,5737,11927,1267877,12439861
1721913481,6712,Comp336148,Comp952578,6,Port28033,143,6355,1047,7988235,1073175
1721913495,3581,Comp721407,Comp892394,6,Port5846,22,6705,8032,8381250,2626464
1721913739,14540,Comp198162,Comp663497,6,Port43634,25,5882,1758,7128984,2199258
1721914219,14690,Comp396858,Comp141961,6,Port15849,110,7782,2806,5571912,771650
1721914343,4365,Comp847313,Comp678020,6,Port20447,22,3285,9903,926370,11239905
1721914400,13128,Comp385395,FileServer,6,Port56526,993,6479,8128,4891645,9087104
1721915446,8142,Comp606940,Comp584383,6,Port42453,443,7355,7601,5773675,10968243
1721915599,3003,Comp654038,Comp847313,6,Port45935,143,6758,9941,3412790,9791885
1721916039,14326,Comp387691,Comp802471,6,Port18101,143,11698,3341,6913518,484445
1721916136,1493,Comp558739,Comp714633,6,Port33345,995,8934,7691,955938,11351916
1721916606,15738,Comp573916,Comp668118,6,Port1909,995,8810,2423,7083240,1451377
1721917483,464,Comp654763,Comp678020,6,Port16861,22,9677,5780,3115994,4063340
1721917593,5814,Comp314473,Comp627014,6,Port52637,587,6332,4858,8022644,6344548
1721917729,4080,Comp714275,Comp293600,6,Port31640,143,3674,7422,4228774,2775828
1721917743,4236,Comp255630,Comp846141,6,Port41978,993,6429,779,5921109,783674
1721919093,8643,Comp679356,Comp912181,17,Port51914,500,11064,309,4060488,359367
1721919179,13530,Comp150536,Comp207492,6,Port61465,587,10551,379,10709265,308127
1721920827,7198,Comp144583,Comp362609,6,Port6284,587,4247,3181,6323783,3600892
1721921264,9285,Comp946215,Comp255630,6,Port38507,53,5797,6913,5565120,7472953
1721922098,17487,Comp664505,Comp782474,6,Port65198,995,3268,1892,3879116,1519276
1721922265,8961,Comp231236,Comp885616,17,Port13919,138,147,11894,199038,2057662
1721922528,14260,Comp962233,Comp946215,17,Port56489,53,3737,4960,4775886,5599840
1721924088,6927,Comp972911,Comp606940,6,Port38452,53,1213,3638,334788,4336496
1721925059,1408,Comp278057,Comp721407,17,Port21536,138,4302,10716,5652828,5282988
1721925613,4606,Comp122535,Comp405733,6,Port51554,110,645,2102,746265,2595970
1721925757,2861,Comp458510,Comp826274,6,Port57186,587,3803,2255,4141467,798270
1721926830,16328,Comp664505,Comp846141,6,Port10228,110,8573,4569,3189156,1320441
1721927048,479,Comp439536,Comp567603,6,Port45002,53,10125,851,7290000,190624
1721927412,14803,Comp439536,Comp943990,6,Port61435,110,10649,8176,14471991,6916896
1721927585,2488,Comp795264,Comp318192,6,Port44011,993,6734,9323,9279452,4325872
1721928303,2709,Comp721407,Comp606940,6,Port36323,993,6556,4243,1363648,4472122
1721928434,9529,Comp885616,Comp118871,6,Port10036,80,11611,10414,7686482,10361930
1721930423,1460,Comp966362,Comp675254,6,Port30069,993,6667,87,6160308,57594
1721930446,1382,Comp304009,Comp131751,6,Port59465,25,1008,6376,180432,2658792
1721931018,13961,Comp141961,Comp802471,6,Port52580,3389,11231,8760,4481169,12053760
1721931527,1078,Comp349447,Comp654763,6,Port30076,993,7368,4518,6704880,6004422
1721931568,10750,Comp364557,Comp595110,6,Port20951,22,8000,11359,7976000,6202014
1721932408,2127,Comp490789,Comp860515,6,Port52841,587,1153,5166,223682,2087064
1721933250,1541,Comp892394,Comp228954,6,Port63447,143,5636,11016,3708488,13362408
1721933414,12049,Comp111156,Comp678020,6,Port20346,995,5506,7907,5483976,8215373
1721933669,7060,Comp663497,Comp606940,6,Port53333,53,9776,2769,14527136,1954914
1721933808,349,Comp499855,Comp744581,17,Port20893,161,4593,9975,6871128,8079750
1721934191,12267,Comp714275,Comp493273,6,Port54399,995,4117,369,2029681,405162
1721934676,17453,Comp627014,Comp477748,6,Port63258,80,8169,2273,8373225,791004
1721935467,10099,Comp114833,Comp744581,6,Port43812,143,187,9358,158202,13980852
1721935499,6854,Comp795264,Comp966362,6,Port33064,445,8945,10827,3103915,9224604
1721935530,15188,Comp721407,Comp898521,6,Port21287,53,89,4656,69420,1047600
1721935548,6059,Comp364557,Comp794320,6,Port4887,3389,2857,7888,688537,11303504
1721935678,11035,Comp130485,Comp573916,6,Port4408,53,5970,8369,1283550,12511655
1721936419,8547,Comp314473,Comp257122,17,Port54937,161,2325,8859,1302000,12562062
1721936420,13073,Comp946215,Comp477748,6,Port43697,443,425,10868,178925,11509212
1721936511,9321,Comp547568,Comp714275,6,Port15683,143,5034,1042,1268568,484530
1721936923,8672,Comp923139,FileServer,17,Port36636,137,8486,2310,975890,1880340
1721937807,7560,Comp826274,Comp387691,6,Port57714,995,2904,11020,2529384,9069460
1721938790,5326,Comp187068,Mail,17,Port42815,53,3289,6534,157872,5116122
1721938999,8754,Comp920919,Comp278057,6,Port60145,25,8119,6338,9604777,1647880
1721940149,1093,Comp794320,Comp846125,6,Port8605,443,11371,4835,1660166,2388490
1721940391,6115,Comp127895,Comp224037,17,Port5718,67,6212,4345,6212000,3145780
1721940943,1377,Comp721407,Comp803281,6,Port44022,22,6707,2937,1716992,2381907
1721940957,5796,Comp393198,BackupServer,6,Port38597,143,9923,4787,9337543,2436583
1721941404,6329,Comp962233,Comp150536,6,Port45421,995,793,880,196664,973280
1721941859,492,Comp437739,WebServer,6,Port64344,995,11775,3516,7948125,4911852
1721942322,5333,Comp141961,Comp714275,6,Port8050,53,5710,11922,5721420,8595762
1721942507,12092,Comp150536,Comp898521,6,Port61079,445,4537,1955,1324804,1882665
1721943011,17457,Comp954988,Comp943990,6,Port4947,995,7415,8786,1727695,2811520
1721943237,11111,Comp846141,Comp995267,17,Port34908,67,10944,415,10626624,128235
1721943957,12815,Comp499855,Comp588967,6,Port54692,445,11244,8805,10962900,1285530
1721944689,12039,Comp235883,Comp490789,6,Port44923,993,9326,3172,6080552,4719936
1721945078,17002,Comp846125,Comp257122,17,Port15386,161,5803,8428,1265054,4045440
1721945397,16939,Comp235883,Comp278057,6,Port40006,22,1790,5959,868150,6274827
1721946070,2056,Comp114833,Comp562571,6,Port59219,445,2284,9307,815388,8841650
1721946173,8516,Comp439536,Comp946215,6,Port14136,445,10031,8001,10051062,1888236
1721946481,16341,Comp100000,Comp328683,6,Port61502,995,1502,6696,717956,1894968
1721946945,15871,Comp920919,Comp384614,6,Port43150,3389,5778,8800,3420576,10621600
1721947230,9621,Comp744581,Comp723487,6,Port6619,110,4892,11590,2059532,13919590
1721947312,7991,Comp144583,Comp803281,6,Port22515,3389,8510,7147,2425350,6103538
1721947326,1049,Comp439536,Comp668118,6,Port56639,22,4119,2086,5045775,1130612
1721947864,8597,Comp952578,Comp595110,6,Port22827,3389,8431,1392,6281095,868608
1721947938,9114,Comp993209,Comp114833,6,Port62099,25,677633,6571,853818004,10047067
1721948310,11393,Comp257122,Comp675254,6,Port28118,445,10631,5178,4911522,1688028
1721948615,9394,Comp723487,Comp130485,6,Port23132,587,2242,7302,374414,1226736
1721949087,3887,Comp574773,Comp122535,6,Port55999,445,9134,8008,10138740,3563560
1721949088,17426,Comp679356,Comp920919,6,Port51698,3389,8659,2243,9472946,708788
1721950036,3913,Comp439536,Comp966362,6,Port16400,443,9895,8918,1068660,2532712
1721950908,6887,Comp356695,Comp235883,6,Port51405,25,5883,11895,7842039,8528715
1721951965,9177,Comp349447,Comp567603,6,Port17203,445,3851,3894,4948535,4719528
1721951976,5278,Comp663497,Comp224037,17,Port58801,161,6206,11144,7937474,11690056
1721952182,1235,Comp516294,Comp131751,6,Port1497,445,11677,11141,8325701,4879758
1721952692,11002,Comp744581,Comp795264,17,Port43743,1900,2340,5022,2461680,3309498
1721953083,4260,Comp638936,Comp114833,6,Port11023,22,7939,9544,500157,6928944
1721953773,15823,Comp118871,Comp654763,6,Port44684,445,2692,11188,2457796,6802304
1721954260,14281,Comp547568,Comp255630,17,Port64160,138,9284,10220,2172456,14849660
1721955071,7708,Comp349447,Comp118871,6,Port44093,80,5082,4663,6947094,6649438
1721955620,8347,Comp385395,Comp885616,6,Port29013,445,10306,7998,14634520,11933016
1721955846,17095,Comp362609,Comp111156,6,Port54136,995,1961,7110,507899,4628610
1721955853,480,Comp118871,Comp114833,6,Port13614,80,1486,4965,1224464,5933175
1721955915,6816,Comp943990,Comp556450,6,Port36062,80,11408,7674,10312832,8548836
1721957592,1094,Comp794320,Comp329480,6,Port63322,80,4037,11210,4690994,13519260
1721957815,2494,Comp923139,Comp517345,6,Port23984,443,1019,312,767307,85800
1721958358,16551,Comp257122,Comp304009,6,Port2773,53,10031,10817,13321168,15349323
1721959747,1826,Comp328683,Comp131751,6,Port29510,443,4968,4416,2702592,6226560
1721959793,17220,Comp923139,Comp954988,6,Port32258,443,11063,9941,5608941,11959023
1721959865,14108,Comp393198,Comp431255,6,Port53403,22,5254,1294,5800416,1133544
1721960851,11540,Comp803281,Comp920919,6,Port52930,3389,9073,10693,7603174,7463714
1721960855,13355,Comp255630,Comp318192,6,Port22963,443,6945,5376,1104255,2161152
1721960916,3329,Comp962233,Comp309437,6,Port50880,445,5788,10999,5724332,1407872
1721961235,2111,Comp329842,Comp588967,17,Port10255,53,5832,5133,2606904,7406919
1721961786,6626,Comp579118,Comp595110,6,Port13230,3389,3014,8956,3821752,3080864
1721962073,13759,Comp692997,Comp257122,6,Port39990,445,8839,7153,11145979,3848314
1721963049,5499,Comp309437,Comp278057,6,Port46684,995,6300,2404,4113900,1656356
1721963408,3164,Comp424132,Comp517345,6,Port53102,80,19,2992,24415,3072784
1721964503,14133,Comp692997,Comp405733,17,Port41169,138,4768,6462,6813472,2759274
1721964963,11414,Comp606940,Comp490789,6,Port9263,445,4872,5841,5378688,2067714
1721965185,9668,Comp954988,Comp731825,6,Port44587,25,10627,7391,9840602,3843320
1721965830,7423,Comp884824,WebServer,6,Port28715,25,5123,9681,7182446,5043801
1721966082,14034,Comp962233,Comp437739,6,Port18190,53,6807,9280,8951205,1169280
1721968212,13219,Comp860515,Comp257122,6,Port22899,80,995,703,733315,429533
1721968512,6489,Comp946215,Comp255630,6,Port53326,25,4705,5941,757505,5026086
1721968994,2332,Comp309437,Comp952578,17,Port12475,1900,3409,1778,3126053,1230376
1721969005,15651,Comp606940,Comp954988,6,Port37101,443,5982,6154,4283112,3403162
1721969194,2463,Comp499855,Comp714633,6,Port6375,53,10782,6431,6188868,8868349
1721969223,7725,Comp246872,Comp744581,17,Port47800,137,11202,11946,3371802,4981482
1721969659,16126,Comp678020,Mail,6,Port10692,3389,3444,4660,3740184,5922860
1721969834,7513,Comp364557,Comp336148,6,Port61637,995,7359,5426,10089189,5051606
1721969958,14962,Comp943258,Comp393198,6,Port57924,25,11452,6137,10444224,6087904
1721970484,8804,Comp962233,Comp567603,17,Port56213,161,2748,1560,1052484,692640
1721971013,13411,Comp658094,Comp493273,6,Port23511,80,5259,718,215619,1041100
1721971335,10652,Comp943990,Comp567603,6,Port51494,110,6001,8516,6481080,6259260
1721972874,5042,Comp235883,Comp493273,6,Port9705,445,40,3607,10800,2813460
1721973633,16094,Comp556450,Comp892394,6,Port19709,3389,5588,4350,732028,1735650
1721974526,8414,Comp834256,Comp852902,6,Port9571,443,1456,11906,476112,8786628
1721975591,8240,Comp477748,Comp336148,17,Port4513,67,3725,2982,1240425,3080406
1721975755,11854,Comp638936,DNS,6,Port24701,993,1386,10849,741510,15264543
1721976483,16742,Comp567603,Comp336148,6,Port38095,993,8835,7541,4470510,9705267
1721976633,15687,Comp255630,WebServer,6,Port56658,993,10017,3181,3285576,852508
1721976896,7086,Comp324834,Comp995267,6,Port3250,993,3220,11452,3802820,1820868
1721977444,4163,Comp118871,Comp679356,6,Port27279,80,485,7467,604310,10677810
1721977704,5842,Comp131751,Comp324834,6,Port47097,3389,5911,3753,2399866,4638708
1721977744,4728,Comp744581,Comp922028,6,Port14026,3389,1377,5416,794529,1413576
1721977746,5311,Comp255630,Comp943990,6,Port48557,445,5293,4467,6520976,5731161
1721977928,7754,Comp477748,Comp993209,6,Port37806,587,6528,10145,9341568,11687040
1721977977,381,Comp493273,Comp516294,6,Port37338,445,5602,5585,6671982,8087080
1721978099,9595,Comp517345,Comp567603,17,Port9082,68,6264,441,5305608,120834
1721978232,15284,Comp387691,Comp141961,17,Port11871,161,6801,8255,10119888,10302240
1721978903,7746,Comp918279,Comp943990,6,Port57625,3389,1963,9083,2161263,5195476
1721979883,1427,Comp946215,Comp490789,6,Port57518,443,8199,4751,8428572,4019346
1721980089,7016,Comp396858,Comp595110,6,Port30217,587,8021,11062,665743,4612854
1721980283,6018,Comp995267,Comp782474,6,Port39468,443,1716,5101,1664520,724342
1721980485,10699,Comp721407,Comp187068,6,Port35987,443,5206,3169,2394760,3349633
1721980833,4508,Comp439536,WebServer,6,Port34240,22,3460,8410,3176280,1244680
1721980866,5417,Comp517345,Comp111156,17,Port46970,53,4768,1532,4176768,1101508
1721980882,13400,Comp385395,Comp318192,6,Port37640,25,9274,11821,1854800,3865467
1721981177,3160,Comp118871,Comp257122,6,Port9104,143,7158,8200,5103654,11332400
1721982017,16786,Comp187068,Comp955337,6,Port6371,22,10893,3798,8594577,2628216
1721982249,5357,Comp424132,Comp721407,6,Port55875,993,6829,980,744361,304780
1721982285,14700,Comp437739,Comp141961,6,Port48791,80,536,7023,687688,10070982
1721982370,1477,Comp714275,Comp516294,17,Port13845,1900,8535,7038,12017280,7347672
1721982877,5760,Comp744581,Comp431255,6,Port4944,22,881,9532,61670,2821472
1721982943,6789,Comp356695,Comp328683,6,Port15183,22,4103,3402,882145,1894914
1721983261,8204,Comp922028,Comp517345,6,Port38336,143,11206,2545,2510144,2102170
1721983712,1656,Comp922028,Comp231236,6,Port38687,993,11876,4953,8123184,5819775
1721984312,4447,Comp499855,Comp100000,6,Port11943,993,1776,9819,1626816,14699043
1721984904,15788,Comp638936,Comp714275,6,Port12390,443,11821,10896,4633832,13805232
1721985193,16631,Comp349447,Comp329842,6,Port14423,445,11751,4259,14994276,255540
1721985959,7937,Comp664505,Comp993209,6,Port29612,587,10540,571,5196220,419685
1721986206,2138,Comp314473,Comp995267,6,Port16071,587,9938,1332,4849744,143856
1721987501,4959,Comp962233,Comp118871,6,Port30462,587,902,6533,809996,3142373
1721987741,17135,Comp558739,Comp723487,6,Port1946,22,1449,298,1901088,129332
1721989670,16539,Comp549343,Comp304009,6,Port61414,143,7365,8686,2968095,3717608
1721989691,14646,Comp993209,Comp246872,17,Port58558,1900,1231,397,654892,146096
1721990251,15534,Comp458510,Comp324834,6,Port22868,143,3010,5083,1607340,3171792
1721990456,12808,Comp304009,Comp309437,17,Port52906,123,11727,9571,8431713,7340957
1721992282,11220,Comp387691,Comp147986,6,Port35559,445,10926,5614,7276716,8044862
1721992334,13932,Comp329842,Comp349447,6,Port3042,80,3058,8099,4375998,5288647
1721993034,11634,Comp493273,Comp898521,6,Port19389,443,6465,4005,1635645,296370
1721993495,6108,Comp255630,Comp314473,6,Port4700,443,6464,9521,4195136,8492732
1721993876,11542,Comp228954,Comp638936,6,Port46697,587,3153,5120,1292730,2447360
1721994304,5326,Comp147986,Comp356695,6,Port51528,3389,2835,9035,2594025,2294890
1721994980,11251,Comp663497,Comp834256,17,Port40837,53,5246,11425,6190280,11630650
1721996075,6866,Comp847313,Comp993209,17,Port1462,500,7208,4571,10127240,4758411
1721996324,8774,Comp679356,Mail,6,Port16250,22,9652,2783,6553708,1527867
1721996340,3269,Comp100000,WebServer,6,Port31280,993,10080,11196,4284000,3952188
1721996496,17226,Comp723487,Mail,6,Port10355,143,246,8170,355962,6168350
1721996592,13434,Comp558739,Comp122535,6,Port7945,587,7883,10535,1371642,7363965
1721997170,1930,Comp556450,Comp393198,6,Port20658,25,7392,4540,1707552,6605700
1721997253,8551,Comp898521,Comp198162,6,Port39191,443,560,4180,805280,367840
1721997394,8178,Comp714633,Comp198162,6,Port6733,22,10016,1488,13361344,447888
1721997844,15944,Comp328683,Comp593922,6,Port65428,445,7142,9275,6120694,11167100
1721998103,13593,Comp654763,Comp336148,6,Port30636,53,8626,10130,4476894,14425120
1721998336,15810,Comp923139,Comp922028,17,Port12121,68,7932,9835,11501400,9392425
1721999863,8402,Comp846125,Comp678020,6,Port2318,22,4012,3494,5769256,1750494
1722000054,2806,Comp516294,WebServer,6,Port62741,80,2411,5861,3146355,2016184
1722000633,12982,Comp384614,WebServer,6,Port39381,3389,4535,5917,5287810,7526424
1722000662,3939,Comp356695,Comp293600,6,Port56857,3389,9145,1445,8303660,1326510
1722001056,11459,Comp396858,Comp246872,6,Port51128,22,7641,1,4447062,635
1722001295,7392,Comp721407,Comp517345,6,Port64623,3389,7523,4008,5476744,2717424
1722001304,6294,Comp257122,Comp579118,17,Port58423,500,1565,6123,1302080,1573611
1722001586,2139,Comp431255,DNS,6,Port50452,80,115,11865,85215,14783790
1722001938,14401,Comp396858,Comp547568,6,Port55934,3389,8014,10485,10394158,1153350
1722002335,12410,Comp293600,Comp892394,6,Port56310,53,11406,8591,3216492,12680316
1722002771,6156,Comp714633,Comp328683,17,Port17462,123,4303,11553,692783,3281052
1722003453,13276,Comp972911,Comp490789,6,Port39382,53,5347,9296,3753594,2054416
1722003464,17755,Comp952578,Comp393198,6,Port64628,25,11494,6314,3930948,915530
1722005018,12984,Comp962233,Comp150536,17,Port56974,123,2789,10943,3455571,8261965
1722005484,17090,Comp118871,Comp795264,6,Port7814,25,6263,11038,8004114,1346636
1722006051,8464,Comp100000,Comp131751,6,Port8217,53,1035,2433,1534905,1012128
1722006094,6784,Comp918279,Comp847313,6,Port13927,110,3164,3391,1907892,4089546
1722006979,15178,Comp393198,Comp228954,6,Port48869,445,4493,11620,6478906,13177080
1722007041,11934,Comp349447,Comp437739,17,Port26427,1900,8226,68,1538262,36720
1722007078,10905,Comp627014,Comp424132,6,Port41584,22,3693,6217,5332692,559530
1722007289,11555,Comp558739,Comp314473,6,Port10040,445,5527,4593,2205273,1244703
1722007825,17885,Comp364557,Comp923139,6,Port4884,25,297165,8936,248430535,15396534
1722008561,12374,Comp228954,Comp846141,6,Port50759,3389,1694,11499,2109030,8290779
1722009545,14678,Comp439536,Comp966362,6,Port19835,80,9518,3818,7547774,4929038
1722010388,647,Comp834256,Comp574773,17,Port3809,53,8075,2645,5184150,1970525
1722010850,13000,Comp574773,Comp384614,6,Port14965,993,7751,3952,2573332,2402816
1722012468,5720,Comp723487,Comp846125,17,Port21869,123,6996,8587,4519416,8183411
1722013072,2220,Comp860515,Comp847313,6,Port27162,80,1597,4315,1497986,5449845
1722013382,4976,Comp912181,Comp562571,6,Port58874,80,6182,7708,1539318,9503964
1722014873,14986,Comp885616,Comp393198,6,Port13820,143,8497,4176,12065740,1060704
1722014913,14716,Comp122535,Comp393198,6,Port39995,143,5933,8885,6502568,5784135
1722015033,5500,Comp405733,Comp328683,6,Port18753,445,8682,750,11451558,1035000
1722015324,3457,Comp664505,Comp318192,6,Port33181,143,3949,4111,414645,5011309
1722015789,7541,Comp556450,Comp304009,6,Port20121,993,6171,3714,8053155,4438230
1722016546,5972,Comp692997,Comp952578,6,Port23238,143,4569,7174,5957976,1492192
1722016666,8330,Comp144583,Comp567603,6,Port39719,80,11949,7768,6846777,4746248
1722016968,14112,Comp892394,Comp228954,6,Port39072,80,2149,8725,1871779,10941150
1722017000,5964,Comp187068,Comp458510,6,Port9724,587,3402,10823,2622942,2489290
1722017570,3123,Comp517345,Comp547568,6,Port11131,25,8172,9555,10182312,10386285
1722018331,1952,Comp304009,Comp574773,6,Port16577,80,702,499,316602,398701
1722018522,12333,Comp852902,Comp477748,6,Port59042,80,6153,8131,8503446,8968493
1722019158,3589,Comp922028,Comp885616,6,Port21483,445,346,199,293408,202582
1722019867,3954,Comp678020,Comp782474,17,Port38304,138,6334,4962,253360,883236
1722020405,14462,Comp638936,Comp912181,6,Port29994,143,3847,7108,1854254,1620624
1722020586,1671,Comp860515,Comp246872,6,Port23869,587,2279,3829,565192,2033199
1722020750,11741,Comp130485,Comp187068,17,Port3481,53,5975,8396,7289500,11771192
1722021422,203,Comp122535,Comp654038,6,Port29485,143,3973,9552,2530801,13439664
1722021646,16971,Comp558739,Comp255630,6,Port65485,3389,939,7298,674202,8414594
1722022541,12845,Comp458510,Comp517345,6,Port61723,445,6392,6298,3521992,2456220
1722022704,14779,Comp593922,Comp595110,6,Port20402,993,6790,11676,7210980,16685004
1722023048,11995,Comp318192,Comp130485,6,Port35417,53,7942,7828,11833580,8509036
1722023266,7240,Comp318192,Comp255630,6,Port19561,995,10810,2746,14204340,1307096
1722023649,17915,Comp329842,Comp356695,6,Port60470,80,8430,7877,12510120,8491406
1722023933,14151,Comp678020,Comp318192,17,Port36819,500,9562,5774,4561074,3880128
1722025114,1598,Comp573916,Comp721407,6,Port60381,22,7777,285,7846993,210330
1722025434,10376,Comp304009,Comp431255,6,Port56119,445,8069,10990,7649412,4286100
1722025822,9768,Comp490789,BackupServer,6,Port22155,445,9520,9549,4579120,9348471
1722026314,5154,Comp995267,Comp255630,6,Port30493,53,7941,7409,10116834,3252551
1722026746,8210,Comp593707,Comp309437,6,Port37762,995,6027,8075,8329314,11200025
1722026957,17551,Comp606940,Comp658094,17,Port17077,137,8763,6925,12513564,1745100
1722027491,1558,Comp490789,Comp439536,6,Port54671,445,11584,4117,17167488,1675619
1722028561,16712,Comp396858,Comp794320,6,Port37529,443,5930,11194,1648540,2485068
1722028849,12607,Comp396858,Comp318192,17,Port14400,138,2712,6638,691560,2595458
1722028943,2020,Comp664505,Comp595110,6,Port32179,587,4822,4066,4985948,4143254
1722029070,5495,Comp794320,Comp920919,6,Port54028,3389,171,8217,187929,11668140
1722029290,15109,Comp668118,Comp255630,6,Port28317,587,3680,1886,2484000,507334
1722029432,12664,Comp318192,Comp130485,6,Port46841,995,10644,3834,2959032,1399410
1722031672,1399,Comp952578,Comp304009,6,Port64496,995,1196,1550,545376,362700
1722031864,2654,Comp556450,Comp516294,6,Port22637,110,10656,1020,2418912,1243380
1722032337,16718,Comp385395,Comp556450,6,Port65274,443,6746,9862,1821420,8086840
1722032485,2837,Comp385395,Comp664505,6,Port27757,53,3822,5245,1200108,2994895
1722033999,11235,Comp567603,Comp235883,6,Port37276,3389,5670,10283,5068980,10971961
1722034106,17920,Comp118871,Comp794320,17,Port50891,1900,10543,7649,8318427,1246787
1722035510,2999,Comp384614,Comp846141,17,Port5411,53,1427,2806,752029,3297050
1722036224,800,Comp922028,Comp954988,6,Port46277,587,6789,2536,5648448,451408
1722037197,14710,Comp943258,Comp516294,17,Port37596,137,3219,5484,3267285,4864308
1722037478,17099,Comp827253,Comp141961,6,Port43302,993,6493,1137,1181726,96645
1722038667,9284,Comp384614,Comp309437,6,Port62469,53,9446,7018,4250700,2344012
1722038917,4200,Comp364557,Comp329842,6,Port32322,80,11056,5512,3681648,5247424
1722038996,1072,Comp329842,WebServer,6,Port60742,443,3067,1668,122680,1461168
1722039609,16403,Comp826274,Comp293600,6,Port37650,143,7964,6296,1664476,4363128
1722039622,14371,Comp744581,Comp224037,6,Port14926,587,5109,10185,5926440,9706305
1722039707,16135,Comp721407,Comp663497,6,Port43120,587,6033,10904,7951494,13749944
1722041024,14190,Comp920919,Comp952578,6,Port13288,3389,1936,5026,532400,2090816
1722041106,7792,Comp663497,Comp278057,6,Port59033,993,10279,877,11923640,1279543
1722041344,8677,Comp946215,Comp405733,6,Port10846,22,2038,10361,831504,2590250
1722041405,6882,Comp654763,Comp920919,17,Port33194,67,479,6612,116876,9706416
1722041432,13160,Comp892394,Comp884824,17,Port53909,161,9076,9120,3476108,12685920
1722041551,1804,Comp898521,Comp675254,6,Port1617,445,4867,542,6726194,359888
1722041959,723,Comp224037,Comp668118,6,Port32638,110,801,3539,431739,637020
1722044430,17303,Comp144583,Comp558739,6,Port33693,3389,8170,3427,9158570,2169291
1722045105,5726,Comp328683,Comp892394,6,Port22832,80,3421,8598,2558908,3817512
1722045979,624,Comp556450,Comp723487,6,Port44431,143,11714,8174,7918664,7233990
1722048082,12118,Comp920919,Comp364557,6,Port21977,993,11770,8888,14430020,3350776
1722048310,7181,Comp593922,Comp663497,17,Port25177,137,6605,4765,9821635,657570
1722048995,4151,Comp144583,Comp658094,6,Port18791,22,5711,3735,5648179,5012370
1722049592,7822,Comp846141,Comp293600,6,Port41298,80,5338,2270,6832640,2960080
1722050986,8107,Comp827253,Comp490789,6,Port57963,110,7274,3044,1840322,2349968
1722051442,11016,Comp150536,Comp834256,6,Port12481,445,10908,1970,14780340,2525540
1722052539,16775,Comp574773,Comp912181,6,Port27453,587,7689,9881,2368212,14189116
1722052797,15858,Comp393198,Comp574773,6,Port15594,443,1191,8131,378738,11245173
1722053566,14881,Comp362609,Comp920919,6,Port16766,110,2354,8135,3003704,10160615
1722054552,8860,Comp943990,Comp679356,17,Port63703,138,7553,10631,5619432,1105624
1722054813,10044,Comp198162,Comp995267,6,Port46853,25,609287,8874,442951740,13845960
1722055038,2379,Comp304009,Comp723487,6,Port61952,53,5753,3846,454487,5311326
1722055468,10381,Comp364557,Comp962233,17,Port42018,123,4809,3756,1726431,1119288
1722056708,12085,Comp228954,Comp278057,6,Port44023,995,7151,1527,8888693,207672
1722057102,15966,Comp627014,Comp826274,6,Port47173,443,2768,8666,124560,4696972
1722057199,833,Comp714275,Comp562571,6,Port43150,22,885,10491,1223955,13029822
1722057224,15535,Comp458510,Comp130485,6,Port54050,3389,2808,8571,3285360,10602327
1722057323,9332,Comp782474,Comp141961,6,Port22061,80,8015,5647,2709070,5037124
1722058990,1590,Comp952578,Comp627014,6,Port7554,587,7294,3999,8154692,5898525
1722059195,17921,Comp424132,Comp387691,6,Port32542,995,9710,5259,7738870,1462002
1722059232,8380,Comp111156,Comp439536,6,Port1152,3389,1302,3245,712194,4286645
1722059993,7406,Comp744581,Comp385395,6,Port4077,25,1699,1985,1320123,2602335
1722060149,3436,Comp795264,WebServer,6,Port4286,53,1550,5176,77500,7370624
1722060413,1320,Comp516294,Comp278057,17,Port6017,500,6752,2840,8946400,1323440
1722060937,1498,Comp918279,Comp122535,6,Port46620,993,6880,8869,8159680,8665013
1722061217,4809,Comp993209,Comp679356,6,Port39580,995,1912,10878,577424,4808076
1722061242,5263,Comp993209,Comp362609,6,Port61310,443,5392,2323,997520,1728312
1722062002,8336,Comp946215,Comp972911,6,Port19724,25,618,72,406644,103824
1722062012,10991,Comp972911,Comp946215,6,Port22384,587,7343,10491,5228216,8298381
1722062402,17852,Comp962233,Comp439536,6,Port32642,587,6840,3527,7982280,4098374
1722062683,14298,Comp943258,Comp606940,6,Port51420,143,324,3063,410184,2171667
1722063306,8745,Comp678020,Comp437739,6,Port61064,445,1062,10264,141246,410560
1722063388,16424,Comp384614,Comp654763,6,Port48065,445,8459,10075,3349764,2679950
1722064224,10040,Comp396858,Comp558739,17,Port33740,67,10789,6967,9666944,7113307
1722064460,7613,Comp918279,Comp562571,6,Port64120,22,10198,1869,6057612,908334
1722064713,3913,Comp431255,Comp517345,6,Port12722,995,6805,8466,10112230,4190670
1722065175,7602,Comp912181,Comp714275,17,Port31395,1900,6290,8873,6315160,1517283
1722065349,738,Comp424132,Comp995267,6,Port16951,587,9701,5319,4947510,6584922
1722065415,2759,Comp517345,Comp943990,6,Port11737,993,10090,6736,10311980,1138384
1722067148,17009,Comp846125,Comp111156,6,Port26611,995,10878,6437,7266504,5304088
1722068103,3507,Comp852902,Comp437739,6,Port50390,25,4796,7937,3429140,3928815
1722068668,10208,Comp549343,Comp393198,6,Port21664,443,5713,6187,6187179,8432881
1722068882,1845,Comp356695,Comp923139,6,Port53847,445,948,11689,638004,11829268
1722069578,10822,Comp567603,Comp918279,6,Port40436,3389,2102,422,2219712,58658
1722069776,17566,Comp517345,Comp304009,6,Port46653,587,4531,630,2954212,589680
1722069778,8239,Comp547568,Comp721407,6,Port16713,445,9714,1814,8810598,509734
1722070615,2297,Comp364557,Comp678020,6,Port56709,443,5356,1789,4011644,1531384
1722071133,412,Comp884824,Comp396858,17,Port14170,500,7048,5984,6181096,2363680
1722071278,13619,Comp141961,Comp803281,17,Port24969,138,10386,949,5670756,1075217
1722071561,1854,Comp144583,Comp255630,6,Port51554,143,5707,2294,1227005,1674620
1722071585,5720,Comp364557,Comp385395,6,Port45557,995,4017,6235,1663038,4096395
1722071642,15180,Comp111156,Comp257122,6,Port20342,995,8763,10795,4898517,14270990
1722072372,9669,Comp692997,Comp678020,6,Port18045,445,3781,9633,1894281,6598605
1722073264,15714,Comp187068,Comp439536,6,Port28962,25,4659,2600,3051645,995800
1722074819,15708,Comp304009,Comp207492,6,Port29824,587,10656,657,7853472,522972
1722075112,11904,Comp795264,Comp966362,6,Port4861,143,5248,8867,2135936,10835474
1722075347,16851,Comp922028,Comp246872,6,Port16667,445,3012,9352,1798164,1281224
1722075405,656,Comp499855,Comp678020,6,Port10994,143,10016,11148,4527232,5038896
1722075859,4324,Comp187068,FileServer,17,Port10993,53,7709,5196,6891846,4619244
1722075891,4986,Comp943990,BackupServer,6,Port23830,53,9213,701,6771555,274792
1722076090,16402,Comp141961,Comp827253,6,Port3343,25,3920,11297,3767120,12822095
1722076098,11190,Comp318192,Comp150536,6,Port44707,53,9383,3448,6286610,420656
1722076423,4537,Comp920919,Comp995267,6,Port44338,3389,11417,4592,17056998,1947008
1722076512,3755,Comp150536,Comp356695,6,Port15244,22,1962,4970,1465614,4463060
1722077081,14486,Comp356695,Comp860515,6,Port57489,80,2276,11815,2134888,15217720
1722077201,15460,Comp329480,Comp826274,6,Port39325,110,6769,4334,4636765,2405370
1722077243,275,Comp846141,Comp362609,6,Port21307,995,652428,6678,761384139,10432339
1722077440,6576,Comp595110,Comp424132,6,Port13539,110,6,6050,5130,8433700
1722077826,9634,Comp458510,FileServer,17,Port28714,68,6601,11879,1207983,9372531
1722078851,4230,Comp723487,Comp431255,6,Port62965,3389,1529,11428,1688016,3828380
1722078936,13064,Comp972911,Comp547568,6,Port1252,445,11744,7582,13505600,9977912
1722078938,13642,Comp547568,Comp782474,6,Port2320,110,8717,1269,5465559,102789
1722079324,15101,Comp943990,Comp556450,6,Port27658,445,11928,4156,9327696,4642252
1722079901,14150,Comp150536,Comp549343,6,Port60317,587,2617,7992,143935,10885104
1722080611,15140,Comp114833,DNS,6,Port19172,25,9524,9640,12428820,8492840
1722080651,6583,Comp723487,Comp593922,6,Port49238,993,4585,9022,5391960,12405250
1722080733,5380,Comp558739,Comp493273,17,Port38066,138,1242,5843,1809594,5545007
1722080760,5689,Comp364557,Comp424132,6,Port13885,995,5761,8046,5271315,7337952
1722080990,15356,Comp324834,Comp356695,6,Port59634,445,5628,3705,2116128,733590
1722081638,11684,Comp588967,Comp558739,6,Port11557,995,6003,7631,2779389,2289300
1722084290,5826,Comp744581,Comp606940,6,Port33676,22,10254,5740,14304330,6090140
1722084903,12984,Comp198162,Comp549343,6,Port43774,22,3354,8205,342108,8492175
1722084983,4208,Comp562571,Comp884824,6,Port44603,25,7662,10462,7815240,9761046
1722085949,4797,Comp147986,Comp834256,6,Port56139,995,2391,9840,332349,3394800
1722086298,27,Comp231236,Comp141961,6,Port46536,3389,10547,8787,11802093,1432281
1722086522,17392,Comp846141,Comp477748,6,Port43426,3389,5497,9214,4881336,1511096
1722086576,4243,Comp556450,Comp995267,17,Port10857,1900,9592,2085,6992568,460785
1722087000,13539,Comp516294,Comp122535,6,Port20805,80,3228,2218,3428136,794044
1722087316,2132,Comp567603,Comp955337,6,Port23381,110,3756,10063,2092092,14661791
1722088562,649,Comp898521,Comp593922,6,Port24961,993,11795,6490,10344215,7645220
1722089646,12149,Comp309437,Comp679356,6,Port8323,445,2341,5177,2827928,1553100
1722089818,1772,Comp257122,Comp952578,17,Port7156,161,6736,7980,4775824,3894240
1722090185,2607,Comp574773,Comp595110,17,Port29457,500,3871,994,278712,1338918
1722091599,5946,Comp431255,Comp803281,17,Port47660,53,4682,1981,6980862,1378776
1722091752,10537,Comp593922,Comp314473,17,Port58264,138,8351,1766,6922979,780572
1722092862,328,Comp892394,Comp885616,6,Port61677,445,9383,6793,6258461,3525567
1722093292,2277,Comp293600,Comp130485,6,Port32050,993,5773,793,848631,490074
1722093664,6083,Comp723487,Comp826274,6,Port58963,53,7656,535,1316832,445120
1722094317,12679,Comp584383,Comp606940,6,Port30451,443,527,8119,216597,6909269
1722094987,1755,Comp439536,Comp692997,6,Port31561,25,2808,8818,3894696,7204306
1722095046,5140,Comp147986,Comp972911,6,Port14527,22,8909,3090,9782082,2944770
1722095114,3472,Comp304009,Comp679356,6,Port41536,445,7991,8291,5138213,3921643
1722095242,5557,Comp329480,Comp458510,6,Port21036,143,537,1156,612717,885496
1722096048,4641,Comp144583,Comp803281,6,Port32313,80,10693,4913,6544116,6141250
1722096849,11527,Comp692997,Comp627014,17,Port61445,67,4912,4388,6572256,2404624
1722097304,1210,Comp654038,Comp235883,6,Port36272,3389,3645,4157,1884465,6127418
1722097495,16901,Comp318192,Comp424132,6,Port20570,993,5547,10403,6012948,7989504
1722099366,4401,Comp923139,Comp955337,6,Port44274,3389,4738,941,3207626,553308
1722100304,17848,Comp898521,Comp516294,6,Port48207,25,6036,7544,6186900,8019272
1722100867,13128,Comp318192,Comp852902,6,Port40161,22,1970,3284,614640,2006524
1722102015,6431,Comp517345,Comp638936,6,Port3742,53,1669,5834,2368311,3605412
1722104062,5442,Comp675254,Comp235883,6,Port15611,25,11876,2414,5439208,1414604
1722104673,17033,Comp362609,Comp493273,6,Port9301,445,8973,8798,7393752,7355128
1722105022,17935,Comp328683,BackupServer,6,Port62682,445,4335,730,4521405,73730
1722107246,11022,Comp396858,Comp920919,6,Port21118,53,10192,910,10130848,539630
1722107709,848,Comp309437,Comp207492,6,Port31623,110,9545,3945,8103705,4580145
1722108147,16316,Comp664505,Comp668118,6,Port59176,443,8375,10593,10946125,5518953
1722109940,8581,Comp314473,Comp318192,6,Port64971,80,8656,286,12594480,236236
1722110401,502,Comp794320,Comp847313,6,Port15170,143,11412,2132,13169448,1014832
1722111116,14434,Comp920919,Comp954988,6,Port56464,445,10010,5901,3093090,8344014
1722111542,598,Comp224037,Comp393198,6,Port47907,3389,3090,256,3596760,93696
1722112669,6690,Comp860515,Comp826274,6,Port40634,80,8720,6411,6749280,7526514
1722114373,1343,Comp499855,Comp795264,6,Port11831,25,1929,4348,1587567,5000200
1722114815,7865,Comp993209,Comp439536,17,Port45610,137,6032,7747,8529248,4896104
1722115217,14479,Comp439536,Comp431255,17,Port40559,138,808,701,654480,1034676
1722116352,2324,Comp584383,Comp898521,6,Port29815,143,2033,2120,2606306,3137600
1722116517,2484,Comp362609,Comp328683,6,Port38881,587,8658,2004,8545446,164328
1722116546,17219,Comp972911,Comp231236,6,Port14618,3389,4460,8849,744820,7698630
1722117429,3179,Comp846125,DNS,17,Port41147,500,1946,8867,2066652,2890642
1722117960,2026,Comp147986,Comp437739,6,Port10907,995,11752,1395,8955024,2088315
1722120845,10537,Comp573916,Comp458510,6,Port19492,445,11258,4856,9422946,7026632
1722120904,4981,Comp827253,Comp431255,6,Port32953,445,2751,8446,1323231,5549022
1722120929,17234,Comp224037,Comp846141,6,Port11481,995,7180,82,2225800,44116
1722121053,2947,Comp362609,Comp278057,6,Port59967,80,3526,1207,3970276,1490645
1722123366,10208,Comp122535,Comp547568,6,Port58212,993,9649,7725,3878898,4689075
1722124016,16575,Comp490789,Comp130485,6,Port31624,443,8255,6776,1452880,7494256
1722124920,13186,Comp593922,Comp349447,6,Port37759,3389,5216,8485,3958944,8544395
1722124944,522,Comp852902,Comp946215,6,Port19836,143,11170,5599,12052430,2541946
1722125390,3380,Comp993209,Comp562571,6,Port14703,587,8818,10823,2971666,5995942
1722126751,2254,Comp255630,Comp593922,17,Port63022,138,393802,1505,433577038,10037482
1722126883,16455,Comp187068,Comp679356,6,Port27688,110,5324,1855,3503192,1407945
1722128630,3635,Comp912181,Comp952578,17,Port62541,67,9956,7623,13818928,4947327
1722129250,1006,Comp111156,Comp147986,6,Port5352,3389,6465,10285,1642110,13936175
1722129780,6888,Comp198162,Comp898521,17,Port7906,500,1199,274,1654620,239750
1722130329,5091,Comp393198,Comp884824,6,Port31691,443,9283,8504,2348599,7347456
1722131042,2949,Comp920919,Comp517345,17,Port51466,161,5773,11670,5103332,7083690
1722131130,8167,Comp782474,Comp356695,6,Port28370,445,2858,6763,3632518,6850919
1722131177,16208,Comp723487,Comp349447,6,Port55204,25,9787,9973,13310320,1037192
1722132135,4071,Comp147986,Comp329842,6,Port9586,993,10614,3141,8820234,1118196
1722132598,17667,Comp972911,Comp100000,6,Port56257,25,7051,9659,5351709,11948183
1722133494,11948,Comp547568,Comp723487,6,Port29691,995,8595,5494,10133505,2312974
1722133538,6880,Comp678020,Comp584383,17,Port19412,123,2893,3582,3954731,5287032
1722133546,12218,Comp439536,Comp231236,6,Port42281,995,8958,2379,501648,3190239
1722133931,6272,Comp892394,Comp235883,6,Port51250,143,10851,10234,4579122,6109698
1722135580,3814,Comp744581,Comp329480,17,Port60922,137,2858,8612,1306106,11875948
1722136885,4222,Comp141961,Comp396858,6,Port6673,993,11314,9463,14210384,10257892
1722137158,155,Comp892394,Comp920919,6,Port46387,587,1082,8443,70330,10283574
1722137163,11674,Comp664505,Comp627014,6,Port21313,80,5350,3068,1193050,2227368
1722137529,1338,Comp396858,Comp847313,6,Port33437,53,875,2298,38500,500964
1722139435,3575,Comp847313,Comp257122,17,Port30818,138,5370,7773,7684470,6513774
1722139453,8,Comp892394,Comp802471,6,Port50701,993,7764,3031,667704,3743285
1722139588,1172,Comp499855,Comp309437,6,Port26728,80,10446,7776,4460442,1337472
1722140863,16297,Comp255630,Comp304009,6,Port19083,587,1800,10813,1441800,735284
1722140872,428,Comp328683,FileServer,6,Port32467,53,10649,8987,5846301,11125906
1722141025,11190,Comp558739,WebServer,6,Port44168,53,11990,5660,2062280,5150600
1722141134,5900,Comp490789,Comp324834,17,Port55623,137,800,10906,513600,8735706
1722141748,2492,Comp794320,Comp437739,6,Port1350,993,11532,6613,13896060,6778325
1722142487,5395,Comp920919,Comp198162,6,Port37701,3389,10878,5639,5014758,5858921
1722142576,1666,Comp918279,Comp923139,6,Port5704,143,279196,11503,226428127,808084
1722142968,5633,Comp668118,Comp723487,6,Port41020,25,429574,4021,420983454,3642628
1722143039,14716,Comp111156,Comp860515,6,Port41296,443,8700,2484,3462600,1835676
1722144033,11167,Comp387691,Comp362609,6,Port56182,587,5038,1667,216634,570114
1722144189,14598,Comp293600,Comp224037,6,Port13445,3389,3130,7525,3956320,8450575
1722144243,12538,Comp235883,Comp918279,17,Port52282,68,4850,6119,7226500,3597972
1722144439,16692,Comp198162,Comp579118,6,Port45455,445,4091,9288,3207344,12501648
1722144726,1945,Comp477748,Comp627014,6,Port43933,443,11702,1760,14650904,1089440
1722144801,2867,Comp118871,Comp721407,6,Port42102,445,2884,3833,1591968,1211228
1722145219,7405,Comp439536,Comp384614,6,Port36483,25,1063,1449,1506271,1809801
1722145904,9401,Comp150536,Comp892394,6,Port5131,22,9966,3705,8660454,896610
1722146688,14112,Comp293600,Comp314473,6,Port53480,445,10077,11523,12173016,17065563
1722146740,2187,Comp349447,BackupServer,6,Port26344,53,10725,10761,10960950,10319799
1722147593,1991,Comp846125,Comp723487,6,Port7764,445,11654,5953,16175752,4423079
1722148107,14321,Comp141961,Comp385395,6,Port40569,22,485,1192,414675,448192
1722149466,9888,Comp362609,Comp198162,6,Port62132,993,9228,11938,11784156,3987292
1722149878,7425,Comp314473,Comp654038,6,Port47052,80,3241,1888,4540641,609824
1722150311,3998,Comp744581,Comp231236,6,Port16893,143,5060,1213,5813940,1523528
1722150711,12525,Comp118871,Comp606940,6,Port53671,110,5384,4931,2993504,1661747
1722150815,14440,Comp654763,Comp147986,6,Port55641,143,11827,11293,2034244,1038956
1722151409,546,Comp257122,Comp458510,17,Port22341,500,6262,9580,3995156,3132660
1722151456,972,Comp431255,Comp567603,6,Port34754,445,2673,4314,2809323,4012020
1722153184,14002,Comp654763,Comp663497,6,Port55002,587,1052,5459,1360236,4017824
1722153936,15908,Comp834256,Comp141961,6,Port11184,3389,7067,727,8211854,424568
1722154244,4131,Comp314473,Comp918279,6,Port23877,53,9960,3246,9661200,4700208
1722156855,12706,Comp654763,Comp852902,6,Port30464,995,8525,8041,7016075,4350181
1722156882,15170,Comp803281,Comp384614,6,Port1474,445,11207,5043,16250150,6293664
1722156924,2038,Comp744581,Comp884824,6,Port11799,80,503,11746,199188,2595866
1722157217,3346,Comp943258,Comp224037,6,Port40376,3389,4834,5345,5781464,4452385
1722157548,2348,Comp393198,Comp130485,6,Port18024,587,7340,10162,6194960,2347422
1722157736,14221,Comp802471,Comp424132,6,Port16614,53,10286,8724,8105368,1378392
1722157855,13884,Comp385395,Comp439536,6,Port20126,53,3752,6092,2333744,6286944
1722157915,2414,Comp314473,Comp187068,6,Port9048,445,8116,10425,7840056,10654350
1722158301,3140,Comp224037,Comp549343,6,Port42109,587,2495,10450,3740005,9175100
1722158453,11941,Comp231236,Comp314473,6,Port17691,22,7101,3855,4487832,2690790
1722158713,16152,Comp356695,Comp304009,6,Port43063,445,9302,3341,1897608,1453335
1722160324,14026,Comp721407,Comp595110,6,Port54434,443,9828,8502,2221128,9998352
1722160946,3017,Comp100000,Comp477748,6,Port31905,3389,5422,325,1615756,102700
1722161691,6952,Comp826274,Comp912181,6,Port59988,587,5676,8416,3598584,6404576
1722161918,1197,Comp954988,Comp918279,6,Port13687,995,10583,5220,486818,7391520
1722162041,4398,Comp356695,Comp885616,6,Port63064,22,6573,9203,2957850,9341045
1722162506,10140,Comp556450,Comp579118,6,Port21789,993,4202,1560,4428908,1985880
1722163562,6202,Comp556450,Comp458510,6,Port20560,110,3296,6903,3391584,2291796
1722164646,10921,Comp547568,Comp679356,6,Port64213,443,8541,6432,8677656,495264
1722164737,5339,Comp235883,Comp827253,6,Port30436,995,8546,176,8691282,221056
1722164854,10143,Comp293600,Comp257122,6,Port49245,995,574779,6295,462122572,8356843
1722165503,11395,Comp860515,Comp405733,6,Port52796,53,1909,7870,2687872,9262990
1722165694,3502,Comp627014,WebServer,6,Port29940,53,1938,4862,918612,6174740
1722166141,803,Comp714633,Comp827253,6,Port21532,587,2918,7347,455208,4305342
1722167546,6085,Comp549343,Comp955337,6,Port32721,995,144,3915,176400,786915
1722167547,746,Comp318192,BackupServer,17,Port25870,68,5759,7338,4157998,10610748
1722167700,2871,Comp658094,Comp314473,17,Port27887,53,4978,2920,2713010,1416200
1722167912,5180,Comp912181,Comp187068,6,Port16331,25,4624,3375,2876128,924750
1722168501,6087,Comp638936,Comp405733,17,Port60042,500,11219,852,9996129,743796
1722169235,4986,Comp922028,Comp387691,17,Port37948,68,2875,1174,2328750,81006
1722169843,963,Comp943258,Comp387691,6,Port52413,995,9706,1613,582360,204851
1722170011,3188,Comp593922,Comp111156,6,Port43554,443,2303,2272,492842,2621888
1722170296,15885,Comp231236,Comp846141,6,Port23796,143,7341,8624,10446243,1448832
1722170495,12902,Comp384614,Comp627014,6,Port21567,25,10330,2594,7819810,2376104
1722170737,7998,Comp293600,Comp364557,6,Port64397,993,10053,4264,14908599,2993328
1722171362,428,Comp431255,Comp278057,6,Port2587,3389,7090,2083,7082910,418683
1722171701,6444,Comp803281,Comp114833,6,Port20048,22,2487,5087,2775492,7203192
1722172044,16636,Comp923139,WebServer,6,Port48498,143,4529,2934,2255442,798048
1722172419,14573,Comp834256,Comp573916,6,Port36238,110,5096,3945,6436248,3901605
1722172449,13635,Comp595110,Comp556450,6,Port40801,587,10149,824,10037361,190344
1722174767,4474,Comp437739,Comp147986,6,Port2414,993,4530,6058,5150610,5458258
1722174868,7253,Comp593922,WebServer,6,Port15152,53,9902,3231,4228154,914373
1722175138,515,Comp966362,Comp955337,6,Port39693,3389,11419,7814,10231424,10447318
1722175235,15460,Comp593922,Comp405733,6,Port21322,25,1331,11974,770649,8537462
1722176462,2036,Comp584383,Comp318192,6,Port31373,993,11228,5821,15348676,308513
1722176627,11127,Comp562571,Comp966362,6,Port62769,587,6807,6136,9284748,699504
1722176852,5077,Comp329480,Comp384614,6,Port42192,25,7211,9965,4002105,8290880
1722177577,10264,Comp744581,Comp668118,6,Port41679,587,3668,4133,278768,3298134
1722178505,14890,Comp293600,Comp918279,6,Port13697,80,4007,1692,1618828,883224
1722178781,5635,Comp314473,Comp111156,6,Port39439,80,6490,8645,2842620,7979335
1722179336,304,Comp606940,Comp952578,6,Port62958,25,2388,7796,162384,9378588
1722179499,11936,Comp588967,Comp324834,17,Port42291,161,8616,5633,12114096,6201933
1722180029,9578,Comp922028,Comp846125,6,Port51673,993,8002,4640,5761440,5261760
1722180400,2515,Comp293600,Comp329480,17,Port62597,137,103,353,26162,501613
1722180460,872,Comp847313,Comp898521,6,Port59166,993,2529,6684,2351970,2279244
1722181665,9448,Comp314473,Comp595110,6,Port22948,110,6163,6568,3821060,1050880
1722182446,11040,Comp547568,Comp516294,17,Port20091,53,8906,6187,2627270,1336392
1722182645,2090,Comp329842,Comp923139,17,Port19146,53,3501,3648,2457702,331968
1722182864,10785,Comp567603,Comp898521,6,Port50714,143,10641,1820,9725874,851760
1722183643,8013,Comp952578,Comp122535,6,Port25328,445,6408,6854,6356736,1665522
1722184160,2470,Comp723487,Comp567603,6,Port54086,25,6468,7440,2380224,10304400
1722184183,11093,Comp324834,Comp130485,6,Port52694,443,1318,2078,1229694,1105496
1722184361,11621,Comp437739,Comp549343,6,Port43983,995,7539,1446,9024183,517668
1722184919,2799,Comp118871,Comp336148,6,Port8827,993,9810,5790,9368550,4672530
1722185892,12123,Comp384614,Comp147986,6,Port46947,80,2537,574,3625373,383432
1722186546,3998,Comp118871,Comp477748,6,Port14366,443,6524,2323,9211888,106858
1722186581,10750,Comp198162,Comp499855,6,Port36674,445,77,7636,58751,11003476
1722188288,14638,Comp127895,Comp235883,6,Port15748,3389,2533,3585,1552729,3764250
1722188353,16869,Comp675254,Comp493273,6,Port5025,993,852,5525,602364,6873100
1722188392,4603,Comp714633,Comp834256,17,Port42077,68,9236,8245,6973180,11848065
1722188491,6098,Comp595110,Comp150536,6,Port30140,993,11948,2120,3500764,2823840
1722188889,1720,Comp562571,Comp826274,6,Port42413,22,454,2731,656938,1103324
1722190354,17445,Comp207492,Comp329480,6,Port32669,110,8427,3569,7323063,4118626
1722190858,5953,Comp118871,Comp912181,6,Port25015,143,7114,5005,1614878,260260
1722191366,14439,Comp255630,DNS,6,Port2029,143,8424,6718,11439792,3809106
1722191905,16832,Comp122535,Comp439536,6,Port18841,3389,6021,877,8573904,998903
1722192052,8562,Comp654038,Comp207492,17,Port57830,53,11897,5685,10219523,6031785
1722192305,12488,Comp224037,Comp885616,17,Port49708,500,476,8245,677824,9597180
1722192746,8500,Comp827253,Comp246872,17,Port30949,161,1791,10216,2609487,11697320
1722192851,10358,Comp309437,Comp675254,6,Port3070,53,2997,6467,4291704,666101
1722193163,4493,Comp293600,Comp898521,6,Port64566,25,9389,7510,13585883,6691410
1722193705,15127,Comp187068,Comp385395,6,Port48681,80,926,9765,126862,9188865
1722194072,2215,Comp721407,Comp579118,6,Port2451,445,1483,8726,126055,2321116
1722194571,11883,Comp826274,Comp803281,6,Port14589,110,8788,6420,7759804,2529480
1722195129,16559,Comp827253,Comp955337,6,Port11995,445,5022,6795,5684904,5103045
1722195370,14600,Comp802471,Comp437739,6,Port59263,995,8469,11930,10696347,11488590
1722195902,13657,Comp952578,Comp912181,6,Port62592,110,4400,9084,4294400,11636604
1722196231,11829,Comp692997,Comp439536,6,Port27712,3389,1072,2893,533856,3182300
1722196439,17023,Comp396858,Comp802471,6,Port12498,443,7166,5444,10046732,7970016
1722197151,15556,Comp329842,Comp517345,6,Port42459,993,1311,8905,1182522,3250325
1722197593,4949,Comp387691,Comp714275,6,Port18608,22,5747,6265,5948145,3840445
1722197775,11232,Comp293600,Comp744581,6,Port8827,80,10563,5187,4373082,2178540
1722197954,7716,Comp328683,Comp922028,6,Port17732,3389,2196,7300,2518812,9782000
1722199002,4768,Comp658094,Comp579118,6,Port17402,995,2410,4511,551890,4204252
1722199468,14727,Comp187068,Comp860515,6,Port4485,443,11378,8138,14905180,6355778
1722200069,741,Comp606940,Comp439536,6,Port46221,22,3644,8778,4678896,7812420
1722200552,2310,Comp144583,Comp278057,6,Port23743,22,4471,10776,4631956,5571192
1722201498,1896,Comp349447,Comp993209,17,Port36528,161,8211,11466,12086592,15284178
1722201613,3636,Comp246872,Comp678020,6,Port36538,995,1537,8537,2102616,7999169
1722201667,9224,Comp362609,Comp356695,17,Port50729,138,729,9066,102789,7116810
1722201736,16961,Comp954988,Comp654763,6,Port50202,995,10119,9267,3663078,9897156
1722202500,17491,Comp458510,Comp782474,6,Port37370,443,11371,3961,2467507,4780927
1722202624,16203,Comp846125,Comp744581,17,Port55088,68,11844,10986,6016752,6778362
1722202653,13670,Comp517345,Comp493273,6,Port37752,443,277,6118,249023,6778744
1722203785,8278,Comp384614,Comp593707,6,Port2713,110,6357,10410,1582893,12544050
1722203910,13958,Comp246872,Comp654763,6,Port56392,53,10189,2605,1691374,2633655
1722204443,4827,Comp892394,DNS,6,Port50667,587,10137,3723,9934260,781830
1722204499,11948,Comp336148,Comp847313,6,Port28421,53,4331,7442,4162091,2373998
1722204550,150,Comp547568,Comp827253,6,Port25955,995,5883,6942,3376842,590070
1722204583,16262,Comp852902,Comp257122,6,Port58765,993,1801,4831,1963090,2140133
1722204619,17488,Comp943990,Comp898521,6,Port28493,993,1671,2650,1510584,742000
1722205049,13238,Comp393198,Comp860515,6,Port25036,22,4530,2737,2921850,2372979
1722205127,3146,Comp920919,Comp573916,6,Port48273,3389,2764,8723,384196,11924341
1722205510,4651,Comp304009,FileServer,6,Port22222,143,11674,253,13355056,34408
1722205784,13315,Comp499855,Comp955337,6,Port27081,587,962,1432,914862,651560
1722206131,8991,Comp304009,Comp187068,17,Port51306,500,6348,11103,1301340,1165815
1722206133,9857,Comp329480,Comp517345,6,Port15428,993,6678,11750,2096892,1903500
1722206659,7278,Comp834256,Comp336148,6,Port1768,80,392451,945,448180030,171608
1722207111,15043,Comp336148,Comp114833,6,Port22737,587,5288,1707,1591688,1578975
1722207663,2977,Comp493273,Comp678020,6,Port12132,80,11298,3951,13772262,5472135
1722207847,7952,Comp458510,Comp826274,6,Port24362,3389,1315,7031,1843630,7720038
1722208210,4003,Comp329480,Comp627014,6,Port5653,587,1723,2285,289464,2387825
1722208347,12453,Comp356695,Comp187068,6,Port39045,143,1984,11787,771776,3158916
1722208424,5133,Comp912181,Comp782474,6,Port34060,143,657,5929,299592,7476469
1722208760,5390,Comp304009,Comp405733,6,Port18590,22,10619,6444,15790453,5702940
1722209374,3126,Comp144583,Comp187068,6,Port41542,80,546,2339,516516,3382194
1722209998,15544,Comp567603,Comp588967,17,Port10348,161,3373,3692,4830136,2252120
1722210408,3912,Comp431255,Comp150536,17,Port1693,67,9916,8834,3976316,9390542
1722211869,15635,Comp255630,Comp431255,6,Port31787,445,11943,7591,1648134,5624931
1722211933,16495,Comp955337,Comp255630,6,Port11440,25,1837,2697,1363054,2136024
1722212020,17353,Comp228954,Comp668118,17,Port56243,138,4322,5298,5324704,1033110
1722212609,6178,Comp224037,Comp111156,6,Port20541,993,2148,2225,2710776,1644275
1722212804,11788,Comp562571,Comp477748,6,Port28685,110,2310,4890,1683990,1383870
1722213527,14895,Comp827253,Comp627014,6,Port20005,53,11329,2602,4905457,2937658
1722213882,1410,Comp131751,Comp588967,17,Port28996,1900,4051,11755,437508,12624870
1722214062,1159,Comp424132,Comp794320,6,Port7290,3389,7339,3570,4961164,4665990
1722214302,3725,Comp922028,Comp304009,6,Port61268,995,1881,5685,1546182,4047720
1722214466,17672,Comp962233,Comp884824,6,Port12174,22,3425,7701,226050,9633951
1722215159,1619,Comp922028,Comp962233,6,Port26541,995,4332,492,6082128,658788
1722216367,13766,Comp356695,Comp946215,6,Port55669,443,7037,2515,7557738,1908885
1722217238,15100,Comp304009,Comp584383,6,Port28537,995,10800,11867,5583600,16874874
1722217392,16320,Comp130485,Comp516294,6,Port46219,445,2917,8362,1627686,9775178
1722217434,9517,Comp922028,Comp349447,6,Port5435,587,7741,2903,4342701,1344089
1722217824,9466,Comp122535,Comp794320,6,Port20125,443,5931,5162,7680645,3794070
1722217898,13363,Comp593922,Comp606940,6,Port50044,587,9541,10289,10456936,1924043
1722217906,11422,Comp396858,Comp122535,17,Port18016,53,4016,2364,678704,1420764
1722219345,14159,Comp723487,Comp588967,6,Port27728,443,5084,3586,2475908,2029676
1722219813,6495,Comp114833,FileServer,6,Port6197,25,7471,2880,8830722,1365120
1722220172,16804,Comp664505,Comp198162,6,Port33574,25,5316,7978,2976960,4459702
1722220341,7777,Comp638936,Comp198162,6,Port23532,110,9105,6328,11180940,753032
1722220344,4467,Comp584383,Comp714275,17,Port56530,1900,167,6007,130260,4216914
1722220982,13513,Comp477748,Comp802471,6,Port26704,995,4182,4543,4905486,1512819
1722222826,11176,Comp144583,Comp731825,17,Port54387,138,2094,3935,1696140,1471690
1722223030,900,Comp567603,Comp127895,17,Port59354,161,1727,6164,1920424,6811220
1722223149,2995,Comp127895,Comp627014,6,Port55150,22,640,9588,428160,12809568
1722224260,658,Comp387691,Comp141961,6,Port48963,143,4269,9750,1652103,2827500
1722224614,10367,Comp364557,Comp795264,6,Port38695,143,2611,9414,3464797,8086626
1722224691,15748,Comp595110,Comp437739,6,Port31935,443,9098,549,5895504,743895
1722225485,5807,Comp393198,Comp731825,6,Port6267,22,6025,5882,319325,5452614
1722226440,1981,Comp364557,Comp458510,6,Port9723,993,9445,4723,5695335,727342
1722226483,15323,Comp257122,Comp349447,6,Port25551,25,10624,11222,6788736,13140962
1722227903,12978,Comp349447,Comp111156,6,Port43354,443,9426,4985,3685566,568290
1722227982,9813,Comp547568,Comp834256,6,Port1344,443,5051,2961,6672371,2783340
1722228675,3592,Comp668118,Comp860515,6,Port61408,995,11694,3011,8852358,2234162
1722229043,12099,Comp257122,Comp477748,6,Port65067,3389,4623,2337,2681340,1892970
1722229850,6592,Comp794320,Comp721407,6,Port6058,995,9897,5302,10471026,1935230
1722230016,4412,Comp384614,Comp794320,17,Port7242,161,2072,3169,2018128,4227446
1722230045,5284,Comp593707,Comp638936,6,Port55769,110,11622,6799,8577036,1291810
1722230304,1107,Comp943258,Comp255630,6,Port13917,445,3639,2770,5323857,3900160
1722230597,8826,Comp431255,Comp627014,17,Port12643,1900,7521,7019,10995702,891413
1722230753,13555,Comp490789,Comp147986,17,Port13101,53,4247,7387,3121545,3567921
1722230983,14880,Comp692997,Comp517345,6,Port46265,143,408660,8037,207190959,5614105
1722231196,13033,Comp141961,Comp187068,6,Port9580,143,3953,10590,454595,8397870
1722231626,15759,Comp118871,Comp663497,6,Port12884,25,7298,921,5006428,384978
1722231989,17344,Comp714275,Comp118871,6,Port26678,53,1342,635,917928,292100
1722232229,3997,Comp517345,Comp231236,6,Port39732,993,2374,5520,1493246,4697520
1722233822,7803,Comp654038,Comp952578,6,Port64898,3389,11038,6192,13985146,439632
1722233991,6078,Comp714275,Comp588967,6,Port16353,445,1024,9091,913408,2327296
1722235723,12325,Comp439536,Comp638936,6,Port17466,110,8668,2722,6301636,1679474
1722235727,15064,Comp304009,Comp692997,6,Port35970,22,3616,5460,2422720,409500
1722236029,16018,Comp827253,Comp122535,6,Port27972,22,3832,7335,3613576,1217610
1722236285,1614,Comp516294,Comp675254,6,Port39741,587,4353,7877,1584492,622283
1722236938,9267,Comp606940,Comp549343,6,Port16924,445,4592,6516,1832208,8034228
1722237566,2105,Comp393198,Comp972911,6,Port40925,443,8506,7085,6804800,1445340
1722237603,5938,Comp946215,Comp802471,6,Port60728,53,9655,1968,4875775,608112
1722238045,8632,Comp731825,Comp329842,6,Port45072,22,4357,5576,4452854,6702352
1722239406,11158,Comp920919,Comp731825,6,Port48446,587,2058,6498,2790648,4360158
1722239768,14222,Comp122535,Comp458510,6,Port5477,445,38,947,21394,657218
1722239842,17901,Comp424132,Comp130485,17,Port59232,500,8695,11624,7677685,11600752
1722240302,6048,Comp127895,Comp556450,6,Port46400,587,11003,7598,4984359,7218100
1722241356,10070,Comp952578,Comp309437,6,Port41481,995,411,8613,492378,5538159
1722241478,1250,Comp679356,Comp293600,6,Port10997,443,7073,6414,2525061,8447238
1722241757,2008,Comp549343,Comp278057,6,Port36747,80,2620,11168,2101240,4154496
1722242339,17421,Comp549343,Comp966362,6,Port44700,22,2529,68,1439001,23800
1722243263,16890,Comp147986,Comp329480,6,Port41249,993,9941,11497,11491796,9094127
1722243564,16900,Comp362609,Comp329480,17,Port9025,500,3028,2482,1199088,3256384
1722245046,4708,Comp593707,Comp579118,6,Port3675,110,3646,10614,1214118,14318286
1722245557,11734,Comp912181,Comp144583,6,Port31952,22,1490,736,1719460,830208
1722246250,4123,Comp349447,Comp141961,6,Port47295,993,10848,3754,9253344,168930
1722246749,12274,Comp692997,Comp549343,6,Port25975,3389,10878,6842,10573416,7553568
1722247710,8723,Comp723487,Comp962233,6,Port45381,143,10958,7891,13138642,2201589
1722248030,16806,Comp131751,Comp130485,6,Port63429,80,2763,181,1265454,237291
1722248049,6727,Comp731825,Comp972911,6,Port58406,445,2253,4306,883176,882730
1722248361,11589,Comp922028,Comp405733,6,Port41718,995,11287,10109,16795056,2254307
1722248535,11866,Comp654038,Comp385395,17,Port48002,1900,7355,2197,1485710,1740024
1722249179,14191,Comp246872,Comp714275,6,Port6714,22,3172,11369,3114904,9424901
1722250468,937,Comp846141,WebServer,17,Port6521,53,561,8523,340527,4559805
1722251205,8343,Comp439536,Comp385395,6,Port46239,25,9591,11706,2378568,8720970
1722252587,8140,Comp329842,Comp127895,17,Port52699,123,9626,10839,13774806,11738637
1722253385,4104,Comp547568,Comp892394,6,Port13548,143,1157864,2719,834820323,1257851
1722253471,14485,Comp356695,Comp490789,6,Port39241,443,5739,11293,2088996,12185147
1722257958,14985,Comp396858,Comp364557,6,Port19484,993,5799,5941,6610860,2299167
1722258051,1469,Comp318192,Comp668118,6,Port8026,25,5569,3101,6460040,2654456
1722258250,12319,Comp517345,Comp255630,6,Port25438,3389,4431,10694,3411870,2406150
1722258250,15508,Comp692997,Comp385395,6,Port29910,80,3940,5646,5657840,2224524
1722258692,5212,Comp584383,Comp516294,6,Port51099,443,4015,8248,1525700,12050328
1722260494,11378,Comp593922,Comp356695,6,Port56796,53,11043,7320,1612278,746640
1722261108,11219,Comp972911,Comp954988,6,Port61928,110,11905,3584,14559815,2576896
1722261602,335,Comp144583,Comp147986,6,Port7763,993,1342,11795,752862,8952405
1722261909,14696,Comp943258,Comp309437,17,Port60654,53,8650,10007,1911650,3782646
1722262016,13503,Comp387691,Comp827253,6,Port34427,143,6882,6350,10006428,717550
1722262450,4866,Comp654038,Comp324834,6,Port12035,445,3070,6887,1995500,1563349
1722262587,5653,Comp923139,Comp663497,6,Port42786,443,2232,835,2908296,923510
1722262782,13826,Comp431255,Comp679356,17,Port4921,1900,9029,8759,11132757,7935654
1722262949,14430,Comp912181,Comp517345,6,Port30805,110,4376,10917,2113608,9323118
1722265118,1303,Comp946215,Comp995267,6,Port54474,995,964196,11632,796426183,16560321
1722266222,6461,Comp654763,Comp431255,17,Port63681,161,11629,6719,8431025,5603646
1722266235,11249,Comp490789,Comp493273,6,Port19617,143,11111,11970,10655449,3674790
1722266274,2289,Comp255630,Comp490789,17,Port12284,500,5024,9579,2300992,4741605
1722266864,17980,Comp654763,Comp318192,6,Port38623,993,5117,6057,260967,8661510
1722266898,3764,Comp278057,Comp573916,6,Port11173,993,5046,9604,1604628,6655572
1722268012,15594,Comp362609,Comp675254,6,Port64157,995,2288,1879,1203488,154078
1722268013,1161,Comp593922,Comp328683,17,Port22169,1900,1267,8108,1061746,7353956
1722268218,15761,Comp224037,Comp846141,17,Port13050,137,3274,7434,4207090,2319408
1722268278,722,Comp852902,Comp255630,6,Port16384,110,4643,5918,1383614,278146
1722269397,12246,Comp846141,Comp721407,6,Port25206,143,1862,7726,2035166,7872794
1722271284,6486,Comp100000,Comp224037,6,Port48868,22,426,10225,483084,9856900
1722272349,8301,Comp898521,Comp852902,6,Port56994,995,11166,6865,13656018,2443940
1722272434,1956,Comp396858,Comp658094,6,Port48529,995,10531,4548,12942599,5098308
1722275088,12190,Comp962233,Comp328683,6,Port42955,143,3671,5064,480901,1544520
1722275607,11203,Comp922028,Comp314473,6,Port18451,993,7374,6819,2632518,5264268
1722276114,5782,Comp579118,Comp692997,6,Port61507,443,1715,6978,2423295,5945256
1722276158,8499,Comp111156,Comp364557,17,Port65517,137,11121,3762,10709523,767448
1722276723,9950,Comp664505,Comp198162,6,Port41777,995,9754,6408,3647996,6766848
1722277755,12384,Comp943258,Comp424132,6,Port51541,25,2112,3450,3155328,2673750
1722278362,9714,Comp493273,Comp207492,6,Port20607,53,2559,11336,1343475,7572448
1722278423,1063,Comp574773,Comp846141,6,Port29877,143,3994,6414,1841234,7158024
1722278546,9787,Comp516294,Comp920919,6,Port52963,995,777715,10051,763716992,15110236
1722278886,6275,Comp721407,Comp966362,6,Port28389,445,4163,4553,6003046,3460280
1722279053,7416,Comp918279,Comp493273,6,Port50005,110,8021,4724,5077293,5810520
1722279435,6674,Comp922028,FileServer,6,Port56495,22,8714,3461,8557148,401476
1722280948,6351,Comp439536,Comp349447,17,Port61253,1900,967963,6850,831480449,15525820
1722281945,4252,Comp114833,Comp356695,6,Port19837,80,4224,7395,1558656,3298170
1722282479,5947,Comp966362,Comp782474,6,Port31742,80,9989,6792,8450694,5997336
1722282824,12822,Comp517345,Comp198162,6,Port25913,3389,10447,10043,1264087,9560936
1722283269,4045,Comp679356,Comp144583,6,Port33463,443,6752,6128,8804608,7543568
1722283645,13661,Comp127895,Comp387691,6,Port48938,25,8824,9852,11021176,8413608
1722284033,7894,Comp547568,Comp692997,6,Port21914,22,2962,696,790854,42456
1722284092,10989,Comp723487,Comp892394,17,Port16054,123,166395,4320,168724771,17647593
1722284768,2120,Comp431255,Comp922028,6,Port18362,22,5683,8551,1034306,6712535
1722284971,3732,Comp664505,Comp255630,6,Port50445,143,8300,4601,1386100,1003018
1722285191,16228,Comp802471,Mail,6,Port65312,110,3149,8775,3032487,1991925
1722286597,14958,Comp558739,Comp946215,6,Port7676,995,2075,7102,2496225,610772
1722288283,1255,Comp556450,Comp744581,6,Port64068,110,6394,5810,8139562,2109030
1722288634,16262,Comp255630,Comp235883,6,Port3097,80,6270,6694,3285480,2878420
1722290109,15073,Comp658094,Comp405733,6,Port35192,445,6860,10818,9514820,15415650
1722290323,2468,Comp224037,Comp458510,6,Port9655,445,9696,8142,8018592,9982092
1722290463,4343,Comp995267,Comp231236,6,Port62638,22,9260,11807,5768980,531315
1722291705,3197,Comp846141,FileServer,6,Port50176,445,3622,1149,1966746,611268
1722291768,15358,Comp946215,Comp224037,6,Port24000,53,5593,9754,6219416,4759952
1722293528,15367,Comp255630,Comp547568,17,Port45305,67,1024,10695,594944,7454415
1722294161,12965,Comp995267,Comp847313,6,Port55858,53,9439,11134,5757790,2950510
1722295747,4504,Comp794320,Comp846125,6,Port15054,3389,1625,6469,984750,2788139
1722297279,16577,Comp794320,Comp664505,17,Port41980,137,831,5850,419655,5101200
1722297379,15253,Comp827253,Comp547568,6,Port20355,3389,6243,7004,3870660,5589192
1722297556,15664,Comp329842,Comp437739,6,Port47283,53,11056,10970,829200,13953840
1722297754,6479,Comp278057,Comp516294,6,Port37635,143,4516,10401,5943056,14457390
1722297957,12619,Comp885616,Comp638936,6,Port47356,25,2226,11220,901530,6844200
1722300016,12157,Comp658094,Comp304009,6,Port42100,995,2212,11628,1532916,14302440
1722300126,2731,Comp892394,Comp362609,6,Port42042,445,10039,7482,2891232,9442284
1722300584,10489,Comp396858,Comp802471,6,Port6481,22,7926,3108,6523098,1693860
1722301410,9883,Comp207492,Comp658094,6,Port56009,587,5936,1808,2564352,1233056
1722301667,10524,Comp477748,Comp147986,6,Port12088,995,11128,10771,3193736,10286305
1722301770,6117,Comp846141,Comp606940,17,Port26313,137,1257,1827,579477,2497509
1722301848,12046,Comp150536,Comp224037,6,Port33990,993,7396,844,10058560,987480
1722302506,15944,Comp396858,Comp946215,6,Port55806,80,4318,5667,5587492,7231092
1722302643,10883,Comp130485,Comp111156,6,Port41617,143,2802,8918,3342786,10683764
1722303561,15700,Comp826274,Comp898521,6,Port12856,995,11020,8826,3702720,2656626
1722304590,13889,Comp384614,Comp385395,6,Port19498,445,11481,3049,11343228,1073248
1722305043,5653,Comp224037,FileServer,6,Port13923,445,10016,6016,12379776,8013312
1722305989,13247,Comp574773,Comp884824,6,Port39148,993,1782,10732,1760616,7448008
1722306308,12090,Comp573916,Comp493273,17,Port47301,138,8668,9598,11216392,3080958
1722306618,16987,Comp309437,Comp549343,6,Port46766,25,4302,11000,1432566,5225000
1722306930,6089,Comp573916,Comp782474,17,Port49416,137,4558,9237,3268086,6973935
1722307564,2948,Comp972911,Comp111156,6,Port46301,443,2325,1093,1213650,930143
1722308934,12207,Comp574773,Comp549343,6,Port59233,53,7065,2443,7750305,796418
1722309143,11380,Comp860515,Comp584383,17,Port59509,1900,10287,2028,2324862,825396
1722311227,11050,Comp593922,Comp100000,17,Port18744,500,2786,1593,1406930,962172
1722311502,13317,Comp314473,Comp658094,6,Port20661,445,6451,10301,6870315,3625952
1722311761,9197,Comp364557,Comp714275,6,Port4641,53,7774,8470,505310,12518660
1722311834,544,Comp723487,Comp827253,17,Port18268,67,7566,10964,3124758,756516
1722312949,15811,Comp147986,Comp834256,6,Port33762,587,3132,3844,3370032,4447508
1722313328,4993,Comp943258,Comp588967,6,Port43520,53,347,11757,134983,5490519
1722313467,4429,Comp723487,Comp627014,6,Port57493,80,9948,11176,9201900,9477248
1722314736,14653,Comp393198,Comp150536,6,Port39341,3389,7159,1272,4467216,622008
1722314792,14354,Comp257122,Comp692997,6,Port63695,25,8454,10422,6027702,14642910
1722314969,9098,Comp678020,Comp405733,6,Port36709,443,6383,1329,3587246,1940340
1722315813,12411,Comp606940,Comp349447,6,Port56364,22,4633,5414,6263816,3058910
1722316075,1453,Comp549343,Comp679356,6,Port53156,587,3021,2169,3298932,175689
1722316582,5063,Comp309437,Comp235883,6,Port32632,25,7914,6966,8713314,2034072
1722318009,4372,Comp714275,Comp663497,6,Port57306,443,9978,212,11923710,230020
1722318573,7590,Comp943258,Comp606940,6,Port56722,143,3902,10165,2579222,12706250
1722319031,6430,Comp549343,Comp141961,6,Port21178,587,289,5716,54910,560168
1722319136,1243,Comp952578,Comp150536,6,Port14827,22,1868,10456,218556,595992
1722321147,12395,Comp954988,Comp549343,17,Port8858,1900,6950,5200,5163850,3936400
1722321485,10756,Comp892394,Comp638936,6,Port60450,443,2822,6683,3722218,8113162
1722322748,6828,Comp898521,Comp892394,6,Port29551,53,9771,8856,7279395,10264104
1722322848,15982,Comp627014,Comp714275,6,Port37592,80,3260,11662,4815020,828002
1722324256,6494,Comp654763,Comp122535,6,Port18656,587,5926,4491,4764504,6660153
1722324389,2121,Comp384614,Comp278057,6,Port26142,443,2720,6251,2627520,2844205
1722325005,15265,Comp675254,Comp439536,6,Port26992,443,5455,3893,834615,1455982
1722325015,2376,Comp424132,Comp654763,6,Port38546,3389,8140,493,9450540,275587
1722325110,1284,Comp328683,Comp278057,6,Port12320,110,9549,10476,12767013,11984544
1722325807,8542,Comp962233,Comp309437,6,Port51601,995,8876,6752,6905528,3409760
1722325996,10424,Comp638936,Comp884824,6,Port26230,3389,6088,4468,8279680,4396512
1722326472,5062,Comp328683,Comp131751,6,Port16514,443,5486,9324,2112110,3682980
1722327077,15104,Comp668118,Comp224037,6,Port1969,53,3907,9824,2945878,2082688
1722327843,4985,Comp100000,Comp962233,6,Port7596,143,11853,11819,16250463,2328343
1722327927,17345,Comp923139,Comp477748,6,Port18390,22,8801,5241,8105721,3569121
1722328298,11496,Comp147986,Comp141961,6,Port48319,587,10692,1264,11162448,55616
1722328566,3322,Comp955337,Comp847313,6,Port56170,80,8876,5823,5574128,4984488
1722328588,7385,Comp437739,Comp349447,6,Port62469,3389,1045,5286,877800,6189906
1722330004,1367,Comp349447,Comp846125,6,Port20238,445,3183,2489,1852506,2145518
1722330309,15203,Comp517345,Comp293600,6,Port42116,143,5525,7039,5718375,4976573
1722331320,11662,Comp141961,Comp396858,6,Port18328,53,3777,4969,457017,1431072
1722333036,7720,Comp675254,Comp278057,6,Port10222,25,10901,10577,8579087,2919252
1722333520,12223,Comp922028,Comp663497,6,Port36049,587,5902,572,8245094,119548
1722334411,11075,Comp309437,Comp692997,6,Port42530,993,2643,8590,330375,1365810
1722334866,10797,Comp826274,Comp675254,6,Port50106,80,7175,7223,5008150,6219003
1722336077,7162,Comp846125,Comp952578,17,Port8548,1900,4541,2774,4559164,1237204
1722337055,6327,Comp723487,Comp111156,17,Port49214,68,1535,4229,250205,4254374
1722339366,4609,Comp111156,Comp627014,6,Port20604,993,11363,10312,534061,5743784
1722339419,14158,Comp954988,Comp744581,6,Port18980,443,11345,4369,3187945,2228190
1722339545,8484,Comp962233,Comp593922,6,Port3062,25,9312,7970,3361632,5682610
1722339676,8439,Comp664505,Comp329480,6,Port14211,25,3770,6150,4983940,3499350
1722339687,12968,Comp827253,Comp972911,17,Port32473,500,9988,10741,2666796,2008567
1722340027,9558,Comp499855,Comp885616,6,Port13226,993,3459,7926,3372525,610302
1722340297,17150,Comp278057,Comp439536,6,Port21755,993,10553,10012,5656408,14717640
1722340547,4332,Comp658094,Comp846141,6,Port35221,110,10610,10843,8710810,2125228
1722341425,759,Comp393198,Comp920919,6,Port7315,587,2054,1551,2805764,670032
1722341599,7584,Comp721407,Comp912181,17,Port57478,67,3779,10004,4886247,6322528
1722342898,9573,Comp898521,Comp362609,6,Port20959,443,8391,11525,1308996,7883100
1722342919,14782,Comp547568,Comp731825,6,Port50003,80,2809,434,477530,492156
1722343098,11447,Comp304009,Comp668118,6,Port42800,993,9633,5451,5404113,5859825
1722347139,16906,Comp187068,Comp324834,17,Port49493,53,8148,3058,9940560,2828650
1722347148,1543,Comp293600,Comp100000,6,Port19673,995,2718,11790,3120264,5800680
1722347812,9672,Comp593922,Comp654038,6,Port12126,443,9309,4223,8769078,6043113
1722348098,14925,Comp336148,Comp387691,6,Port10253,143,521,2244,677300,359040
1722348614,9039,Comp834256,Comp860515,17,Port15824,68,4608,1147,1410048,565471
1722348628,4967,Comp100000,Comp827253,6,Port36169,3389,2141,9519,2385074,5606691
1722349635,13834,Comp782474,Comp405733,6,Port41298,143,1,705,1455,387750
1722351167,15748,Comp834256,Comp384614,6,Port49616,110,8897,3658,12891753,3098326
1722351212,4664,Comp606940,Comp744581,6,Port63202,445,1833,6652,1975974,758328
1722352511,9947,Comp127895,Comp654038,6,Port54578,53,8331,537,8797536,680916
1722353062,14485,Comp100000,Comp584383,6,Port24052,110,906,2097,331596,572481
1722355041,2738,Comp658094,Comp147986,6,Port31479,995,10700,11928,12058900,6882456
1722355112,198,Comp517345,Comp972911,6,Port62628,995,11733,5494,4704933,4878672
1722355155,13306,Comp803281,Comp562571,17,Port46896,138,3804,3642,2495424,4872996
1722356295,13539,Comp516294,Comp490789,17,Port27908,138,5834,10437,1225140,8913198
1722357247,2830,Comp584383,Comp439536,6,Port54783,995,7461,966,3581280,808542
1722357259,10745,Comp396858,Comp439536,6,Port9808,53,7077,3170,1061550,1268000
1722357559,12967,Comp424132,Comp547568,6,Port44433,22,322,10325,229908,11223275
1722358192,17331,Comp579118,Comp547568,17,Port62230,137,11750,9034,1703750,7742138
1722358195,14547,Comp826274,Comp314473,6,Port35039,25,11221,5184,13027581,435456
1722358440,3958,Comp458510,Comp309437,6,Port40577,995,5841,11769,5823477,7673388
1722358919,10359,Comp278057,Comp405733,17,Port4890,500,6654,6917,6580806,9317199
1722359567,13197,Comp847313,Comp627014,6,Port40046,80,2040,8944,2174640,11555648
1722360374,4880,Comp131751,Comp364557,6,Port19734,445,8980,11818,10470680,4148118
1722362884,2931,Comp278057,Comp393198,6,Port65180,445,6175,6051,6335550,6783171
1722363515,7872,Comp235883,Comp714275,6,Port21655,993,3406,5768,3256136,2970520
1722363568,12951,Comp207492,Comp228954,6,Port21275,3389,3686,7963,1127916,9165413
1722365061,9504,Comp679356,Comp144583,6,Port26506,110,984,805,1092240,647220
1722365067,10880,Comp198162,Comp562571,6,Port45992,53,9466,5143,7108966,2612644
1722365414,11984,Comp558739,Comp567603,17,Port62367,137,754,8294,201318,11951654
1722365645,17199,Comp962233,Comp309437,6,Port23362,995,6762,4547,5010642,1782424
1722366894,11411,Comp328683,Comp721407,6,Port14498,110,9776,8527,5005312,4638688
1722367041,2429,Comp318192,Comp573916,6,Port50344,995,629,4839,207570,6784278
1722367235,7208,Comp130485,Comp593922,17,Port35960,68,1824,2330,1566816,841130
1722367607,3058,Comp499855,Comp584383,6,Port30358,993,9148,1755,12313208,575640
1722368351,13647,Comp993209,Comp912181,6,Port64969,445,9888,6544,632832,9436448
1722369537,17949,Comp782474,Comp549343,17,Port32996,67,975,2322,230100,1729890
1722370096,13885,Comp318192,Comp663497,6,Port40943,445,3183,4430,4363893,5404600
1722372371,4427,Comp393198,Comp892394,6,Port64341,80,7276,6239,7625248,1054391
1722372454,12534,Comp187068,Comp100000,6,Port14501,443,6495,599,2526555,603792
1722372780,381,Comp439536,Comp721407,6,Port59261,22,6201,5044,3590379,963404
1722373575,4899,Comp424132,Comp668118,6,Port62967,143,3143,3739,531167,2385482
1722373610,5460,Comp246872,Comp723487,6,Port31389,995,6468,3767,8220828,1265712
1722373652,8449,Comp228954,Comp144583,6,Port22718,445,601,10914,606409,7126842
1722374302,5769,Comp141961,Comp574773,17,Port11502,1900,10472,11098,3958416,6780878
1722375174,7790,Comp431255,Comp549343,6,Port4112,80,6507,3602,2095254,5140054
1722376227,179,Comp547568,Comp246872,6,Port64509,143,4472,10571,4691128,10644997
1722376471,14702,Comp100000,Comp721407,6,Port28852,110,4406,2676,3789160,374640
1722377739,7119,Comp723487,Comp118871,6,Port44114,25,4439,4162,5029387,3125662
1722377889,14547,Comp396858,Comp304009,6,Port16549,445,5221,11290,2104063,12927050
1722378554,1041,Comp782474,Comp826274,6,Port21904,110,2314,1219,3450174,925221
1722379093,15589,Comp898521,Comp439536,6,Port53850,110,7219,4587,2035758,4206279
1722379115,11275,Comp356695,Comp111156,6,Port43367,445,2205,9660,661500,7612080
1722379150,4161,Comp588967,Comp431255,6,Port15213,22,3764,11286,4189332,16398558
1722380333,13547,Comp516294,Comp224037,6,Port1376,3389,10450,11382,9028800,11370618
1722380601,13472,Comp228954,Comp396858,6,Port53914,53,6766,10562,4106962,9030510
1722381087,13075,Comp922028,Comp150536,6,Port6190,587,10836,11573,12082140,16375795
1722381441,15667,Comp943990,Comp955337,6,Port3357,993,7893,5645,6930054,2534605
1722381513,17171,Comp826274,BackupServer,6,Port20395,25,9401,3877,5903828,4423657
1722381589,2997,Comp127895,Comp898521,6,Port60965,53,1075,4619,381625,5441182
1722381869,5082,Comp803281,Comp675254,6,Port42604,110,6052,1447,6578524,839260
1722381892,719,Comp127895,Comp946215,6,Port3745,993,4201,1652,3554046,2443308
1722382684,1200,Comp663497,Comp405733,17,Port60186,161,206,11684,277070,5503164
1722382866,1900,Comp955337,Comp627014,6,Port61571,143,1080,2287,706320,3119468
1722384404,12456,Comp846125,Comp595110,6,Port45975,995,2278,7395,972706,495465
1722384945,10912,Comp826274,Comp231236,17,Port5777,138,84,2789,9576,1310830
1722385588,627,Comp846141,Comp198162,6,Port1945,995,5248,7968,2282880,3864480
1722385824,7590,Comp826274,Comp954988,6,Port57316,993,615,5644,676500,3075980
1722386365,1989,Comp860515,Comp114833,6,Port54090,53,9894,1261,4531452,853697
1722387118,3511,Comp847313,Comp246872,6,Port54654,110,7106,4465,6011676,5099030
1722387123,1001,Comp127895,Comp405733,6,Port32418,22,11556,8768,4079268,5848256
1722387155,9509,Comp228954,Comp318192,6,Port39371,53,1012,9604,1409716,8768452
1722387380,1463,Comp584383,Comp574773,6,Port12197,22,960,3474,1301760,719118
1722388068,14139,Comp198162,Comp349447,6,Port3345,25,10422,3560,12704418,199360
1722388108,16777,Comp860515,Comp439536,6,Port15290,22,4705,8755,5222550,5384325
1722388848,15404,Comp884824,Comp954988,17,Port41095,1900,9113,5094,7955649,1258218
1722389007,14825,Comp309437,Comp278057,6,Port26958,110,2279,841,118508,167359
1722389070,13531,Comp834256,Comp668118,6,Port40882,143,106,1472,10812,241408
1722389113,16393,Comp396858,Comp437739,6,Port29455,993,5974,4484,4104138,1963992
1722389441,15939,Comp362609,Comp567603,6,Port36969,993,6879,3254,7821423,976200
1722389558,3892,Comp516294,Comp477748,17,Port62399,123,1337,1426,306173,357926
1722390750,10875,Comp803281,Comp318192,6,Port41764,143,503957,9396,649097537,11705147
1722391192,5509,Comp309437,Comp803281,6,Port62569,445,2545,5507,3646985,2263377
1722392160,15067,Comp516294,Comp678020,6,Port63478,110,1311,8485,1650549,12320220
1722392748,189,Comp923139,Comp118871,6,Port40869,143,11954,23,10101130,22379
1722393200,7509,Comp892394,Comp692997,6,Port65246,80,11859,4826,10471497,4956302
1722393315,6823,Comp579118,Comp885616,6,Port17088,53,191,5736,25021,5971176
1722393353,15344,Comp827253,Comp231236,6,Port34602,53,5484,6929,230328,824551
1722393676,5302,Comp111156,Comp943990,6,Port5839,445,4614,11617,2311614,8828920
1722394446,16124,Comp920919,Comp364557,6,Port6946,993,327,5500,401883,5093000
1722394682,8934,Comp424132,Comp147986,17,Port9567,138,7999,5871,383952,8278110
1722394749,12355,Comp562571,Comp579118,6,Port9666,25,10203,10742,12304818,7272334
1722395438,9553,Comp912181,Comp920919,6,Port27487,445,7335,4781,3044025,2098859
1722395595,7759,Comp627014,Comp923139,17,Port47495,68,11008,4736,2036480,5399040
1722396826,5475,Comp952578,Comp144583,6,Port64627,443,7649,1917,1369171,592353
1722396930,5070,Comp309437,Comp257122,6,Port64372,22,6581,8665,6831078,11524450
1722397103,11525,Comp385395,Comp827253,6,Port12550,445,11374,233,1194270,130480
1722397190,5853,Comp606940,Comp477748,17,Port29154,137,8471,2622,6844568,353970
1722397448,15555,Comp304009,Comp356695,6,Port28853,995,9175,5017,12881700,2779418
1722397502,2383,Comp993209,Comp516294,6,Port7348,22,9361,5209,8434261,7657230
1722397911,3878,Comp224037,Comp993209,17,Port3585,137,382,462,201696,310002
1722399283,849,Comp228954,Comp122535,6,Port23799,993,330669,6351,239404885,154357
1722399379,15545,Comp579118,Comp499855,6,Port56281,22,8982,11663,1311372,6811192
1722399718,7460,Comp714275,Comp517345,6,Port25861,53,5934,1255,2397336,1391795
1722401416,633,Comp122535,Comp898521,6,Port25758,22,6773,5923,1964170,704837
1722401695,768,Comp654763,Comp328683,17,Port65316,53,9992,7049,589528,9572542
1722401723,16525,Comp141961,Comp658094,17,Port25371,161,1703,3888,2440399,4428432
1722401929,15850,Comp584383,Comp654763,6,Port45316,995,6328,6895,2176832,7839615
1722402174,4984,Comp860515,Comp100000,6,Port64334,25,9247,4089,1359309,4657371
1722402186,11699,Comp664505,Comp122535,6,Port8627,445,3114,1905,4284864,495300
1722402951,4545,Comp431255,Comp954988,6,Port33971,993,3165,10084,4570260,12201640
1722403977,15186,Comp329842,Comp884824,6,Port22769,53,49,11983,17052,4110169
1722404086,12877,Comp198162,Comp329480,6,Port8684,80,3748,4631,2346248,1222584
1722404092,8000,Comp318192,Comp918279,6,Port4156,993,4303,1109,4406272,110900
1722404242,16714,Comp144583,BackupServer,6,Port42816,25,11429,1962,7577427,488538
1722404516,4031,Comp714275,Comp405733,6,Port43154,143,991,10743,1181272,2481633
1722404845,17942,Comp593707,Comp231236,6,Port37276,80,7756,10569,3125668,14056770
1722405055,5225,Comp424132,Comp654763,17,Port44423,123,760,5898,932520,760842
1722405299,15996,Comp127895,Comp943990,6,Port47402,143,9593,10456,8202015,10299160
1722405425,15385,Comp458510,BackupServer,6,Port4733,143,5631,2672,309705,315296
1722406739,10129,Comp846125,Comp946215,6,Port3219,110,5110,4804,4834060,6932172
1722407305,2194,Comp336148,Comp946215,6,Port22669,993,11324,1353,600172,1163580
1722408389,13520,Comp692997,Comp920919,6,Port37700,25,8988,6538,11459700,5171558
1722408595,12569,Comp962233,Comp278057,6,Port59267,143,1267,8393,1878961,1267343
1722408848,15574,Comp955337,Comp385395,6,Port64235,53,3195,11539,846675,15081473
1722409452,4063,Comp664505,Comp235883,6,Port54363,993,3285,9053,2660850,5974980
1722409520,4308,Comp794320,Comp952578,6,Port19815,443,7316,7978,3884796,1946632
1722409606,6357,Comp723487,Comp664505,6,Port38067,587,9961,8081,1324813,8695156
1722409695,6639,Comp714633,Comp549343,6,Port8510,25,7652,7548,7873908,10703064
1722410005,55,Comp593707,Comp827253,6,Port32288,143,4822,5038,380938,312356
1722410385,2764,Comp955337,Comp574773,6,Port7397,22,8958,6000,671850,2004000
1722410436,8624,Comp364557,Comp547568,6,Port65074,80,9105,2070,11135415,2012040
1722410568,17406,Comp972911,Comp362609,17,Port30123,138,967,240,437084,31200
1722410833,2311,Comp954988,BackupServer,6,Port47614,587,6508,9474,8857388,10847730
1722411556,4340,Comp458510,Comp885616,6,Port7737,22,8529,5952,7735803,5535360
1722412334,15473,Comp860515,Comp663497,6,Port62480,110,7247,10454,5833835,8603642
1722413044,706,Comp918279,Comp627014,6,Port34832,995,2939,1461,1872143,756798
1722413389,1760,Comp556450,Comp993209,6,Port5642,53,1934,4702,1125588,3451268
1722413764,16017,Comp955337,Comp246872,17,Port24800,137,3491,3088,1284688,494080
1722413848,4507,Comp336148,Comp593922,6,Port14710,80,4228,10094,4502820,11174058
1722414114,5543,Comp329842,Comp731825,6,Port5471,143,11058,4522,10217592,4232592
1722414173,267,Comp393198,Comp224037,6,Port3031,995,7461,7627,537192,6200751
1722414349,7314,Comp962233,Comp304009,6,Port46978,587,10029,1011,5134848,1196013
1722414418,17871,Comp802471,Comp235883,17,Port57015,53,322,6323,435344,4950909
1722414615,17738,Comp588967,Comp744581,17,Port43604,1900,9407,5296,7139913,3325888
1722415075,11546,Comp834256,Comp826274,6,Port45810,53,2260,7327,933380,8865670
1722415235,12152,Comp278057,Comp952578,6,Port3431,143,6789,7023,2545875,9860292
1722415599,11584,Comp955337,Comp235883,6,Port12484,25,4638,1293,1474884,1631766
1722417764,12509,Comp228954,Comp122535,6,Port3237,995,10365,600,13443405,471600
1722418055,9339,Comp111156,Comp952578,6,Port63870,22,8095,1504,3990835,867808
1722418078,3704,Comp336148,Comp588967,17,Port48620,123,320309,2612,286036680,16687787
1722418128,15625,Comp517345,Comp118871,6,Port62684,3389,6115,8720,813295,5633120
1722418163,15830,Comp675254,Comp396858,6,Port59407,110,8483,3230,11350254,4050420
1722418396,2596,Comp387691,Comp794320,6,Port15513,443,8625,11639,5244000,14071551
1722418916,1703,Comp278057,Comp385395,6,Port34020,22,6879,1040,7353651,236080
1722419140,14271,Comp431255,Comp579118,6,Port42763,587,8722,6093,9445926,5087655
1722421893,857,Comp954988,Comp579118,6,Port48863,3389,9469,8589,5217419,8726424
1722422622,14528,Comp675254,Comp943990,6,Port44124,993,373,648,286091,675216
1722423116,17673,Comp714275,Comp663497,17,Port30258,138,4404,6168,823548,8129424
1722423387,651,Comp714275,Comp679356,6,Port1283,110,10820,816,10982300,121584
1722424508,14381,Comp147986,Comp884824,6,Port61592,587,3854,9478,3942642,6805204
1722424924,2389,Comp852902,Comp405733,6,Port45458,993,9890,5608,3481280,1003832
1722425319,5225,Comp246872,Comp834256,6,Port54971,110,6591,10376,2142075,11392848
1722425785,9849,Comp846125,Comp664505,6,Port15303,3389,3253,7891,2016860,6439056
1722425949,12242,Comp952578,Comp150536,17,Port7893,1900,4203,3802,4413150,2551142
1722425956,1624,Comp943990,Comp141961,6,Port59169,587,5814,1858,4639572,2296488
1722426224,1967,Comp721407,Comp593922,6,Port53011,143,1498,1899,194740,2421225
1722426338,5083,Comp860515,Comp993209,6,Port55117,587,3698,396,3235750,198792
1722426442,12271,Comp556450,Comp955337,6,Port29432,445,8172,3603,8760384,4431690
1722426474,7266,Comp955337,Comp235883,17,Port59426,138,10879,8753,3394248,12621826
1722426570,4960,Comp246872,Comp439536,6,Port15486,993,11404,4256,7857356,489440
1722426827,2830,Comp111156,Comp658094,6,Port49895,995,4594,1753,5600086,2015950
1722427370,17432,Comp721407,Comp405733,17,Port32919,161,9529,960,4897906,199680
1722427847,12674,Comp943258,Comp100000,6,Port11662,25,4753,5258,812763,6209698
1722428041,17745,Comp962233,Comp235883,6,Port47306,143,9681,2518,13456590,2598576
1722428219,8911,Comp100000,Comp714275,6,Port24284,587,10943,8809,2002569,11072913
1722428463,14737,Comp834256,Comp995267,6,Port11265,995,5348,4042,689892,3548876
1722428567,11517,Comp490789,Comp826274,6,Port46758,110,7208,1503,2912032,617733
1722428837,9452,Comp458510,Comp309437,17,Port50814,53,10403,3272,11828211,3451960
1722430846,8537,Comp385395,Comp627014,6,Port21882,443,1655,5313,1646725,2773386
1722431357,9002,Comp127895,Comp396858,6,Port63397,53,2962,451,1134446,38335
1722431429,7425,Comp516294,Comp405733,17,Port46829,138,7512,1337,1141824,283444
1722431866,11519,Comp122535,Comp922028,6,Port2468,143,2149,11531,3079517,15105610
1722432453,8863,Comp558739,Comp846141,6,Port22710,445,9533,4170,486183,2481150
1722432621,17472,Comp122535,Comp278057,6,Port63882,80,3197,8977,4440633,2244250
1722433056,16191,Comp562571,Comp118871,6,Port12489,22,4054,10949,2955366,1007308
1722433114,8358,Comp593707,Comp892394,6,Port62538,143,9728,1362,3142144,136200
1722433269,7129,Comp584383,Comp437739,6,Port34451,587,6324,8233,3452904,9360921
1722433364,13662,Comp834256,Comp668118,6,Port44585,80,9490,9996,4678570,2299080
1722433383,11561,Comp144583,Comp278057,6,Port45293,3389,7522,277,2015896,335447
1722435117,4173,Comp721407,Comp439536,6,Port34034,993,6171,3729,4134570,3192024
1722435785,15011,Comp293600,Comp627014,6,Port34389,445,6125,1613,6106625,566163
1722436485,12280,Comp574773,Comp257122,6,Port37623,993,9633,382,7032090,517610
1722436529,11179,Comp574773,Comp127895,6,Port42432,995,11989,3525,11701264,2661375
1722436641,14077,Comp627014,Comp516294,6,Port48608,443,292,2194,425152,1349310
1722437273,4069,Comp349447,Comp574773,6,Port29283,993,6082,10746,1319794,10971666
1722438020,14399,Comp424132,Comp329842,6,Port29130,587,9400,2848,10509200,2848000
1722438351,2196,Comp852902,Comp946215,6,Port51235,995,7720,8965,2895000,10076660
1722439269,14282,Comp493273,Comp912181,6,Port49868,25,5808,617,389136,578129
1722439796,10636,Comp943990,Comp846125,6,Port42954,110,9523,7409,5447156,10780095
1722440468,10476,Comp943990,Comp100000,6,Port30768,995,59282,8339,69597935,14010153
1722442711,13093,Comp584383,Comp679356,6,Port38093,143,1639,1831,2433915,607892
1722443137,5593,Comp955337,Comp329842,6,Port37857,22,3267,5172,1770714,1163700
1722443278,13837,Comp912181,DNS,17,Port29110,161,527,11146,612374,4458400
1722445247,461,Comp384614,Comp318192,6,Port12540,445,8425,7369,11837125,8606992
1722446325,12488,Comp231236,Comp802471,17,Port35584,161,11675,9697,6211100,12470342
1722447220,14299,Comp424132,Comp627014,6,Port29595,22,4552,5096,1370152,2369640
1722448082,63,Comp147986,Comp318192,6,Port4314,25,8787,2873,12732363,520013
1722448681,12502,Comp920919,Comp356695,6,Port62663,443,11789,5638,8346612,6151058
1722448862,13929,Comp304009,Comp393198,6,Port44035,53,4719,4851,3322176,5758137
1722449452,9399,Comp852902,Comp224037,17,Port8364,68,10587,11794,11677461,1415280
1722449824,10883,Comp255630,Comp923139,6,Port14211,110,213,5140,126735,1202760
1722450519,1069,Comp255630,Comp567603,17,Port37883,123,8132,7528,6749560,3982312
1722450787,17787,Comp562571,Comp387691,6,Port56513,993,1997,7050,2831746,5061900
1722451237,17401,Comp923139,Comp922028,6,Port32334,22,9378,4458,1031580,896058
1722451776,13762,Comp884824,Comp362609,6,Port53429,995,117,4497,130338,4065288
1722452095,273,Comp898521,Comp846125,6,Port9292,25,9993,10135,6185667,7753275
1722452102,7744,Comp118871,Comp627014,6,Port35083,443,4758,2520,3991962,2925720
1722453535,14723,Comp912181,Comp547568,17,Port54399,68,2843,4991,3889224,7142121
1722453841,12171,Comp678020,Comp802471,6,Port55674,22,6658,8003,6105386,1656621
1722454260,16283,Comp827253,Comp668118,17,Port16518,68,11876,678,7731276,474600
1722455452,11087,Comp993209,Comp517345,17,Port44298,53,1927,8130,2813420,10105590
1722455901,12848,Comp827253,Comp100000,6,Port3584,587,3721,9992,3434483,529576
1722456012,6073,Comp118871,Comp723487,6,Port10136,995,7678,5308,2019314,6799548
1722456519,14631,Comp516294,Comp731825,6,Port59097,53,1125,6995,190125,4329905
1722456830,9603,Comp714275,Comp349447,6,Port48812,110,11450,5839,6251700,6995122
1722457096,14401,Comp654038,Comp584383,17,Port14374,161,6283,7991,6835904,7327747
1722458194,3679,Comp803281,Comp846141,17,Port65265,1900,11885,608,7772790,856064
1722458889,4829,Comp122535,Comp675254,17,Port65063,53,4982,7408,1424852,1918672
1722459395,1581,Comp834256,Comp393198,6,Port3667,80,9998,5473,14767046,7186049
1722459401,12150,Comp678020,Comp573916,6,Port2679,445,3971,428,1306459,370648
1722459439,13194,Comp329480,Comp562571,6,Port16824,993,5327,9604,862974,11150244
1722459480,5107,Comp150536,Comp573916,17,Port52244,138,4162,1821,2480552,2126928
1722459979,6914,Comp207492,Comp255630,6,Port39585,143,6569,7097,1333507,6280845
1722460177,10250,Comp955337,Comp141961,6,Port34093,995,2680,10202,2422720,7141400
1722460568,13603,Comp517345,Comp860515,6,Port27809,53,6040,11048,4077000,13478560
1722461754,5453,Comp329842,Comp349447,6,Port31967,995,10080,7538,14031360,5864564
1722462014,8790,Comp898521,Comp593707,6,Port42154,80,1868,8598,536116,12578874
1722462230,3339,Comp304009,Comp231236,6,Port5138,80,9514,7017,4110048,7108221
1722462558,14576,Comp714633,Comp328683,17,Port38854,68,10253,9331,10652867,9051070
1722465496,15721,Comp993209,Comp349447,6,Port15270,445,419,11710,443302,10421900
1722466853,13313,Comp362609,Comp329480,6,Port51858,143,8109,5500,4589694,2167000
1722467399,14678,Comp257122,Comp228954,6,Port13629,80,5822,4955,8063470,5614015
1722468231,13754,Comp293600,Comp923139,6,Port5598,143,7655,2081,9760125,834481
1722468908,15042,Comp744581,BackupServer,6,Port29069,993,3536,11751,3299088,11022438
1722468981,7728,Comp723487,Comp141961,6,Port29449,25,2644,10946,2993008,13157092
1722469915,3699,Comp558739,Comp803281,6,Port34477,53,3445,8475,2831790,5915550
1722469940,17301,Comp593707,Comp885616,6,Port56507,80,1838,7910,1336226,11738440
1722469975,43,Comp679356,Comp499855,6,Port46172,143,4866,2456,4067976,682768
1722470060,7295,Comp664505,Comp349447,6,Port24426,993,10476,10913,13335948,3786811
1722470111,13073,Comp278057,Comp111156,6,Port47899,53,9343,695,588609,334990
1722470112,14276,Comp424132,Comp782474,6,Port33524,993,2153,7410,402611,10788960
1722470173,12340,Comp516294,Comp118871,6,Port15459,995,6697,3042,4908901,2491398
1722470560,8813,Comp304009,Comp324834,6,Port2416,143,885,5453,785880,2350243
1722470572,16604,Comp231236,Comp293600,6,Port1281,3389,715,1141,215930,1653309
1722470708,4232,Comp324834,Comp692997,6,Port15485,995,7507,1616,6928961,1037472
1722472179,2558,Comp431255,Comp100000,6,Port53864,993,3630,4523,272250,1940367
1722473942,11320,Comp439536,Comp405733,6,Port30935,110,8452,4772,3372348,6513780
1722475096,5769,Comp679356,Comp147986,6,Port30167,80,1871,10578,1330281,2803170
1722476265,8444,Comp405733,Comp593707,6,Port26762,995,1436,7170,160832,10353480
1722476792,8224,Comp437739,Comp493273,6,Port17537,143,8580,375,8279700,39750
1722476975,4753,Comp198162,Comp490789,6,Port47127,22,2483,11169,2038543,9683523
1722477200,17972,Comp516294,Comp100000,6,Port1847,587,698,7325,603770,6519250
1722478072,6886,Comp100000,Comp278057,6,Port40497,110,9465,9951,7467885,14200077
1722479239,12067,Comp664505,Comp235883,6,Port61466,3389,8465,11088,8879785,15489936
1722480470,2879,Comp595110,Comp278057,6,Port57812,995,11155,6157,11088070,7813233
1722483167,17839,Comp118871,Comp329480,17,Port24848,68,7188,2151,7209564,2961927
1722484248,17766,Comp187068,Comp802471,6,Port56166,995,5718,5375,2001300,7009000
1722484471,1244,Comp122535,Comp923139,6,Port16353,3389,8045,8240,8390935,6493120
1722484585,11577,Comp111156,WebServer,6,Port16585,993,9504,399,2870208,521493
1722484969,10703,Comp387691,Comp517345,6,Port23182,80,7550,11352,536050,13236432
1722485417,3124,Comp714275,Comp664505,6,Port2161,587,3833,4214,5623011,2541042
1722485685,13850,Comp593922,Comp235883,6,Port18158,995,10677,7915,3203100,10487375
1722485976,13762,Comp714275,Comp802471,6,Port56147,993,8439,11775,1729995,989100
1722486099,15194,Comp118871,Mail,17,Port50206,161,10527,10384,5074014,1972960
1722486270,10834,Comp147986,Comp558739,17,Port22256,123,6687,8892,10023813,2489760
1722486589,12730,Comp714275,Comp826274,6,Port21180,110,5399,3585,7024099,2939700
1722487495,13006,Comp995267,Comp954988,17,Port23416,1900,10118,6296,11038738,931808
1722487523,13813,Comp558739,Comp364557,17,Port8698,500,7339,6016,2304446,2213888
1722487735,10521,Comp912181,Comp493273,6,Port11242,143,9311,10347,8919938,4066371
1722487821,13404,Comp224037,Comp207492,6,Port65067,53,10679,477,13402145,187938
1722487911,1089,Comp898521,Comp549343,6,Port45731,445,3410,276,1827760,33120
1722488160,11118,Comp721407,Comp955337,6,Port44733,80,2316,1418,968088,520406
1722489057,3659,Comp437739,Comp654763,6,Port19094,445,1794,11491,2342964,5102004
1722489192,7327,Comp336148,Comp584383,6,Port56243,110,7199,6486,1662969,7439442
1722489597,13837,Comp490789,Comp424132,6,Port12426,995,9692,8396,13258656,7548004
1722489759,2049,Comp898521,Comp562571,6,Port63515,995,11714,1134,8656646,565866
1722489823,13578,Comp946215,Comp782474,6,Port33498,143,394,159,430642,38955
1722489841,4672,Comp654763,Comp228954,6,Port22365,587,20,7802,11660,6155778
1722489943,13570,Comp692997,Comp663497,6,Port49434,22,8148,8466,8767248,4233000
1722490404,13799,Comp329480,Comp952578,17,Port27938,137,3235,5126,4496650,5418182
1722490711,274,Comp562571,Comp912181,6,Port18416,53,5711,997,4340360,365899
1722490928,4208,Comp846125,Comp114833,6,Port45126,995,945,5875,329805,8783125
1722491045,14492,Comp744581,Comp387691,17,Port47604,67,904,7675,138312,1366150
1722491683,6158,Comp922028,Comp966362,6,Port39941,53,6337,2561,8814767,3221738
1722492267,7904,Comp794320,Comp593707,17,Port30826,161,8263,3610,12377974,3707470
1722492336,282,Comp593707,Comp558739,6,Port22235,587,10635,8960,10528650,9157120
1722492911,12486,Comp593707,Comp668118,6,Port27072,995,5795,2545,359290,3417935
1722493085,1680,Comp207492,Comp802471,6,Port57431,587,7747,1189,10311257,831111
1722493238,4898,Comp324834,Comp364557,6,Port24217,22,10321,7536,7874923,8176560
1722493911,8583,Comp593922,Comp349447,6,Port63419,445,5182,277,1974342,224647
1722494022,13851,Comp278057,Comp304009,6,Port10415,110,2504,5208,1442304,5405904
1722494370,8969,Comp304009,Comp562571,17,Port11521,53,9905,6834,14015575,5788398
1722494666,17681,Comp627014,Comp405733,6,Port22482,993,28,774,32844,1141650
1722495097,9401,Comp995267,Comp458510,6,Port1216,993,3312,7838,3017232,4013056
1722495120,4564,Comp114833,Comp892394,6,Port57746,110,1566,9868,1744524,10923876
1722496469,3436,Comp860515,Comp356695,6,Port22983,80,7722,11682,9860994,3294324
1722496583,14115,Comp431255,Comp946215,6,Port7614,993,3236,3193,3093616,344844
1722496643,8273,Comp955337,Comp231236,6,Port40927,25,4132,3926,2057736,4185116
1722496645,10889,Comp424132,Comp678020,6,Port62845,25,7827,7418,1166223,2655644
1722496756,6663,Comp187068,Comp329480,6,Port65132,22,3555,7191,778545,445842
1722497599,4916,Comp150536,Comp328683,6,Port7958,443,4352,7312,1675520,7092640
1722499655,10797,Comp437739,Comp721407,6,Port52175,22,5990,3775,6960380,3522075
1722500032,5299,Comp794320,Comp278057,17,Port24379,138,1419,673,251163,654829
1722501409,17998,Comp593922,Comp912181,6,Port54970,53,11222,299,2524950,209898
1722502250,13169,Comp943258,Comp918279,6,Port40138,995,65829,11967,76756743,2635367
1722502358,14752,Comp424132,Comp675254,6,Port48229,143,8556,4876,5338944,282808
1722504397,5118,Comp654763,Comp952578,17,Port55074,67,1299,5371,293574,1455541
1722504473,528,Comp278057,Comp393198,6,Port58785,587,5669,7513,7443397,4425157
1722504925,861,Comp884824,Comp111156,6,Port10286,110,4262,2464,6188424,3627008
1722505950,15461,Comp493273,Comp846141,6,Port47719,80,1997,4583,1549672,5004636
1722506421,15731,Comp499855,Comp654763,6,Port10126,445,10519,5240,2145876,4155320
1722506790,12231,Comp257122,Comp499855,6,Port61918,3389,4980,1139,4760880,1623075
1722507785,10601,Comp744581,Comp803281,6,Port41561,3389,7831,7236,10164638,10007388
1722508001,3766,Comp744581,Comp638936,6,Port13452,143,8293,2325,12016557,448725
1722509367,13652,Comp384614,Comp246872,6,Port19909,995,3838,36,3369764,29232
1722509564,9293,Comp387691,Comp224037,17,Port58806,137,4184,7451,5932912,10640028
1722509733,10858,Comp954988,Comp918279,6,Port42602,995,11644,3601,14601576,1123512
1722509860,432,Comp100000,Comp387691,6,Port15814,3389,9895,8613,2721125,2325510
1722510300,9296,Comp654038,Comp723487,6,Port53961,443,6013,6435,5802545,3552120
1722511006,12486,Comp437739,Comp293600,6,Port47363,443,6403,348,6473433,505992
1722512105,13859,Comp721407,Comp235883,6,Port5983,443,98,8333,113876,3016546
1722512435,2619,Comp329480,Mail,6,Port19298,22,2451,488,1997565,471896
1722512451,579,Comp627014,Comp187068,6,Port55504,995,74,3759,81844,1597575
1722512615,15401,Comp795264,Comp336148,6,Port23656,587,9671,8232,8636203,9178680
1722512836,5614,Comp118871,Comp679356,6,Port3448,995,11292,4846,4731348,6488794
1722512969,8511,Comp329842,Comp744581,6,Port39982,25,1946,4619,1451716,457281
1722513647,11294,Comp405733,Comp499855,6,Port59009,993,3374,2654,4740470,1565860
1722513760,8845,Comp826274,Comp549343,6,Port36920,110,4227,5326,5368290,4713510
1722514233,16991,Comp731825,Comp144583,6,Port63963,993,9744,3516,9539376,1075896
1722514762,15161,Comp235883,Comp141961,17,Port8386,161,4887,11354,2487483,10979318
1722514850,7086,Comp328683,Comp356695,6,Port44082,995,523,8248,175205,4717856
1722515158,3439,Comp721407,Comp228954,17,Port42939,67,7030,10906,3205680,992446
1722515948,17555,Comp516294,Comp396858,6,Port64520,25,1763,4047,856818,3808227
1722516049,12748,Comp972911,Comp393198,6,Port34644,80,7742,11400,11179448,1083000
1722516080,13595,Comp846141,Comp516294,6,Port54052,80,10281,3355,8409858,1117215
1722516533,8352,Comp654038,Comp396858,6,Port10404,443,812,3708,495320,1034532
1722516691,8728,Comp517345,Comp595110,6,Port3886,3389,11929,3582,15829783,408348
1722517182,3273,Comp393198,WebServer,6,Port47245,587,7958,7074,4599724,4527360
1722517202,7725,Comp314473,Comp663497,6,Port1269,443,624,7351,750672,9651863
1722517333,9766,Comp834256,Comp584383,17,Port57461,137,2640,779,2576640,378594
1722517737,2330,Comp972911,Comp111156,6,Port2365,53,2012,6729,965760,2617581
1722518031,11437,Comp439536,Comp424132,6,Port45442,445,10604,11433,15290968,13925394
1722518915,11073,Comp278057,Comp593707,6,Port30177,443,8675,4882,9065375,6868974
1722518974,15136,Comp246872,Comp517345,6,Port42663,53,4475,8395,6640900,4021205
1722519605,943,Comp912181,Comp141961,17,Port41239,123,6354,7587,266868,819396
1722520321,4062,Comp130485,Comp588967,6,Port29685,995,4181,11759,1877269,13522850
1722522328,7723,Comp946215,Comp658094,17,Port32084,68,4872,7713,2557800,7635870
1722522797,15838,Comp122535,Comp309437,6,Port33497,995,7657,5649,7840768,8450904
1722523067,4279,Comp187068,Comp558739,6,Port44707,993,1024175,157,711801675,11778338
1722524482,17498,Comp556450,Comp257122,6,Port46844,143,9116,9647,1978172,13476859
1722525689,17213,Comp675254,Comp150536,6,Port30028,22,11345,4068,2949700,1086156
1722526138,1708,Comp246872,Comp304009,6,Port23764,3389,11688,11099,11980200,3107720
1722527602,6539,Comp795264,Comp278057,6,Port3769,143,2068,2931,1147740,2963241
1722527798,4660,Comp314473,Comp782474,6,Port51292,445,4941,5247,5237460,5934357
1722528615,8807,Comp593707,Comp782474,17,Port15614,137,3183,9949,130503,6019145
1722528743,16638,Comp405733,Comp654038,6,Port29034,995,7619,1821,6125676,1218249
1722528813,6759,Comp118871,Comp664505,6,Port65060,995,3892,3305,284116,1973085
1722528871,11933,Comp309437,Comp246872,6,Port51654,3389,4736,9503,6763008,1035827
1722529107,2470,Comp114833,Comp664505,6,Port23336,53,1663,3807,420739,5029047
1722529526,10264,Comp573916,Comp127895,17,Port31662,161,6719,11491,2008981,15673724
1722530028,6347,Comp567603,Comp827253,6,Port21975,445,6435,6453,1209780,9227790
1722530124,16520,Comp723487,Comp731825,6,Port41420,25,6619,9902,2389459,7683952
1722530932,14022,Comp588967,Comp349447,6,Port10880,443,4096,6568,3092480,1891584
1722531158,3873,Comp567603,Comp654038,6,Port62480,143,9070,542,8534870,340918
1722531513,11181,Comp558739,Comp584383,6,Port64706,445,7294,9731,9876076,10100778
1722531629,6158,Comp567603,Comp198162,6,Port20284,445,2119,5037,2799199,1475841
1722531642,7874,Comp556450,Comp364557,6,Port15891,443,4414,4655,719482,1233575
1722532751,8327,Comp207492,Comp826274,6,Port35811,587,7928,8836,5264192,13147968
1722532883,14770,Comp922028,Comp723487,6,Port42752,587,1397,3373,1828673,306943
1722534760,5223,Comp588967,Comp131751,6,Port42544,445,4227,5136,1187787,4689168
1722535094,75,Comp405733,Comp304009,6,Port3736,445,10471,7298,10628065,1882884
1722535505,3472,Comp231236,Comp731825,6,Port46893,587,5301,7118,3514563,505378
1722536619,14878,Comp918279,Comp490789,6,Port5312,25,6116,8739,1749176,8441874
1722537189,5340,Comp122535,Comp678020,17,Port23085,53,8177,986,1063010,303688
1722537295,1072,Comp966362,Comp328683,6,Port47263,110,3862,11911,1788106,13102100
1722537902,7207,Comp678020,Comp328683,6,Port58251,443,9917,7297,406597,9070171
1722538150,15665,Comp593922,Comp588967,6,Port41999,443,197,7419,63631,5786820
1722539047,15717,Comp847313,Comp362609,6,Port11328,3389,5672,10591,4764480,2997253
1722539912,17056,Comp144583,Comp638936,6,Port44902,80,7174,5888,8551408,8413952
1722540104,12309,Comp304009,Comp678020,6,Port3413,110,2869,364,2229213,212212
1722540230,14745,Comp846125,WebServer,6,Port15924,993,9390,1596,10310220,1843380
1722540281,13914,Comp884824,Comp304009,6,Port9006,445,954,11369,141192,3649449
1722540690,353,Comp556450,Comp852902,6,Port64561,80,7801,11843,3775684,3256825
1722540723,7524,Comp943990,Comp892394,6,Port24787,110,7600,1006,7607600,1030144
1722541482,9472,Comp892394,Comp147986,6,Port37045,993,9452,8219,1124788,2819117
1722542288,8349,Comp679356,Comp664505,6,Port52026,995,2485,7927,2216620,6476359
1722542764,14918,Comp579118,Comp549343,17,Port63571,500,1860,1980,531960,1801800
1722543755,17678,Comp141961,Comp668118,6,Port65245,110,6966,9448,4541832,2059664
1722544841,9810,Comp721407,Comp314473,6,Port11614,993,11660,5516,11181940,2901416
1722545026,1734,Comp922028,WebServer,17,Port26437,137,9419,2766,13940120,890652
1722545718,6479,Comp802471,Comp309437,6,Port27157,53,2536,6723,433656,275643
1722546294,3559,Comp658094,Comp396858,6,Port52390,25,4895,10861,4126485,15476925
1722547257,8473,Comp255630,Comp549343,6,Port22679,443,3202,2602,2635246,195150
1722547902,4215,Comp293600,Comp228954,6,Port15944,143,9358,7425,1235256,9281250
1722548205,1453,Comp246872,Comp955337,6,Port49735,80,6148,8789,5742232,5581015
1722549017,3088,Comp362609,Comp490789,6,Port32965,25,5250,7502,787500,3330888
1722549310,8934,Comp668118,Comp516294,6,Port49251,445,63,7804,65772,6274416
1722550508,2547,Comp922028,Comp627014,17,Port25532,53,7604,8708,2608172,11990916
1722551008,502,Comp278057,Comp574773,6,Port32411,53,5309,2804,1183907,2784372
1722551623,5047,Comp228954,Comp574773,6,Port1612,445,476,1219,68544,191383
1722551917,11594,Comp437739,Comp324834,6,Port2065,993,2349,11877,1670139,13706058
1722552001,11354,Comp516294,WebServer,6,Port1046,443,8717,3835,3347328,4425590
1722552026,7028,Comp393198,Comp405733,6,Port12326,443,8988,11384,6435408,16552336
1722552086,11940,Comp593707,Comp111156,6,Port23450,53,5925,3221,7980975,1075814
1722552211,3444,Comp431255,Comp396858,6,Port4266,3389,9093,3186,11448087,4027104
1722552271,13006,Comp847313,Comp493273,17,Port11394,500,8860,299,10056100,173420
1722552515,313,Comp993209,Comp952578,6,Port55666,587,7389,5301,5349636,2963259
1722552807,2433,Comp293600,Comp349447,6,Port56154,995,2502,11339,507906,10930796
1722553241,16598,Comp827253,Comp744581,6,Port19717,445,5060,10737,3202980,8804340
1722554041,8421,Comp918279,Comp802471,6,Port62082,445,9796,3656,695516,1371000
1722554145,10014,Comp318192,Comp847313,6,Port8631,993,3723,4875,819060,1730625
1722554520,7153,Comp231236,Comp723487,6,Port3049,22,7921,8034,3802080,7945626
1722554729,11645,Comp255630,Comp127895,6,Port23872,53,9929,11457,10455237,16658478
1722554930,13464,Comp852902,Comp860515,6,Port18102,53,6399,7248,7621209,2718000
1722555715,14028,Comp593922,Comp278057,17,Port6010,137,6085,2404,5744240,1973684
1722555789,4485,Comp314473,Comp231236,6,Port55694,53,2252,4274,936832,2081438
1722556187,11279,Comp458510,Comp111156,6,Port64172,110,5958,8688,6470388,3509952
1722557341,14119,Comp588967,Comp573916,6,Port18467,143,502,282,749988,338682
1722557348,7436,Comp744581,Comp943258,6,Port21345,587,1362,7194,1359276,7891818
1722557557,6876,Comp131751,Comp852902,17,Port47368,67,6503,9230,7484953,6820970
1722557744,11296,Comp490789,Mail,6,Port61217,22,2621,4154,3451857,3123808
1722558288,10328,Comp255630,Comp393198,6,Port19529,587,4169,6466,4519196,4274026
1722558786,4546,Comp100000,Comp493273,17,Port45068,53,4326,8613,5710320,12876435
1722559114,17241,Comp794320,Comp972911,6,Port2516,25,5679,7142,2680488,10148782
1722559982,10104,Comp228954,Comp955337,6,Port37544,445,8386,290,4100754,43210
1722560218,10160,Comp255630,BackupServer,6,Port64707,80,5353,7026,1573782,8649006
1722560820,3701,Comp952578,Comp118871,6,Port31699,143,10143,2770,3103758,1465330
1722560953,12156,Comp111156,Comp364557,6,Port42410,3389,5786,8879,4900742,8816847
1722561258,16513,Comp130485,Comp198162,17,Port45368,67,11914,3135,16584288,4436025
1722561888,13070,Comp846125,Comp362609,6,Port41814,995,11993,11738,4353459,7688390
1722562461,9172,Comp573916,Comp892394,6,Port45296,143,5129,1409,5544449,1004617
1722563726,11458,Comp255630,Comp579118,6,Port58227,3389,9186,10687,1405458,10195398
1722563832,4209,Comp349447,Comp364557,6,Port1702,995,5438,407,7923166,201465
1722563943,1090,Comp235883,Comp668118,6,Port58091,993,10501,8195,8474307,3474680
1722564815,11513,Comp995267,Comp324834,6,Port59586,53,9192,4235,7031880,3908905
1722565260,3272,Comp293600,Comp744581,6,Port59343,993,4061,2344,2294465,803992
1722565621,1626,Comp362609,Comp349447,6,Port24762,110,3855,2619,5566620,2645190
1722566800,13947,Comp458510,Comp318192,6,Port38634,995,10569,462,6890988,186648
1722566913,7812,Comp309437,Comp246872,6,Port23814,3389,6486,1594,1420434,278950
1722567052,15359,Comp439536,Comp364557,6,Port55234,445,8337,4704,7194831,879648
1722567086,15587,Comp349447,Comp228954,6,Port27253,995,8124,1887,7319724,788766
1722567359,2213,Comp517345,Comp304009,6,Port21216,443,1991,11617,2247839,2195613
1722568001,13821,Comp574773,Comp782474,17,Port45232,123,2835,9915,2168775,4868265
1722568178,6028,Comp147986,Comp654038,6,Port4208,995,10804,5667,4840192,3683550
1722569306,12662,Comp966362,Comp567603,6,Port25281,443,3355,1138,144265,452924
1722569664,794,Comp364557,Comp654763,6,Port14331,22,10421,11834,15423080,9692046
1722569900,8471,Comp207492,Comp114833,6,Port25140,22,4274,8698,1371954,5210102
1722570679,11315,Comp130485,Comp314473,17,Port29973,137,10159,2198,5607768,342888
1722570765,8044,Comp946215,Comp314473,6,Port5118,3389,6932,647,1830048,341616
1722571372,9931,Comp962233,Comp943990,6,Port56805,587,1192,7436,456536,423852
1722572134,204,Comp246872,Comp892394,6,Port27902,143,3245,487,415360,539109
1722572237,133,Comp405733,BackupServer,6,Port24171,80,11432,7371,6127552,5056506
1722572989,10801,Comp573916,Comp993209,17,Port10667,67,2498,5306,3557152,4849684
1722573358,7488,Comp658094,DNS,17,Port65264,67,2731,10565,999546,2609555
1722573849,10386,Comp396858,Comp892394,6,Port56219,80,1794,4582,2599506,3051612
1722574075,6473,Comp349447,Comp114833,6,Port32111,25,7315,5374,7058975,6561654
1722574811,96,Comp860515,Comp593922,6,Port22603,443,9711,6548,13022451,2173936
1722575210,12604,Comp437739,Comp278057,6,Port31182,53,11234,11797,10616130,17412372
1722575263,2467,Comp952578,Comp362609,17,Port63011,500,10631,8431,15765773,5513874
1722576649,14129,Comp130485,Comp111156,6,Port15306,80,10606,8032,8962070,1919648
1722577145,224,Comp516294,Comp349447,17,Port45184,161,10856,3717,13591712,1126251
1722577885,16719,Comp362609,DNS,6,Port59314,443,6813,5799,640422,4140486
1722577954,4557,Comp962233,Comp918279,6,Port49804,143,9859,2332,13802600,3334760
1722578266,16068,Comp122535,Comp912181,6,Port57159,445,7617,4699,502722,3420872
1722578560,70,Comp573916,Comp847313,6,Port62165,443,1648,9865,540544,2890445
1722578584,8103,Comp846125,Comp384614,6,Port4894,143,293,1194,327574,723564
1722579064,7513,Comp852902,Comp255630,6,Port16438,995,1173,1983,486795,2564019
1722579515,2958,Comp884824,Comp198162,6,Port10340,587,4149,7029,419049,10381833
1722580243,8575,Comp147986,Comp912181,6,Port37621,53,5990,9581,7775020,8986978
1722580622,3874,Comp995267,Comp111156,6,Port27308,993,7661,11700,6036868,15256800
1722581860,7868,Comp293600,Comp547568,17,Port3651,1900,6257,7045,4630180,8616035
1722581909,6743,Comp231236,Comp675254,6,Port36994,22,4396,7883,2202396,5194897
1722583342,3589,Comp314473,Comp562571,6,Port7524,143,8794,3472,9550284,4642064
1722583387,14195,Comp437739,Comp118871,6,Port27300,110,10335,4918,5157165,732782
1722583564,9424,Comp692997,Comp993209,6,Port24673,993,2675,3771,2300500,4574223
1722584313,15091,Comp692997,Comp782474,17,Port58671,500,3140,1308,722200,1161504
1722585607,14653,Comp198162,Comp393198,6,Port45053,22,11171,4447,5429106,4002300
1722585727,4725,Comp111156,Comp943258,6,Port41292,143,11646,2610,931680,3667050
1722585953,5242,Comp490789,Comp846125,6,Port54678,993,3719,7092,1692145,3042468
1722586888,17127,Comp309437,Comp314473,6,Port12670,587,6113,9044,3643348,2966432
1722587350,5627,Comp349447,Comp827253,6,Port17565,443,6934,11755,7849288,11790265
1722588395,1706,Comp131751,Comp318192,6,Port49558,445,7617,10562,9445080,11850564
1722588583,9771,Comp846141,Comp679356,6,Port49348,443,10370,3819,8461920,179493
1722588742,17400,Comp207492,Comp678020,17,Port2402,67,1270,11263,1766570,8661247
1722588963,4208,Comp912181,Comp336148,6,Port15493,443,6281,11302,3542484,6679482
1722588966,11476,Comp118871,Comp127895,6,Port15674,443,2598,6042,1977078,7467912
1722589679,6080,Comp668118,Comp329842,6,Port1414,22,9042,2461,8499480,3179612
1722589977,6930,Comp588967,Comp692997,6,Port43686,587,7158,9330,2133084,2257860
1722590501,8144,Comp224037,Comp228954,6,Port4534,53,8988,1355,5869164,1201885
1722591391,2579,Comp922028,Comp860515,6,Port55302,22,10864,4333,14698992,4740302
